global_schedule_index,segment,scenario_id,realisation,source_key_hex,arm,mean_loss_2000,adaptation_apw_total,construction_apw_total,prediction_time_ns_total,state_snapshot_bytes,provenance_event_bytes,provenance_event_count,total_apw,process_cpu_ns_total,elapsed_ns_total,process_cpu_seconds,elapsed_seconds,prediction_ns_per_prediction,peak_rss_bytes,peak_rss_mib,state_snapshot_mib,provenance_mib
0,R4,LOCAL_TREE-ABRUPT-MILD,0,8f2ae83afa1a570d,CHAMPION-RESEED,0.14300000000000002,65312520.0,15.0,1242660.5,3058410.0,273625273.5,402703.5,65312535.0,12121946500.0,11525086822.5,12.1219465,11.5250868225,621.33025,333912064.0,318.443359375,2.916727066040039,260.9493956565857
0,R4,LOCAL_TREE-ABRUPT-MILD,0,8f2ae83afa1a570d,PERSIST,0.16,65312520.0,0.0,1183597.0,1780657.0,183949137.5,311190.0,65312520.0,10592037000.0,10134515336.5,10.592037,10.1345153365,591.7985,327931904.0,312.740234375,1.698166847229004,175.4275679588318
0,R4,LOCAL_TREE-ABRUPT-MILD,0,8f2ae83afa1a570d,POPULATION-RESEED,0.15400000000000003,65312520.0,1961.0,1202349.5,2892279.0,270730955.5,389266.5,65314481.0,11834876500.0,11312556690.5,11.8348765,11.3125566905,601.17475,340498432.0,324.724609375,2.7582921981811523,258.1891589164734
1,R4,LOCAL_TREE-ABRUPT-MILD,1,cb3b07306b3d2e5e,CHAMPION-RESEED,0.14200000000000002,65312520.0,12.0,1222055.5,2211330.0,227166904.0,338265.5,65312532.0,11324272500.0,10686992380.0,11.3242725,10.68699238,611.02775,376750080.0,359.296875,2.108888626098633,216.64324188232422
1,R4,LOCAL_TREE-ABRUPT-MILD,1,cb3b07306b3d2e5e,PERSIST,0.14200000000000002,65312520.0,0.0,1304996.5,1582599.5,172988350.5,294067.0,65312520.0,10621256500.0,9962073955.0,10.6212565,9.962073955,652.49825,360310784.0,343.619140625,1.509284496307373,164.97454690933228
1,R4,LOCAL_TREE-ABRUPT-MILD,1,cb3b07306b3d2e5e,POPULATION-RESEED,0.13224999999999998,65312520.0,1768.0,6764433.0,2383090.5,224397283.0,325950.0,65314288.0,11172271500.0,10555081828.0,11.1722715,10.555081828,3382.2165,376750080.0,359.296875,2.2726922035217285,214.00192546844482
2,R4,LOCAL_TREE-ABRUPT-MILD,2,3fbfaf24ffcac63f,CHAMPION-RESEED,0.161,65312520.0,14.0,1343929.5,2807128.5,265781828.0,392326.0,65312534.0,12205602000.0,11551138255.5,12.205602,11.5511382555,671.96475,307150848.0,292.921875,2.677086353302002,253.46930313110352
2,R4,LOCAL_TREE-ABRUPT-MILD,2,3fbfaf24ffcac63f,PERSIST,0.1665,65312520.0,0.0,1269654.0,1710767.5,179143833.5,305463.0,65312520.0,10666966000.0,10083043802.5,10.666966,10.0830438025,634.827,294520832.0,280.876953125,1.6315150260925293,170.84487295150757
2,R4,LOCAL_TREE-ABRUPT-MILD,2,3fbfaf24ffcac63f,POPULATION-RESEED,0.1645,65312520.0,1936.0,1187031.5,2151634.5,228189009.5,331211.5,65314456.0,11356766000.0,10731329258.5,11.356766,10.7313292585,593.51575,309876736.0,295.521484375,2.0519585609436035,217.6179976463318
3,R4,LOCAL_TREE-ABRUPT-MILD,3,4a095eb338e9fc87,CHAMPION-RESEED,0.158,65312520.0,13.0,1174594.5,2101103.0,241323487.0,358768.0,65312533.0,11408889000.0,10901176649.5,11.408889,10.9011766495,587.29725,366569472.0,349.587890625,2.003767967224121,230.14401149749756
3,R4,LOCAL_TREE-ABRUPT-MILD,3,4a095eb338e9fc87,PERSIST,0.15925,65312520.0,0.0,1164570.0,1939331.5,192434553.0,324812.5,65312520.0,10797185000.0,10286750086.5,10.797185,10.2867500865,582.285,361680896.0,344.92578125,1.8494906425476074,183.51989078521729
3,R4,LOCAL_TREE-ABRUPT-MILD,3,4a095eb338e9fc87,POPULATION-RESEED,0.16075,65312520.0,1932.0,6051198.5,2183904.5,223169907.0,324081.0,65314452.0,10958086500.0,10470325986.5,10.9580865,10.4703259865,3025.59925,367527936.0,350.501953125,2.082733631134033,212.8314085006714
4,R4,LOCAL_TREE-ABRUPT-MILD,4,c80c51e322fb43ad,CHAMPION-RESEED,0.16175,65312520.0,12.0,1160751.0,1885964.0,221022583.5,329839.5,65312532.0,11102556000.0,10566983686.5,11.102556,10.5669836865,580.3755,306214912.0,292.029296875,1.7985954284667969,210.7835612297058
4,R4,LOCAL_TREE-ABRUPT-MILD,4,c80c51e322fb43ad,PERSIST,0.161,65312520.0,0.0,7198290.0,1764214.0,175258224.0,298145.0,65312520.0,10648385500.0,10051075251.0,10.6483855,10.051075251,3599.145,283643904.0,270.50390625,1.682485580444336,167.13926696777344
4,R4,LOCAL_TREE-ABRUPT-MILD,4,c80c51e322fb43ad,POPULATION-RESEED,0.15875,65312520.0,1783.0,1208793.0,1957610.0,204931136.5,299740.5,65314303.0,10646897000.0,10181164793.0,10.646897,10.181164793,604.3965,315115520.0,300.517578125,1.866922378540039,195.4375615119934
5,R4,LOCAL_TREE-ABRUPT-MILD,5,8f6c8c9e68efedf0,CHAMPION-RESEED,0.1615,65312520.0,16.0,1323340.0,2174236.5,240523075.5,355218.5,65312536.0,11683597000.0,11077289046.5,11.683597,11.0772890465,661.67,314705920.0,300.126953125,2.0735135078430176,229.38067960739136
5,R4,LOCAL_TREE-ABRUPT-MILD,5,8f6c8c9e68efedf0,PERSIST,0.159,65312519.5,0.0,1243127.0,1778445.0,189700244.5,320226.0,65312519.5,10993402500.0,10363371191.0,10.9934025,10.363371191,621.5635,303464448.0,289.40625,1.6960573196411133,180.912250995636
5,R4,LOCAL_TREE-ABRUPT-MILD,5,8f6c8c9e68efedf0,POPULATION-RESEED,0.16075,65312520.0,2090.0,1191636.0,2147798.5,229766920.0,332542.0,65314610.0,11212012500.0,10644235442.5,11.2120125,10.6442354425,595.818,315316224.0,300.708984375,2.048300266265869,219.12281036376953
6,R4,LOCAL_TREE-ABRUPT-MILD,6,710575c1949242da,CHAMPION-RESEED,0.17275000000000001,65312520.0,11.0,1249609.5,1899610.0,214933172.0,322809.5,65312531.0,11079037500.0,10471723835.5,11.0790375,10.4717238355,624.80475,277254144.0,264.41015625,1.8116092681884766,204.97624588012695
6,R4,LOCAL_TREE-ABRUPT-MILD,6,710575c1949242da,PERSIST,0.178,65312520.0,0.0,1289540.0,1783948.5,172198747.5,293535.5,65312520.0,10610405000.0,9945401581.5,10.610405,9.9454015815,644.77,260481024.0,248.4140625,1.701305866241455,164.22152280807495
6,R4,LOCAL_TREE-ABRUPT-MILD,6,710575c1949242da,POPULATION-RESEED,0.17099999999999999,65312520.0,1617.0,1162130.0,2161633.5,198123618.5,290844.0,65314137.0,10649761000.0,10050708721.5,10.649761,10.0507087215,581.065,286627840.0,273.349609375,2.0614943504333496,188.94540643692017
7,R4,LOCAL_TREE-ABRUPT-MILD,7,1531ad51d956ace2,CHAMPION-RESEED,0.15675,65312520.0,13.0,1192384.5,1940662.5,223312000.5,333505.5,65312533.0,11733202000.0,11046734507.5,11.733202,11.0467345075,596.19225,297924608.0,284.123046875,1.8507599830627441,212.96691942214966
7,R4,LOCAL_TREE-ABRUPT-MILD,7,1531ad51d956ace2,PERSIST,0.14475,65312520.0,0.0,1342267.5,2146072.0,190744737.0,320975.0,65312520.0,11435989000.0,10661427953.0,11.435989,10.661427953,671.13375,280719360.0,267.71484375,2.0466537475585938,181.90835666656494
7,R4,LOCAL_TREE-ABRUPT-MILD,7,1531ad51d956ace2,POPULATION-RESEED,0.15575,65312520.0,1782.0,1265357.5,2675480.5,238317679.5,345130.5,65314302.0,12456140500.0,11721317022.5,12.4561405,11.7213170225,632.67875,320108544.0,305.279296875,2.551537036895752,227.27745008468628
8,R4,LOCAL_TREE-ABRUPT-MILD,8,be4e11ae2f5392a7,CHAMPION-RESEED,0.161,65312520.0,13.0,1272394.0,1933076.5,235328704.5,349750.5,65312533.0,11375188500.0,10795345200.5,11.3751885,10.7953452005,636.197,299450368.0,285.578125,1.8435254096984863,224.4269413948059
8,R4,LOCAL_TREE-ABRUPT-MILD,8,be4e11ae2f5392a7,PERSIST,0.1595,65312520.0,0.0,1268376.5,1983273.5,195426964.5,330035.5,65312520.0,11003283500.0,10409721376.5,11.0032835,10.4097213765,634.18825,289540096.0,276.126953125,1.8913969993591309,186.373676776886
8,R4,LOCAL_TREE-ABRUPT-MILD,8,be4e11ae2f5392a7,POPULATION-RESEED,0.156,65312520.0,1912.0,1228031.5,2267347.0,223265416.0,323827.5,65314432.0,11020487000.0,10442926669.0,11.020487,10.442926669,614.01575,299450368.0,285.578125,2.1623106002807617,212.92249298095703
9,R4,LOCAL_TREE-ABRUPT-MILD,9,383e433a91be0ac9,CHAMPION-RESEED,0.15375,65312520.0,13.0,1183855.5,2063472.5,234930344.0,349645.5,65312533.0,11236851000.0,10740815526.5,11.236851,10.7408155265,591.92775,363382784.0,346.548828125,1.9678807258605957,224.04703521728516
9,R4,LOCAL_TREE-ABRUPT-MILD,9,383e433a91be0ac9,PERSIST,0.153,65312520.0,0.0,1266916.5,1978666.0,198563453.5,334107.0,65312520.0,10927057000.0,10399352534.0,10.927057,10.399352534,633.45825,357464064.0,340.904296875,1.887002944946289,189.3648657798767
9,R4,LOCAL_TREE-ABRUPT-MILD,9,383e433a91be0ac9,POPULATION-RESEED,0.14975,65312520.0,1910.0,1182313.0,2021663.0,231671832.0,335840.5,65314430.0,11105954500.0,10591393019.5,11.1059545,10.5913930195,591.1565,363382784.0,346.548828125,1.9280080795288086,220.9394760131836
10,R4,LOCAL_TREE-ABRUPT-MILD,10,d188b7b49d9a3543,CHAMPION-RESEED,0.16425,65312520.0,12.0,1230187.0,2113048.0,229922219.5,339432.0,65312532.0,11204378500.0,10579476987.5,11.2043785,10.5794769875,615.0935,306081792.0,291.90234375,2.0151596069335938,219.27091550827026
10,R4,LOCAL_TREE-ABRUPT-MILD,10,d188b7b49d9a3543,PERSIST,0.15975,65312520.0,0.0,1304719.5,2130163.0,177538445.0,297847.5,65312520.0,10535481500.0,10004963019.5,10.5354815,10.0049630195,652.35975,301780992.0,287.80078125,2.0314817428588867,169.3138551712036
10,R4,LOCAL_TREE-ABRUPT-MILD,10,d188b7b49d9a3543,POPULATION-RESEED,0.16625,65312520.0,1772.0,1237297.5,1941908.5,205250149.5,296252.0,65314292.0,10461218000.0,9951519055.0,10.461218,9.951519055,618.64875,329412608.0,314.15234375,1.8519482612609863,195.74179601669312
11,R4,LOCAL_TREE-ABRUPT-MILD,11,a064395a75d0d984,CHAMPION-RESEED,0.16449999999999998,65312520.0,16.0,1221943.5,1853431.5,223979146.5,331160.5,65312536.0,11102971000.0,10552767754.5,11.102971,10.5527677545,610.97175,313038848.0,298.537109375,1.7675700187683105,213.60315942764282
11,R4,LOCAL_TREE-ABRUPT-MILD,11,a064395a75d0d984,PERSIST,0.17625000000000002,65312520.0,0.0,1307143.5,1812005.5,187979759.0,312697.5,65312520.0,10870590000.0,10249072386.0,10.87059,10.249072386,653.57175,307587072.0,293.337890625,1.7280631065368652,179.27146816253662
11,R4,LOCAL_TREE-ABRUPT-MILD,11,a064395a75d0d984,POPULATION-RESEED,0.17225000000000001,65312520.0,1640.0,1175968.0,2647815.0,221757739.5,319477.0,65314160.0,10859027500.0,10375674836.0,10.8590275,10.375674836,587.984,333944832.0,318.474609375,2.525153160095215,211.48466062545776
12,R4,LOCAL_TREE-ABRUPT-MILD,12,6fc62b2bbdc6ae5f,CHAMPION-RESEED,0.16425,65312520.0,13.0,1159394.5,2585996.0,253352184.0,371508.0,65312533.0,11931695500.0,11261121453.0,11.9316955,11.261121453,579.69725,343678976.0,327.7578125,2.466197967529297,241.61547088623047
12,R4,LOCAL_TREE-ABRUPT-MILD,12,6fc62b2bbdc6ae5f,PERSIST,0.16825,65312520.0,0.0,1214726.0,2555769.5,226016768.5,371560.5,65312520.0,11933583000.0,11133512685.5,11.933583,11.1335126855,607.363,324892672.0,309.841796875,2.4373717308044434,215.54638719558716
12,R4,LOCAL_TREE-ABRUPT-MILD,12,6fc62b2bbdc6ae5f,POPULATION-RESEED,0.17375000000000002,65312520.0,2169.0,6542562.0,2258244.5,245103521.0,350524.0,65314689.0,11757382500.0,10991810551.5,11.7573825,10.9918105515,3271.281,352933888.0,336.583984375,2.153629779815674,233.74893283843994
13,R4,LOCAL_TREE-ABRUPT-MILD,13,4b273a87ee2538d4,CHAMPION-RESEED,0.16,65312520.0,14.0,1282356.0,2104428.5,230880753.0,340017.5,65312534.0,11059552500.0,10549956600.5,11.0595525,10.5499566005,641.178,332965888.0,317.541015625,2.00693941116333,220.18504428863525
13,R4,LOCAL_TREE-ABRUPT-MILD,13,4b273a87ee2538d4,PERSIST,0.1565,65312520.0,0.0,6081101.5,1671139.5,185869872.0,310508.5,65312520.0,10606919500.0,10059502456.5,10.6069195,10.0595024565,3040.55075,316788736.0,302.11328125,1.5937228202819824,177.2593231201172
13,R4,LOCAL_TREE-ABRUPT-MILD,13,4b273a87ee2538d4,POPULATION-RESEED,0.16325,65312520.0,2022.0,1213249.5,2320304.5,233743203.5,336148.0,65314542.0,10928932500.0,10494889223.0,10.9289325,10.494889223,606.62475,344985600.0,329.00390625,2.2128148078918457,222.91488981246948
14,R4,LOCAL_TREE-ABRUPT-MILD,14,ba196882233aed67,CHAMPION-RESEED,0.162,65312520.0,13.0,1277876.0,2066541.0,240713522.5,353998.5,65312533.0,11482730500.0,10904960030.5,11.4827305,10.9049600305,638.938,323989504.0,308.98046875,1.9708070755004883,229.56230401992798
14,R4,LOCAL_TREE-ABRUPT-MILD,14,ba196882233aed67,PERSIST,0.156,65312520.0,0.0,1326710.5,2771600.0,217910027.0,357903.5,65312520.0,11631077500.0,10942194160.0,11.6310775,10.94219416,663.35525,302354432.0,288.34765625,2.6432037353515625,207.81519603729248
14,R4,LOCAL_TREE-ABRUPT-MILD,14,ba196882233aed67,POPULATION-RESEED,0.16625,65312520.0,1915.0,7108905.5,2162698.0,221645126.0,319034.0,65314435.0,11140399500.0,10542090606.5,11.1403995,10.5420906065,3554.45275,341512192.0,325.69140625,2.062509536743164,211.37726402282715
15,R4,LOCAL_TREE-ABRUPT-MILD,15,1dfb56693f613b14,CHAMPION-RESEED,0.14725,65312520.0,17.0,1308558.5,2085194.5,248453513.0,364587.5,65312537.0,11639214500.0,11115472901.0,11.6392145,11.115472901,654.27925,302206976.0,288.20703125,1.9885964393615723,236.94373416900635
15,R4,LOCAL_TREE-ABRUPT-MILD,15,1dfb56693f613b14,PERSIST,0.14875,65312520.0,0.0,1234756.5,1765988.5,183665791.5,308227.5,65312520.0,10632433500.0,10154154635.5,10.6324335,10.1541546355,617.37825,294397952.0,280.759765625,1.6841778755187988,175.15734815597534
15,R4,LOCAL_TREE-ABRUPT-MILD,15,1dfb56693f613b14,POPULATION-RESEED,0.14200000000000002,65312520.0,1947.0,1238366.0,2593326.5,247632019.5,354406.0,65314467.0,11370595000.0,10836240809.0,11.370595,10.836240809,619.183,303575040.0,289.51171875,2.473188877105713,236.16029691696167
16,R4,LOCAL_TREE-ABRUPT-MILD,16,1b674c12bdc05937,CHAMPION-RESEED,0.14725,65312520.0,12.0,1248500.0,2182605.5,225416481.5,333207.0,65312532.0,11094032500.0,10565113662.0,11.0940325,10.565113662,624.25,353392640.0,337.021484375,2.0814948081970215,214.9739089012146
16,R4,LOCAL_TREE-ABRUPT-MILD,16,1b674c12bdc05937,PERSIST,0.15075,65312520.0,0.0,1290179.0,1620796.0,172036343.5,288530.5,65312520.0,10341639000.0,9804858013.0,10.341639,9.804858013,645.0895,344770560.0,328.798828125,1.5457115173339844,164.0666422843933
16,R4,LOCAL_TREE-ABRUPT-MILD,16,1b674c12bdc05937,POPULATION-RESEED,0.15175,65312520.0,1811.0,1167436.0,2107382.5,210214281.0,304021.5,65314331.0,10638879500.0,10099181038.0,10.6388795,10.099181038,583.718,355416064.0,338.951171875,2.009756565093994,200.47596073150635
17,R4,LOCAL_TREE-ABRUPT-MILD,17,22d82e5a62212329,CHAMPION-RESEED,0.15999999999999998,65312520.0,14.0,1221153.0,2347129.0,266348446.0,388827.0,65312534.0,11738854500.0,11237848920.5,11.7388545,11.2378489205,610.5765,305491968.0,291.33984375,2.238396644592285,254.009672164917
17,R4,LOCAL_TREE-ABRUPT-MILD,17,22d82e5a62212329,PERSIST,0.153,65312520.0,0.0,1231661.0,2097286.5,191627994.0,319037.0,65312520.0,10719407500.0,10198287421.5,10.7194075,10.1982874215,615.8305,292648960.0,279.091796875,2.0001282691955566,182.75069618225098
17,R4,LOCAL_TREE-ABRUPT-MILD,17,22d82e5a62212329,POPULATION-RESEED,0.16025,65312520.0,2034.0,1201417.5,2251952.0,258792039.5,368950.0,65314554.0,11665348500.0,11085487763.0,11.6653485,11.085487763,600.70875,309999616.0,295.638671875,2.1476287841796875,246.80332136154175
18,R4,LOCAL_TREE-ABRUPT-MILD,18,59a6bbb7bc0944d2,CHAMPION-RESEED,0.14725,65312520.0,12.0,1294197.0,1791212.0,215541791.5,319322.0,65312532.0,10850320500.0,10312104902.0,10.8503205,10.312104902,647.0985,313061376.0,298.55859375,1.7082328796386719,205.55667066574097
18,R4,LOCAL_TREE-ABRUPT-MILD,18,59a6bbb7bc0944d2,PERSIST,0.14950000000000002,65312520.0,0.0,1370630.5,1746870.5,181011415.0,302514.5,65312520.0,10543684500.0,9997307355.0,10.5436845,9.997307355,685.31525,301246464.0,287.291015625,1.6659455299377441,172.62593746185303
18,R4,LOCAL_TREE-ABRUPT-MILD,18,59a6bbb7bc0944d2,POPULATION-RESEED,0.14725,65312520.0,1760.0,1235236.0,2088193.5,220414964.5,316573.5,65314280.0,10917258000.0,10385284866.0,10.917258,10.385284866,617.618,327217152.0,312.05859375,1.9914565086364746,210.20409059524536
19,R4,LOCAL_TREE-ABRUPT-MILD,19,9df7c5fefa1870fb,CHAMPION-RESEED,0.15825,65312520.0,13.0,5378327.5,2360920.0,243892692.5,358012.5,65312533.0,11345074000.0,10775063556.5,11.345074,10.7750635565,2689.16375,368183296.0,351.126953125,2.2515487670898438,232.59419679641724
19,R4,LOCAL_TREE-ABRUPT-MILD,19,9df7c5fefa1870fb,PERSIST,0.16599999999999998,65312520.0,0.0,1240853.0,2537715.0,203161531.0,336022.5,65312520.0,11063135500.0,10440704893.5,11.0631355,10.4407048935,620.4265,360859648.0,344.142578125,2.4201536178588867,193.74993419647217
19,R4,LOCAL_TREE-ABRUPT-MILD,19,9df7c5fefa1870fb,POPULATION-RESEED,0.15825,65312520.0,2036.0,1263699.0,2565803.0,246939077.0,352303.0,65314556.0,11402349500.0,10798019909.0,11.4023495,10.798019909,631.8495,390746112.0,372.64453125,2.4469404220581055,235.49945545196533
20,R4,LOCAL_TREE-ABRUPT-MILD,20,a0b171d6068ce7b1,CHAMPION-RESEED,0.152,65312520.0,19.0,1244715.0,1894900.0,232231208.0,342271.5,65312539.0,11222070500.0,10607111537.5,11.2220705,10.6071115375,622.3575,300257280.0,286.34765625,1.8071174621582031,221.47293853759766
20,R4,LOCAL_TREE-ABRUPT-MILD,20,a0b171d6068ce7b1,PERSIST,0.15025,65312520.0,0.0,1233717.5,1993334.5,197681817.0,329823.0,65312520.0,10974926000.0,10356729427.0,10.974926,10.356729427,616.85875,292739072.0,279.177734375,1.9009919166564941,188.5240716934204
20,R4,LOCAL_TREE-ABRUPT-MILD,20,a0b171d6068ce7b1,POPULATION-RESEED,0.1515,65312520.0,1949.0,1128764.5,2187884.5,218197331.5,314637.0,65314469.0,10679614000.0,10189184872.0,10.679614,10.189184872,564.38225,308164608.0,293.888671875,2.08652925491333,208.08919095993042
21,R4,LOCAL_TREE-ABRUPT-MILD,21,60ba6792481e3d94,CHAMPION-RESEED,0.15000000000000002,65312520.0,13.0,1146276.0,1845684.0,230489878.0,340099.5,65312533.0,11629557500.0,11001343784.5,11.6295575,11.0013437845,573.138,334354432.0,318.865234375,1.7601814270019531,219.81227684020996
21,R4,LOCAL_TREE-ABRUPT-MILD,21,60ba6792481e3d94,PERSIST,0.14550000000000002,65312520.0,0.0,1236185.0,2259535.0,204791795.5,338386.5,65312520.0,11526375500.0,10859695826.0,11.5263755,10.859695826,618.0925,327114752.0,311.9609375,2.154860496520996,195.30467557907104
21,R4,LOCAL_TREE-ABRUPT-MILD,21,60ba6792481e3d94,POPULATION-RESEED,0.15275,65312520.0,1931.0,1162371.0,2597538.5,235566955.0,337807.5,65314451.0,11355276000.0,10778917661.0,11.355276,10.778917661,581.1855,340875264.0,325.083984375,2.477205753326416,224.65415477752686
22,R4,LOCAL_TREE-ABRUPT-MILD,22,9a798b3ce06ea41d,CHAMPION-RESEED,0.16149999999999998,65312520.0,17.0,6134546.0,2032654.5,239368727.5,351257.0,65312537.0,11251176500.0,10760273023.0,11.2511765,10.760273023,3067.273,357693440.0,341.123046875,1.938490390777588,228.27980756759644
22,R4,LOCAL_TREE-ABRUPT-MILD,22,9a798b3ce06ea41d,PERSIST,0.1605,65312520.0,0.0,1288083.0,1665090.0,175083961.5,295033.0,65312520.0,10378120000.0,9895372624.0,10.37812,9.895372624,644.0415,345550848.0,329.54296875,1.5879535675048828,166.9730772972107
22,R4,LOCAL_TREE-ABRUPT-MILD,22,9a798b3ce06ea41d,POPULATION-RESEED,0.16049999999999998,65312520.0,1823.0,1201946.0,1832455.5,203474412.0,294452.5,65314343.0,10374859000.0,9937981583.0,10.374859,9.937981583,600.973,358899712.0,342.2734375,1.747565746307373,194.04832077026367
23,R4,LOCAL_TREE-ABRUPT-MILD,23,f13feb1613076d84,CHAMPION-RESEED,0.165,65312520.0,13.0,1303754.5,2785948.0,254107456.5,372159.0,65312533.0,11644543000.0,11037465159.0,11.644543,11.037465159,651.87725,355887104.0,339.400390625,2.6568870544433594,242.3357548713684
23,R4,LOCAL_TREE-ABRUPT-MILD,23,f13feb1613076d84,PERSIST,0.17049999999999998,65312520.0,0.0,1375107.5,2235733.0,204331796.5,340170.0,65312520.0,11261589000.0,10634576594.0,11.261589,10.634576594,687.55375,345638912.0,329.626953125,2.1321611404418945,194.8659863471985
23,R4,LOCAL_TREE-ABRUPT-MILD,23,f13feb1613076d84,POPULATION-RESEED,0.17225,65312520.0,1892.0,1279924.5,2864947.5,244030965.0,349017.0,65314412.0,11365464500.0,10754469648.0,11.3654645,10.754469648,639.96225,362371072.0,345.583984375,2.732226848602295,232.72606372833252
24,R4,LOCAL_TREE-ABRUPT-MILD,24,51dc37f955a5bb25,CHAMPION-RESEED,0.151,65312520.0,12.0,1224144.0,2018213.0,207297789.5,309724.5,65312532.0,10833106000.0,10320912537.5,10.833106,10.3209125375,612.072,300048384.0,286.1484375,1.924717903137207,197.6945776939392
24,R4,LOCAL_TREE-ABRUPT-MILD,24,51dc37f955a5bb25,PERSIST,0.15325,65312520.0,0.0,1276672.5,1334392.0,147608768.0,251686.5,65312520.0,9968494500.0,9433139094.0,9.9684945,9.433139094,638.33625,287703040.0,274.375,1.2725753784179688,140.77069091796875
24,R4,LOCAL_TREE-ABRUPT-MILD,24,51dc37f955a5bb25,POPULATION-RESEED,0.14400000000000002,65312520.0,1467.0,6951454.5,1821448.5,192432551.0,279991.5,65313987.0,10433484500.0,9898740675.5,10.4334845,9.8987406755,3475.72725,321157120.0,306.279296875,1.7370686531066895,183.51798152923584
25,R4,LOCAL_TREE-ABRUPT-MILD,25,a62718ee4daf6c9e,CHAMPION-RESEED,0.1535,65312520.0,12.0,1299873.0,1696347.0,212422372.0,314566.0,65312532.0,10772455000.0,10357467879.5,10.772455,10.3574678795,649.9365,301811712.0,287.830078125,1.617762565612793,202.58176040649414
25,R4,LOCAL_TREE-ABRUPT-MILD,25,a62718ee4daf6c9e,PERSIST,0.15725,65312520.0,0.0,1257707.5,1607165.0,169350281.0,286464.5,65312520.0,10359921500.0,9870211452.0,10.3599215,9.870211452,628.85375,292841472.0,279.275390625,1.5327119827270508,161.50501346588135
25,R4,LOCAL_TREE-ABRUPT-MILD,25,a62718ee4daf6c9e,POPULATION-RESEED,0.15375,65312520.0,1759.0,1256235.0,1826039.5,204410875.5,296024.0,65314279.0,10547983000.0,10099345951.0,10.547983,10.099345951,628.1175,308682752.0,294.3828125,1.7414469718933105,194.94140195846558
26,R4,LOCAL_TREE-ABRUPT-MILD,26,91636300f6cfeae8,CHAMPION-RESEED,0.1555,65312520.0,14.0,1274577.5,2278682.0,248235436.5,364163.0,65312534.0,11655664000.0,11066856375.0,11.655664,11.066856375,637.28875,314480640.0,299.912109375,2.1731204986572266,236.73576021194458
26,R4,LOCAL_TREE-ABRUPT-MILD,26,91636300f6cfeae8,PERSIST,0.15475,65312520.0,0.0,7377202.0,2162733.0,219324890.5,363469.0,65312520.0,11675663500.0,10990946119.0,11.6756635,10.990946119,3688.601,297596928.0,283.810546875,2.0625429153442383,209.16451501846313
26,R4,LOCAL_TREE-ABRUPT-MILD,26,91636300f6cfeae8,POPULATION-RESEED,0.15175,65312520.0,2178.0,1249858.0,2543631.0,248347618.5,354021.5,65314698.0,11526130500.0,10950347074.5,11.5261305,10.9503470745,624.929,318257152.0,303.513671875,2.425795555114746,236.84274530410767
27,R4,LOCAL_TREE-ABRUPT-MILD,27,7eaa14426448eded,CHAMPION-RESEED,0.15875,65312520.0,15.0,1193502.5,2126433.0,243019732.0,357485.0,65312535.0,11524719000.0,10923027019.5,11.524719,10.9230270195,596.75125,305860608.0,291.69140625,2.0279245376586914,231.76167678833008
27,R4,LOCAL_TREE-ABRUPT-MILD,27,7eaa14426448eded,PERSIST,0.156,65312520.0,0.0,1226671.0,1817173.0,184025181.5,306759.5,65312520.0,10947643500.0,10321881623.0,10.9476435,10.321881623,613.3355,286279680.0,273.017578125,1.7329912185668945,175.50008916854858
27,R4,LOCAL_TREE-ABRUPT-MILD,27,7eaa14426448eded,POPULATION-RESEED,0.1585,65312520.0,1798.0,1193839.5,2057955.5,220263050.5,317911.5,65314318.0,10896904000.0,10324659241.5,10.896904,10.3246592415,596.91975,315447296.0,300.833984375,1.9626193046569824,210.05921411514282
28,R4,LOCAL_TREE-ABRUPT-MILD,28,a72310b57b4642d8,CHAMPION-RESEED,0.16075,65312520.0,15.0,1447085.5,2103624.5,251030466.5,368454.5,65312535.0,11907161000.0,11346200841.5,11.907161,11.3462008415,723.54275,369690624.0,352.564453125,2.0061726570129395,239.40130853652954
28,R4,LOCAL_TREE-ABRUPT-MILD,28,a72310b57b4642d8,PERSIST,0.16875,65312520.0,0.0,1450342.5,2127160.0,220082913.5,363536.0,65312520.0,11878652000.0,11167656955.0,11.878652,11.167656955,725.17125,356278272.0,339.7734375,2.0286178588867188,209.88742208480835
28,R4,LOCAL_TREE-ABRUPT-MILD,28,a72310b57b4642d8,POPULATION-RESEED,0.17049999999999998,65312520.0,1941.0,1359455.5,2142609.0,225129259.0,323688.5,65314461.0,11192407500.0,10669181278.0,11.1924075,10.669181278,679.72775,378634240.0,361.09375,2.043351173400879,214.6999921798706
29,R4,LOCAL_TREE-ABRUPT-MILD,29,5e8a158b01099ab0,CHAMPION-RESEED,0.15325,65312520.0,13.0,1303545.0,2087029.0,219007368.0,324160.0,65312533.0,11039532000.0,10495172026.0,11.039532,10.495172026,651.7725,369874944.0,352.740234375,1.9903459548950195,208.86170196533203
29,R4,LOCAL_TREE-ABRUPT-MILD,29,5e8a158b01099ab0,PERSIST,0.16599999999999998,65312520.0,0.0,1287320.0,1829752.5,187737023.0,313272.5,65312520.0,10824503000.0,10223371727.0,10.824503,10.223371727,643.66,360962048.0,344.240234375,1.744987964630127,179.03997707366943
29,R4,LOCAL_TREE-ABRUPT-MILD,29,5e8a158b01099ab0,POPULATION-RESEED,0.15875,65312520.0,1743.0,1220228.0,1903994.5,204593985.0,295368.0,65314263.0,10585679000.0,10093180810.0,10.585679,10.09318081,610.114,379244544.0,361.67578125,1.8157906532287598,195.11602878570557
30,R4,LOCAL_TREE-ABRUPT-MILD,30,33a704d8ec199b57,CHAMPION-RESEED,0.14975,65312519.5,17.0,1280699.5,2669151.0,261346304.0,379652.5,65312536.5,11877012500.0,11351715817.0,11.8770125,11.351715817,640.34975,330008576.0,314.720703125,2.5455007553100586,249.2392578125
30,R4,LOCAL_TREE-ABRUPT-MILD,30,33a704d8ec199b57,PERSIST,0.151,65312520.0,0.0,1336052.0,2473050.5,228202719.0,372981.0,65312520.0,11957906500.0,11359127324.0,11.9579065,11.359127324,668.026,320694272.0,305.837890625,2.3584847450256348,217.63107204437256
30,R4,LOCAL_TREE-ABRUPT-MILD,30,33a704d8ec199b57,POPULATION-RESEED,0.14500000000000002,65312520.0,2498.0,1212260.5,2527193.5,249962360.0,357043.0,65315018.0,11424789000.0,10927950972.5,11.424789,10.9279509725,606.13025,344403968.0,328.44921875,2.4101195335388184,238.38268280029297
31,R4,LOCAL_TREE-ABRUPT-MILD,31,1ad55cd4beccbed3,CHAMPION-RESEED,0.1635,65312520.0,13.0,1213947.5,2366936.5,263782363.5,386250.0,65312533.0,11883964500.0,11394239909.0,11.8839645,11.394239909,606.97375,365432832.0,348.50390625,2.257286548614502,251.56246519088745
31,R4,LOCAL_TREE-ABRUPT-MILD,31,1ad55cd4beccbed3,PERSIST,0.16025,65312520.0,0.0,1181033.5,2083644.5,206364653.5,342379.5,65312520.0,11192186500.0,10645375647.0,11.1921865,10.645375647,590.51675,357556224.0,340.9921875,1.9871182441711426,196.80466985702515
31,R4,LOCAL_TREE-ABRUPT-MILD,31,1ad55cd4beccbed3,POPULATION-RESEED,0.16625,65312520.0,1921.0,1179670.0,1998895.0,226295854.5,325524.0,65314441.0,10894007000.0,10420910985.0,10.894007,10.420910985,589.835,377655296.0,360.16015625,1.906294822692871,215.8125443458557
32,R4,LOCAL_TREE-ABRUPT-MILD,32,e3a563e0a2ca9966,CHAMPION-RESEED,0.14475,65312520.0,12.0,1308936.0,2951856.0,254973487.5,372775.5,65312532.0,11877942500.0,11261438457.0,11.8779425,11.261438457,654.468,315176960.0,300.576171875,2.8151092529296875,243.16166639328003
32,R4,LOCAL_TREE-ABRUPT-MILD,32,e3a563e0a2ca9966,PERSIST,0.154,65312520.0,0.0,1278699.0,1751808.5,170227461.0,286420.5,65312520.0,10449626500.0,9912938519.5,10.4496265,9.9129385195,639.3495,304941056.0,290.814453125,1.6706547737121582,162.34155750274658
32,R4,LOCAL_TREE-ABRUPT-MILD,32,e3a563e0a2ca9966,POPULATION-RESEED,0.159,65312520.0,1842.0,1178542.5,2007215.0,207323274.5,299395.5,65314362.0,10661037500.0,10130160619.0,10.6610375,10.130160619,589.27125,331898880.0,316.5234375,1.914229393005371,197.71888208389282
33,R4,LOCAL_TREE-ABRUPT-MILD,33,9989040256965081,CHAMPION-RESEED,0.15425,65312520.0,13.0,1317448.5,2025527.5,229594282.0,339182.0,65312533.0,10906290000.0,10470834788.5,10.90629,10.4708347885,658.72425,320014336.0,305.189453125,1.9316935539245605,218.9581699371338
33,R4,LOCAL_TREE-ABRUPT-MILD,33,9989040256965081,PERSIST,0.15875,65312520.0,0.0,1349609.0,1910016.5,198205066.5,330515.0,65312520.0,10975356000.0,10412327627.0,10.975356,10.412327627,674.8045,312737792.0,298.25,1.8215336799621582,189.02308130264282
33,R4,LOCAL_TREE-ABRUPT-MILD,33,9989040256965081,POPULATION-RESEED,0.1485,65312520.0,1921.0,1310474.5,2645965.0,234763338.0,336325.0,65314441.0,10985786500.0,10561763518.5,10.9857865,10.5617635185,655.23725,335929344.0,320.3671875,2.5233888626098633,223.8877658843994
34,R4,LOCAL_TREE-ABRUPT-MILD,34,deb08f5626d1b684,CHAMPION-RESEED,0.159,65312520.0,16.0,1137318.0,2355130.5,264322085.5,386326.0,65312536.0,11675240000.0,11158062593.0,11.67524,11.158062593,568.659,369045504.0,351.94921875,2.2460274696350098,252.07718420028687
34,R4,LOCAL_TREE-ABRUPT-MILD,34,deb08f5626d1b684,PERSIST,0.156,65312520.0,0.0,1216851.5,1933704.0,196667049.0,327047.0,65312520.0,10790555000.0,10261522038.0,10.790555,10.261522038,608.42575,362348544.0,345.5625,1.8441238403320312,187.55631351470947
34,R4,LOCAL_TREE-ABRUPT-MILD,34,deb08f5626d1b684,POPULATION-RESEED,0.16375,65312520.0,1944.0,1137553.0,2991216.0,257853151.0,367643.0,65314464.0,11501143500.0,10966923018.5,11.5011435,10.9669230185,568.7765,376492032.0,359.05078125,2.8526458740234375,245.90792751312256
35,R4,LOCAL_TREE-ABRUPT-MILD,35,20a8a3119b5b0f7f,CHAMPION-RESEED,0.16225,65312520.0,12.0,1129592.5,1995000.0,213274577.5,316543.5,65312532.0,10766578000.0,10234921104.0,10.766578,10.234921104,564.79625,289120256.0,275.7265625,1.9025802612304688,203.3944869041443
35,R4,LOCAL_TREE-ABRUPT-MILD,35,20a8a3119b5b0f7f,PERSIST,0.163,65312520.0,0.0,1189261.0,1909013.5,181005876.0,303129.5,65312520.0,10563057000.0,9996472612.5,10.563057,9.9964726125,594.6305,281688064.0,268.638671875,1.8205771446228027,172.62065505981445
35,R4,LOCAL_TREE-ABRUPT-MILD,35,20a8a3119b5b0f7f,POPULATION-RESEED,0.1605,65312520.0,1768.0,1155767.0,2221524.0,211266214.0,305038.5,65314288.0,10679368000.0,10162022620.5,10.679368,10.1620226205,577.8835,290772992.0,277.302734375,2.118610382080078,201.47916221618652
36,R4,LOCAL_TREE-ABRUPT-MILD,36,62f3159c883a03e4,CHAMPION-RESEED,0.146,65312520.0,13.0,1134099.0,3060611.5,235777691.5,346598.5,65312533.0,11203653000.0,10713506053.0,11.203653,10.713506053,567.0495,284418048.0,271.2421875,2.9188265800476074,224.8551287651062
36,R4,LOCAL_TREE-ABRUPT-MILD,36,62f3159c883a03e4,PERSIST,0.1555,65312520.0,0.0,1197752.0,1569148.5,169592109.5,286699.5,65312520.0,10155700500.0,9712561956.0,10.1557005,9.712561956,598.876,277110784.0,264.2734375,1.4964566230773926,161.7356390953064
36,R4,LOCAL_TREE-ABRUPT-MILD,36,62f3159c883a03e4,POPULATION-RESEED,0.155,65312520.0,1838.0,1130307.5,1868337.5,207129857.0,299327.5,65314358.0,10422131500.0,9990188483.5,10.4221315,9.9901884835,565.15375,290785280.0,277.314453125,1.781785488128662,197.53442478179932
37,R4,LOCAL_TREE-ABRUPT-MILD,37,5cec04b0201ca041,CHAMPION-RESEED,0.1535,65312520.0,12.0,1199233.0,2274710.0,218242741.5,323149.0,65312532.0,10918522000.0,10429712567.5,10.918522,10.4297125675,599.6165,304379904.0,290.279296875,2.169332504272461,208.13249731063843
37,R4,LOCAL_TREE-ABRUPT-MILD,37,5cec04b0201ca041,PERSIST,0.15425,65312520.0,0.0,1276449.5,1949461.5,182976673.0,305995.5,65312520.0,10649904000.0,10062344035.5,10.649904,10.0623440355,638.22475,289005568.0,275.6171875,1.8591513633728027,174.50015354156494
37,R4,LOCAL_TREE-ABRUPT-MILD,37,5cec04b0201ca041,POPULATION-RESEED,0.1575,65312520.0,1749.0,1303710.0,2208760.0,222990553.5,320631.0,65314269.0,10912152000.0,10385196657.5,10.912152,10.3851966575,651.855,312510464.0,298.033203125,2.1064376831054688,212.66036367416382
38,R4,LOCAL_TREE-ABRUPT-MILD,38,74b1b63fd025cc0f,CHAMPION-RESEED,0.17049999999999998,65312520.0,12.0,1234630.0,2039671.0,219327177.5,324989.0,65312532.0,10907776000.0,10329758049.5,10.907776,10.3297580495,617.315,361375744.0,344.634765625,1.9451818466186523,209.16669607162476
38,R4,LOCAL_TREE-ABRUPT-MILD,38,74b1b63fd025cc0f,PERSIST,0.16749999999999998,65312520.0,0.0,1258366.5,2678849.5,194695239.0,322288.5,65312520.0,11046415000.0,10313743729.0,11.046415,10.313743729,629.18325,348014592.0,331.892578125,2.5547499656677246,185.67584896087646
38,R4,LOCAL_TREE-ABRUPT-MILD,38,74b1b63fd025cc0f,POPULATION-RESEED,0.17175,65312520.0,1779.0,1259367.0,2133811.0,209199023.0,301991.5,65314299.0,10754275500.0,10121363548.5,10.7542755,10.1213635485,629.6835,362326016.0,345.541015625,2.0349607467651367,199.50773525238037
39,R4,LOCAL_TREE-ABRUPT-MILD,39,b33d2fb0ef608bf5,CHAMPION-RESEED,0.156,65312520.0,12.0,1321186.0,2080455.5,221351826.5,327539.5,65312532.0,10769480500.0,10323734656.0,10.7694805,10.323734656,660.593,363503616.0,346.6640625,1.984076976776123,211.09755182266235
39,R4,LOCAL_TREE-ABRUPT-MILD,39,b33d2fb0ef608bf5,PERSIST,0.15975,65312520.0,0.0,1283882.5,1717816.5,186036224.5,309909.5,65312520.0,10753690500.0,10155232882.5,10.7536905,10.1552328825,641.94125,343363584.0,327.45703125,1.638237476348877,177.41796922683716
39,R4,LOCAL_TREE-ABRUPT-MILD,39,b33d2fb0ef608bf5,POPULATION-RESEED,0.1615,65312520.0,1786.0,1235553.5,1855545.0,195859035.5,283583.0,65314306.0,10119817000.0,9686684416.5,10.119817,9.6866844165,617.77675,366368768.0,349.396484375,1.7695856094360352,186.78573179244995
40,R4,LOCAL_TREE-ABRUPT-MILD,40,a689172141763a3e,CHAMPION-RESEED,0.1595,65312520.0,13.0,1223858.5,2799724.0,276048955.5,402861.5,65312533.0,11936980000.0,11362338674.5,11.93698,11.3623386745,611.92925,328921088.0,313.68359375,2.670024871826172,263.2607989311218
40,R4,LOCAL_TREE-ABRUPT-MILD,40,a689172141763a3e,PERSIST,0.16075,65312520.0,0.0,1210003.0,2303328.5,198858342.5,329366.0,65312520.0,10786080000.0,10259069971.5,10.78608,10.2590699715,605.0015,319006720.0,304.228515625,2.196625232696533,189.64609384536743
40,R4,LOCAL_TREE-ABRUPT-MILD,40,a689172141763a3e,POPULATION-RESEED,0.16349999999999998,65312520.0,1915.0,1143287.5,2195822.5,223722038.5,322013.5,65314435.0,10693204500.0,10227101680.5,10.6932045,10.2271016805,571.64375,333408256.0,317.962890625,2.094099521636963,213.35796213150024
41,R4,LOCAL_TREE-ABRUPT-MILD,41,6304368867c7f17e,CHAMPION-RESEED,0.1525,65312520.0,12.0,1186397.5,1858466.0,224469868.0,331783.0,65312532.0,11276627500.0,10811306262.0,11.2766275,10.811306262,593.19875,312260608.0,297.794921875,1.7723712921142578,214.07114791870117
41,R4,LOCAL_TREE-ABRUPT-MILD,41,6304368867c7f17e,PERSIST,0.14925,65312520.0,0.0,1202721.5,2053425.0,190110673.0,315442.5,65312520.0,11124674000.0,10639236849.5,11.124674,10.6392368495,601.36075,302127104.0,288.130859375,1.958298683166504,181.30366611480713
41,R4,LOCAL_TREE-ABRUPT-MILD,41,6304368867c7f17e,POPULATION-RESEED,0.157,65312520.0,1816.0,1202772.0,2119154.0,218046565.5,314287.0,65314336.0,10510186000.0,10086244386.0,10.510186,10.086244386,601.386,322897920.0,307.939453125,2.0209827423095703,207.94540929794312
42,R4,LOCAL_TREE-ABRUPT-MILD,42,c7928f7be9e88b79,CHAMPION-RESEED,0.16949999999999998,65312520.0,16.0,1259502.5,2438430.0,241884410.0,354338.0,65312536.0,11227616000.0,10716387275.5,11.227616,10.7163872755,629.75125,343853056.0,327.923828125,2.325468063354492,230.6789493560791
42,R4,LOCAL_TREE-ABRUPT-MILD,42,c7928f7be9e88b79,PERSIST,0.169,65312519.5,0.0,1252445.0,2590768.0,219482531.5,360991.5,65312519.5,11457135000.0,10792074129.5,11.457135,10.7920741295,626.2225,323028992.0,308.064453125,2.4707489013671875,209.31485319137573
42,R4,LOCAL_TREE-ABRUPT-MILD,42,c7928f7be9e88b79,POPULATION-RESEED,0.17099999999999999,65312520.0,2138.0,4833808.5,3140839.0,271155742.5,385253.0,65314658.0,11983292000.0,11287584949.0,11.983292,11.287584949,2416.90425,363804672.0,346.951171875,2.99533748626709,258.59426736831665
43,R4,LOCAL_TREE-ABRUPT-MILD,43,0cca2f69e6e4da2b,CHAMPION-RESEED,0.15600000000000003,65312520.0,13.0,1300813.5,2393492.5,256310679.0,374827.0,65312533.0,11705437500.0,11058272922.5,11.7054375,11.0582729225,650.40675,296128512.0,282.41015625,2.2826123237609863,244.43691158294678
43,R4,LOCAL_TREE-ABRUPT-MILD,43,0cca2f69e6e4da2b,PERSIST,0.16049999999999998,65312520.0,0.0,1391155.5,1713316.5,179825919.5,301334.0,65312520.0,10490180500.0,9932142175.5,10.4901805,9.9321421755,695.57775,285157376.0,271.947265625,1.6339459419250488,171.49536085128784
43,R4,LOCAL_TREE-ABRUPT-MILD,43,0cca2f69e6e4da2b,POPULATION-RESEED,0.16599999999999998,65312520.0,1842.0,1328867.5,2421683.0,218508097.5,314903.5,65314362.0,10635318500.0,10169658838.5,10.6353185,10.1696588385,664.43375,299829248.0,285.939453125,2.3094968795776367,208.38556051254272
44,R4,LOCAL_TREE-ABRUPT-MILD,44,75ce061d0d28f743,CHAMPION-RESEED,0.15625,65312520.0,14.0,1289880.0,2353659.5,229963314.5,337822.5,65312534.0,10945170500.0,10445534140.0,10.9451705,10.44553414,644.94,316119040.0,301.474609375,2.244624614715576,219.31010675430298
44,R4,LOCAL_TREE-ABRUPT-MILD,44,75ce061d0d28f743,PERSIST,0.1545,65312520.0,0.0,1271569.0,2232142.5,196694102.5,326604.5,65312520.0,10881747500.0,10271728594.5,10.8817475,10.2717285945,635.7845,294062080.0,280.439453125,2.128736972808838,187.58211374282837
44,R4,LOCAL_TREE-ABRUPT-MILD,44,75ce061d0d28f743,POPULATION-RESEED,0.16949999999999998,65312520.0,1853.0,1227852.0,2092447.5,222759811.0,319569.0,65314373.0,10673370000.0,10198365208.5,10.67337,10.1983652085,613.926,326787072.0,311.6484375,1.9955134391784668,212.44031047821045
45,R4,LOCAL_TREE-ABRUPT-MILD,45,9a236436228937a2,CHAMPION-RESEED,0.165,65312520.0,13.0,1207167.0,2429589.5,255471634.5,374754.5,65312533.0,11537384500.0,10937315104.5,11.5373845,10.9373151045,603.5835,319664128.0,304.85546875,2.3170371055603027,243.63673639297485
45,R4,LOCAL_TREE-ABRUPT-MILD,45,9a236436228937a2,PERSIST,0.1675,65312520.0,0.0,1207354.5,1676100.5,186886392.5,312646.0,65312520.0,10533000500.0,9956537851.0,10.5330005,9.956537851,603.67725,295528448.0,281.837890625,1.5984539985656738,178.22875261306763
45,R4,LOCAL_TREE-ABRUPT-MILD,45,9a236436228937a2,POPULATION-RESEED,0.164,65312520.0,1962.0,1172126.0,2406062.0,236114156.5,338253.5,65314482.0,10979068000.0,10440533044.5,10.979068,10.4405330445,586.063,341893120.0,326.0546875,2.2945995330810547,225.17600679397583
46,R4,LOCAL_TREE-ABRUPT-MILD,46,0d5357911c5c61c1,CHAMPION-RESEED,0.1595,65312520.0,13.0,1206817.0,2414378.0,239337997.5,351700.0,65312533.0,11324273500.0,10699824130.0,11.3242735,10.69982413,603.4085,295864320.0,282.158203125,2.302530288696289,228.25050115585327
46,R4,LOCAL_TREE-ABRUPT-MILD,46,0d5357911c5c61c1,PERSIST,0.16299999999999998,65312520.0,0.0,1210853.5,1731753.0,182413989.5,304432.5,65312520.0,10573698000.0,9952629398.5,10.573698,9.9526293985,605.42675,285022208.0,271.818359375,1.6515283584594727,173.96353673934937
46,R4,LOCAL_TREE-ABRUPT-MILD,46,0d5357911c5c61c1,POPULATION-RESEED,0.16249999999999998,65312520.0,1800.0,1166657.5,1977016.5,207488855.0,299762.0,65314320.0,10623659500.0,9987707494.0,10.6236595,9.987707494,583.32875,295864320.0,282.158203125,1.885429859161377,197.87679195404053
47,R4,LOCAL_TREE-ABRUPT-MILD,47,1e9fbd7fc77879db,CHAMPION-RESEED,0.15975,65312520.0,12.0,1270790.0,2165586.5,234962713.5,346214.0,65312532.0,11260639500.0,10603189627.0,11.2606395,10.603189627,635.395,369504256.0,352.38671875,2.0652642250061035,224.07790517807007
47,R4,LOCAL_TREE-ABRUPT-MILD,47,1e9fbd7fc77879db,PERSIST,0.1565,65312520.0,0.0,1380013.0,2039185.0,185904353.5,310021.0,65312520.0,10737129000.0,10038771233.5,10.737129,10.0387712335,690.0065,355211264.0,338.755859375,1.944718360900879,177.29220724105835
47,R4,LOCAL_TREE-ABRUPT-MILD,47,1e9fbd7fc77879db,POPULATION-RESEED,0.163,65312520.0,1766.0,6307997.0,2486615.5,248650782.0,356094.0,65314286.0,11316969000.0,10716377208.0,11.316969,10.716377208,3153.9985,369872896.0,352.73828125,2.3714213371276855,237.1318645477295
48,R4,LOCAL_TREE-ABRUPT-MILD,48,54ef87e745e70fd4,CHAMPION-RESEED,0.1645,65312520.0,13.0,1206306.0,2114603.0,225224412.5,332748.5,65312533.0,10735120000.0,10297708330.0,10.73512,10.29770833,603.153,362831872.0,346.0234375,2.0166425704956055,214.79073762893677
48,R4,LOCAL_TREE-ABRUPT-MILD,48,54ef87e745e70fd4,PERSIST,0.159,65312520.0,0.0,1288461.5,1721864.0,188438642.5,315065.0,65312520.0,10556578500.0,10102340238.5,10.5565785,10.1023402385,644.23075,358785024.0,342.1640625,1.6420974731445312,179.70909357070923
48,R4,LOCAL_TREE-ABRUPT-MILD,48,54ef87e745e70fd4,POPULATION-RESEED,0.16125,65312520.0,1919.0,1172051.0,2295875.0,233899633.0,335876.0,65314439.0,10898639000.0,10389788125.0,10.898639,10.389788125,586.0255,367339520.0,350.322265625,2.189517021179199,223.06407260894775
49,R4,LOCAL_TREE-ABRUPT-MILD,49,85291e0f268a8327,CHAMPION-RESEED,0.16549999999999998,65312520.0,17.0,1272196.0,2854091.0,276281116.0,402170.5,65312537.0,12277973000.0,11520129120.5,12.277973,11.5201291205,636.098,363284480.0,346.455078125,2.7218732833862305,263.48220443725586
49,R4,LOCAL_TREE-ABRUPT-MILD,49,85291e0f268a8327,PERSIST,0.16949999999999998,65312520.0,0.0,1333399.5,2077559.0,215317826.0,354982.0,65312520.0,11537544000.0,10753088021.5,11.537544,10.7530880215,666.69975,347006976.0,330.931640625,1.9813146591186523,205.34308052062988
49,R4,LOCAL_TREE-ABRUPT-MILD,49,85291e0f268a8327,POPULATION-RESEED,0.1675,65312520.0,1832.0,1209413.5,2477139.5,254705504.0,362795.5,65314352.0,11670671000.0,10992705704.5,11.670671,10.9927057045,604.70675,363284480.0,346.455078125,2.36238431930542,242.90609741210938
50,R4,LOCAL_TREE-ABRUPT-MILD,50,bc795ce538386dfd,CHAMPION-RESEED,0.151,65312520.0,13.0,1248442.0,3295278.5,278747121.0,406553.5,65312533.0,12255065000.0,11571253737.5,12.255065,11.5712537375,624.221,313763840.0,299.228515625,3.142622470855713,265.83397006988525
50,R4,LOCAL_TREE-ABRUPT-MILD,50,bc795ce538386dfd,PERSIST,0.15825,65312520.0,0.0,1267524.5,1935973.0,189929875.0,317782.5,65312520.0,10744161000.0,10166859189.0,10.744161,10.166859189,633.76225,295612416.0,281.91796875,1.846287727355957,181.1312437057495
50,R4,LOCAL_TREE-ABRUPT-MILD,50,bc795ce538386dfd,POPULATION-RESEED,0.151,65312520.0,1919.0,1177008.5,2295409.5,226882970.0,325979.5,65314439.0,10969607500.0,10395105547.5,10.9696075,10.3951055475,588.50425,330186752.0,314.890625,2.189073085784912,216.37246131896973
51,R4,LOCAL_TREE-ABRUPT-MILD,51,ba6d8f413151696c,CHAMPION-RESEED,0.15999999999999998,65312520.0,13.0,1146082.5,1934083.0,222908301.0,329966.0,65312533.0,10912974500.0,10394450344.0,10.9129745,10.394450344,573.04125,298872832.0,285.02734375,1.8444852828979492,212.5819215774536
51,R4,LOCAL_TREE-ABRUPT-MILD,51,ba6d8f413151696c,PERSIST,0.1595,65312520.0,0.0,1217370.0,2807525.5,218750803.0,360211.0,65312520.0,11503736500.0,10822207459.5,11.5037365,10.8222074595,608.685,291317760.0,277.822265625,2.6774649620056152,208.61702251434326
51,R4,LOCAL_TREE-ABRUPT-MILD,51,ba6d8f413151696c,POPULATION-RESEED,0.15825,65312520.0,1928.0,1164735.5,2754002.0,243266821.5,347775.5,65314448.0,11262568500.0,10672306781.5,11.2625685,10.6723067815,582.36775,305428480.0,291.279296875,2.6264209747314453,231.99731969833374
52,R4,LOCAL_TREE-ABRUPT-MILD,52,81089f4904c3349d,CHAMPION-RESEED,0.16299999999999998,65312520.0,15.0,1302728.5,2334295.0,258123653.0,378058.0,65312535.0,11878493500.0,11148532895.5,11.8784935,11.1485328955,651.36425,311590912.0,297.15625,2.2261571884155273,246.16589832305908
52,R4,LOCAL_TREE-ABRUPT-MILD,52,81089f4904c3349d,PERSIST,0.17099999999999999,65312520.0,0.0,1318737.5,1965493.0,184175607.0,308458.5,65312520.0,10680646000.0,10000283737.5,10.680646,10.0002837375,659.36875,294967296.0,281.302734375,1.8744401931762695,175.64354610443115
52,R4,LOCAL_TREE-ABRUPT-MILD,52,81089f4904c3349d,POPULATION-RESEED,0.16349999999999998,65312520.0,1801.0,1315466.5,2134198.5,209045021.5,301544.5,65314321.0,10603456500.0,10056546418.5,10.6034565,10.0565464185,657.73325,318853120.0,304.08203125,2.035330295562744,199.36086797714233
53,R4,LOCAL_TREE-ABRUPT-MILD,53,6c748b28180c8cbd,CHAMPION-RESEED,0.15849999999999997,65312520.0,12.0,1235045.0,2634037.0,238744523.0,350735.5,65312532.0,11074454000.0,10660609113.5,11.074454,10.6606091135,617.5225,368218112.0,351.16015625,2.5120134353637695,227.68451976776123
53,R4,LOCAL_TREE-ABRUPT-MILD,53,6c748b28180c8cbd,PERSIST,0.157,65312520.0,0.0,1272623.0,2396011.5,203817095.5,335586.0,65312520.0,11042969000.0,10462590564.5,11.042969,10.4625905645,636.3115,351367168.0,335.08984375,2.2850146293640137,194.37512922286987
53,R4,LOCAL_TREE-ABRUPT-MILD,53,6c748b28180c8cbd,POPULATION-RESEED,0.16349999999999998,65312520.0,1776.0,1194861.5,1985051.0,206764301.5,299085.0,65314296.0,10403331500.0,9987043441.5,10.4033315,9.9870434415,597.43075,378189824.0,360.669921875,1.893092155456543,197.18580389022827
54,R4,LOCAL_TREE-ABRUPT-MILD,54,7ba082fe44e02428,CHAMPION-RESEED,0.16025,65312520.0,13.0,1172787.5,2130504.0,235009600.0,346050.5,65312533.0,11179103500.0,10585223349.0,11.1791035,10.585223349,586.39375,305993728.0,291.818359375,2.0318069458007812,224.12261962890625
54,R4,LOCAL_TREE-ABRUPT-MILD,54,7ba082fe44e02428,PERSIST,0.16025,65312520.0,0.0,1220035.5,1920080.5,188205084.0,314531.0,65312520.0,10591402000.0,10023832255.0,10.591402,10.023832255,610.01775,301062144.0,287.115234375,1.8311314582824707,179.48635482788086
54,R4,LOCAL_TREE-ABRUPT-MILD,54,7ba082fe44e02428,POPULATION-RESEED,0.158,65312520.0,1983.0,1159255.5,2408959.5,235835814.0,338713.5,65314503.0,11029979500.0,10485160537.5,11.0299795,10.4851605375,579.62775,328456192.0,313.240234375,2.297362804412842,224.91055870056152
55,R4,LOCAL_TREE-ABRUPT-MILD,55,f5950db4e06426e9,CHAMPION-RESEED,0.16375,65312520.0,13.0,1287548.0,2869282.5,289748391.0,421786.0,65312533.0,12611795500.0,11780134601.5,12.6117955,11.7801346015,643.774,315969536.0,301.33203125,2.736361026763916,276.32559871673584
55,R4,LOCAL_TREE-ABRUPT-MILD,55,f5950db4e06426e9,PERSIST,0.1585,65312520.0,0.0,1332929.5,2409601.0,198464723.5,329124.5,65312520.0,11072702500.0,10358327879.5,11.0727025,10.3583278795,666.46475,303091712.0,289.05078125,2.2979745864868164,189.27070951461792
55,R4,LOCAL_TREE-ABRUPT-MILD,55,f5950db4e06426e9,POPULATION-RESEED,0.17075,65312520.0,2124.0,1233270.0,2004660.5,218396936.5,315637.5,65314644.0,11028656000.0,10330295939.0,11.028656,10.330295939,616.635,336664576.0,321.068359375,1.9117932319641113,208.2795491218567
56,R4,LOCAL_TREE-ABRUPT-MILD,56,282e7e484a9bc82b,CHAMPION-RESEED,0.1545,65312520.0,14.0,1192858.5,2099453.0,230603713.0,339434.5,65312534.0,11002668000.0,10471702419.0,11.002668,10.471702419,596.42925,311445504.0,297.017578125,2.002194404602051,219.92083835601807
56,R4,LOCAL_TREE-ABRUPT-MILD,56,282e7e484a9bc82b,PERSIST,0.15275,65312520.0,0.0,1331619.0,2239861.5,205615182.5,340561.5,65312520.0,11082854500.0,10477351375.0,11.0828545,10.477351375,665.8095,298823680.0,284.98046875,2.1360983848571777,196.08991861343384
56,R4,LOCAL_TREE-ABRUPT-MILD,56,282e7e484a9bc82b,POPULATION-RESEED,0.159,65312520.0,1947.0,1224085.5,2553517.0,239743185.0,343341.5,65314467.0,11172980000.0,10595267897.5,11.17298,10.5952678975,612.04275,318369792.0,303.62109375,2.4352235794067383,228.63691806793213
57,R4,LOCAL_TREE-ABRUPT-MILD,57,d8e83fc22df40e19,CHAMPION-RESEED,0.1495,65312520.0,13.0,1257860.0,2415656.5,245454181.0,361124.0,65312533.0,11268123000.0,10714775239.0,11.268123,10.714775239,628.93,320962560.0,306.09375,2.3037495613098145,234.08334827423096
57,R4,LOCAL_TREE-ABRUPT-MILD,57,d8e83fc22df40e19,PERSIST,0.159,65312520.0,0.0,1236099.5,1686954.0,179282828.5,300487.5,65312520.0,10334058500.0,9797842554.5,10.3340585,9.7978425545,618.04975,301797376.0,287.81640625,1.608804702758789,170.97742891311646
57,R4,LOCAL_TREE-ABRUPT-MILD,57,d8e83fc22df40e19,POPULATION-RESEED,0.15,65312520.0,2110.0,1167085.0,2093133.5,213492657.5,306854.5,65314630.0,10527618500.0,10017791780.5,10.5276185,10.0177917805,583.5425,336586752.0,320.994140625,1.9961676597595215,203.60246419906616
58,R4,LOCAL_TREE-ABRUPT-MILD,58,711a24bf8d1f4f55,CHAMPION-RESEED,0.15425,65312520.0,14.0,1216456.0,2527652.5,235508825.5,345924.5,65312534.0,11123879000.0,10583741317.0,11.123879,10.583741317,608.228,372180992.0,354.939453125,2.410557270050049,224.59871816635132
58,R4,LOCAL_TREE-ABRUPT-MILD,58,711a24bf8d1f4f55,PERSIST,0.165,65312520.0,0.0,1190519.0,2335732.0,202219174.5,335142.0,65312520.0,10862525500.0,10322481356.0,10.8625255,10.322481356,595.2595,368973824.0,351.880859375,2.227527618408203,192.85123300552368
58,R4,LOCAL_TREE-ABRUPT-MILD,58,711a24bf8d1f4f55,POPULATION-RESEED,0.15475,65312520.0,2245.0,1197612.5,2537727.0,229405758.0,329218.0,65314765.0,10760757500.0,10309653127.0,10.7607575,10.309653127,598.80625,378497024.0,360.962890625,2.4201650619506836,218.77837944030762
59,R4,LOCAL_TREE-ABRUPT-MILD,59,405928e25e53acb5,CHAMPION-RESEED,0.16625,65312519.5,12.0,1215345.5,2544394.5,222033180.0,328299.0,65312531.5,10806249500.0,10382994956.5,10.8062495,10.3829949565,607.67275,385077248.0,367.23828125,2.4265236854553223,211.74734115600586
59,R4,LOCAL_TREE-ABRUPT-MILD,59,405928e25e53acb5,PERSIST,0.17125,65312520.0,0.0,1217567.0,1769141.5,173964079.0,293213.5,65312520.0,10326371000.0,9847214520.5,10.326371,9.8472145205,608.7835,369682432.0,352.556640625,1.6871848106384277,165.90507411956787
59,R4,LOCAL_TREE-ABRUPT-MILD,59,405928e25e53acb5,POPULATION-RESEED,0.168,65312520.0,1766.0,1158936.5,2084392.0,210725340.5,304010.0,65314286.0,10465752500.0,10046249938.0,10.4657525,10.046249938,579.46825,395350016.0,377.03515625,1.9878311157226562,200.96334505081177
60,R4,LOCAL_TREE-ABRUPT-MILD,60,ec70c1c268d2bdd7,CHAMPION-RESEED,0.16625,65312520.0,12.0,1138506.0,2300279.0,223508054.5,331114.5,65312532.0,11146926000.0,10434904654.5,11.146926,10.4349046545,569.253,281423872.0,268.38671875,2.1937170028686523,213.15389108657837
60,R4,LOCAL_TREE-ABRUPT-MILD,60,ec70c1c268d2bdd7,PERSIST,0.17325,65312520.0,0.0,1213511.0,1905599.5,186091702.5,310013.0,65312520.0,10736881500.0,10099236754.0,10.7368815,10.099236754,606.7555,276559872.0,263.748046875,1.8173213005065918,177.47087717056274
60,R4,LOCAL_TREE-ABRUPT-MILD,60,ec70c1c268d2bdd7,POPULATION-RESEED,0.1745,65312520.0,1767.0,1173671.0,2222590.0,218035536.5,313305.5,65314287.0,10820178500.0,10189046659.0,10.8201785,10.189046659,586.8355,288710656.0,275.3359375,2.119626998901367,207.93489122390747
61,R4,LOCAL_TREE-ABRUPT-MILD,61,5684bc99b2f6ad0b,CHAMPION-RESEED,0.17049999999999998,65312520.0,12.0,1197738.5,1821920.5,212769159.0,315246.0,65312532.0,10463698500.0,10094199753.0,10.4636985,10.094199753,598.86925,380080128.0,362.47265625,1.7375187873840332,202.91248226165771
61,R4,LOCAL_TREE-ABRUPT-MILD,61,5684bc99b2f6ad0b,PERSIST,0.1695,65312520.0,0.0,1194267.5,1946771.5,179861989.5,300425.5,65312520.0,10290541500.0,9801328107.0,10.2905415,9.801328107,597.13375,373245952.0,355.955078125,1.85658597946167,171.52975988388062
61,R4,LOCAL_TREE-ABRUPT-MILD,61,5684bc99b2f6ad0b,POPULATION-RESEED,0.16475,65312520.0,1738.0,1224720.5,2602527.0,217376592.5,313567.0,65314258.0,10518510500.0,10137189197.5,10.5185105,10.1371891975,612.36025,393207808.0,374.9921875,2.4819631576538086,207.30647325515747
62,R4,LOCAL_TREE-ABRUPT-MILD,62,4f872e3d578cdc68,CHAMPION-RESEED,0.15875,65312520.0,16.0,1310635.5,2689883.0,258031796.0,377800.5,65312536.0,11763876000.0,11109916504.0,11.763876,11.109916504,655.31775,312434688.0,297.9609375,2.565272331237793,246.07829666137695
62,R4,LOCAL_TREE-ABRUPT-MILD,62,4f872e3d578cdc68,PERSIST,0.1665,65312520.0,0.0,1341213.5,2940170.5,230924757.0,379234.0,65312520.0,11818926500.0,11123362763.5,11.8189265,11.1233627635,670.60675,307193856.0,292.962890625,2.8039650917053223,220.2270097732544
62,R4,LOCAL_TREE-ABRUPT-MILD,62,4f872e3d578cdc68,POPULATION-RESEED,0.16675,65312520.0,1914.0,1273251.5,1950577.0,230151282.5,330618.5,65314434.0,11108908000.0,10557915250.0,11.108908,10.55791525,636.62575,323256320.0,308.28125,1.860215187072754,219.48936700820923
63,R4,LOCAL_TREE-ABRUPT-MILD,63,8ede2d78c604fe1d,CHAMPION-RESEED,0.15625,65312520.0,17.0,1236976.5,2064973.5,244085309.5,358703.0,65312537.0,11292354500.0,10741476808.5,11.2923545,10.7414768085,618.48825,332910592.0,317.48828125,1.9693121910095215,232.77789068222046
63,R4,LOCAL_TREE-ABRUPT-MILD,63,8ede2d78c604fe1d,PERSIST,0.1585,65312520.0,0.0,1232626.0,1813023.0,186794846.0,311088.5,65312520.0,10662954000.0,10057881668.0,10.662954,10.057881668,616.313,315023360.0,300.4296875,1.7290334701538086,178.14144706726074
63,R4,LOCAL_TREE-ABRUPT-MILD,63,8ede2d78c604fe1d,POPULATION-RESEED,0.15925,65312520.0,2000.0,1246430.5,2357683.0,248335918.0,354250.5,65314520.0,11391734500.0,10774258002.0,11.3917345,10.774258002,623.21525,334006272.0,318.533203125,2.2484617233276367,236.83158683776855
64,R4,LOCAL_TREE-ABRUPT-MILD,64,bbc168cd63d35e92,CHAMPION-RESEED,0.156,65312520.0,12.0,1190855.5,1762027.0,217234452.0,321538.5,65312532.0,10599175500.0,10168624244.5,10.5991755,10.1686242445,595.42775,377499648.0,360.01171875,1.6803998947143555,207.17091751098633
64,R4,LOCAL_TREE-ABRUPT-MILD,64,bbc168cd63d35e92,PERSIST,0.14475,65312520.0,0.0,1208951.0,1957723.5,182208075.0,304747.0,65312520.0,10505176000.0,9993733450.5,10.505176,9.9937334505,604.4755,367878144.0,350.8359375,1.8670306205749512,173.76716136932373
64,R4,LOCAL_TREE-ABRUPT-MILD,64,bbc168cd63d35e92,POPULATION-RESEED,0.1535,65312520.0,1765.0,1152824.5,2044368.5,205193734.5,296638.0,65314285.0,10294366500.0,9891113055.0,10.2943665,9.891113055,576.41225,382812160.0,365.078125,1.9496617317199707,195.68799448013306
65,R4,LOCAL_TREE-ABRUPT-MILD,65,0ef26de62f659ca1,CHAMPION-RESEED,0.13375,65312520.0,13.0,1222190.5,2354769.0,240054306.0,353258.0,65312533.0,11234135500.0,10741723068.5,11.2341355,10.7417230685,611.09525,298901504.0,285.0546875,2.245682716369629,228.93362617492676
65,R4,LOCAL_TREE-ABRUPT-MILD,65,0ef26de62f659ca1,PERSIST,0.14525,65312520.0,0.0,1199561.0,1774170.0,182152212.5,305342.5,65312520.0,10368293000.0,9895666632.0,10.368293,9.895666632,599.7805,288397312.0,275.037109375,1.6919803619384766,173.7138867378235
65,R4,LOCAL_TREE-ABRUPT-MILD,65,0ef26de62f659ca1,POPULATION-RESEED,0.14775,65312520.0,1845.0,1195597.0,1927990.5,209732303.5,302506.0,65314365.0,10429991500.0,9983502114.0,10.4299915,9.983502114,597.7985,303951872.0,289.87109375,1.8386750221252441,200.01631116867065
66,R4,LOCAL_TREE-ABRUPT-MILD,66,1856361c03d3516c,CHAMPION-RESEED,0.157,65312520.0,13.0,1227948.5,2665391.0,244498753.0,359912.0,65312533.0,11384693500.0,10792191301.5,11.3846935,10.7921913015,613.97425,322404352.0,307.46875,2.541914939880371,233.17218112945557
66,R4,LOCAL_TREE-ABRUPT-MILD,66,1856361c03d3516c,PERSIST,0.16575,65312520.0,0.0,1236212.5,1924363.0,198137357.5,329806.0,65312520.0,10968405000.0,10378756594.5,10.968405,10.3787565945,618.10625,306458624.0,292.26171875,1.8352155685424805,188.95850896835327
66,R4,LOCAL_TREE-ABRUPT-MILD,66,1856361c03d3516c,POPULATION-RESEED,0.154,65312520.0,1883.0,1189464.0,2478064.5,235553334.5,338246.0,65314403.0,11089153500.0,10539345200.0,11.0891535,10.5393452,594.732,335198208.0,319.669921875,2.3632664680480957,224.64116525650024
67,R4,LOCAL_TREE-ABRUPT-MILD,67,6cdd974609fc38a5,CHAMPION-RESEED,0.1395,65312520.0,13.0,1186242.0,2894568.0,246678415.0,362485.0,65312533.0,11278389000.0,10765902493.5,11.278389,10.7659024935,593.121,374835200.0,357.470703125,2.7604751586914062,235.25086879730225
67,R4,LOCAL_TREE-ABRUPT-MILD,67,6cdd974609fc38a5,PERSIST,0.1475,65312520.0,0.0,1199700.0,1759822.0,189118134.0,316866.0,65312520.0,10767441000.0,10180965241.0,10.767441,10.180965241,599.85,362213376.0,345.43359375,1.6782970428466797,180.3571071624756
67,R4,LOCAL_TREE-ABRUPT-MILD,67,6cdd974609fc38a5,POPULATION-RESEED,0.14200000000000002,65312520.0,1901.0,1240789.5,2129636.0,218899421.0,315216.5,65314421.0,10610373500.0,10174943056.5,10.6103735,10.1749430565,620.39475,378464256.0,360.931640625,2.0309791564941406,208.75875568389893
68,R4,LOCAL_TREE-ABRUPT-MILD,68,0a90a978ea3282ed,CHAMPION-RESEED,0.17049999999999998,65312520.0,13.0,1204945.5,1952346.0,220452145.5,326377.5,65312533.0,11058480500.0,10413819396.5,11.0584805,10.4138193965,602.47275,309927936.0,295.5703125,1.8619022369384766,210.23954916000366
68,R4,LOCAL_TREE-ABRUPT-MILD,68,0a90a978ea3282ed,PERSIST,0.17375000000000002,65312520.0,0.0,1258112.0,3397577.5,219317652.5,361399.5,65312520.0,11680320500.0,10897290461.0,11.6803205,10.897290461,629.056,308604928.0,294.30859375,3.240182399749756,209.157612323761
68,R4,LOCAL_TREE-ABRUPT-MILD,68,0a90a978ea3282ed,POPULATION-RESEED,0.172,65312520.0,1860.0,1186502.0,2241109.0,227076134.0,326579.0,65314380.0,11048494000.0,10430661698.5,11.048494,10.4306616985,593.251,317868032.0,303.142578125,2.1372880935668945,216.55667686462402
69,R4,LOCAL_TREE-ABRUPT-MILD,69,bc715b2227cb46dc,CHAMPION-RESEED,0.1615,65312520.0,13.0,1232133.0,1953963.0,234186797.5,344678.5,65312533.0,11023318500.0,10512981440.0,11.0233185,10.51298144,616.0665,331212800.0,315.869140625,1.8634443283081055,223.3379340171814
69,R4,LOCAL_TREE-ABRUPT-MILD,69,bc715b2227cb46dc,PERSIST,0.161,65312520.0,0.0,1206973.5,1860277.0,187244691.0,311944.0,65312520.0,10647470500.0,10051807489.0,10.6474705,10.051807489,603.48675,305657856.0,291.498046875,1.7740983963012695,178.5704526901245
69,R4,LOCAL_TREE-ABRUPT-MILD,69,bc715b2227cb46dc,POPULATION-RESEED,0.15725,65312520.0,1947.0,1224995.5,2880138.5,273844923.0,389087.5,65314467.0,11985748500.0,11274504261.5,11.9857485,11.2745042615,612.49775,350027776.0,333.8125,2.7467141151428223,261.15886974334717
70,R4,LOCAL_TREE-ABRUPT-MILD,70,e09fb599d905d2d3,CHAMPION-RESEED,0.157,65312520.0,19.0,1217026.0,3169212.0,271849079.5,393583.5,65312539.0,12041453000.0,11423349400.0,12.041453,11.4233494,608.513,386072576.0,368.1875,3.0223960876464844,259.2554850578308
70,R4,LOCAL_TREE-ABRUPT-MILD,70,e09fb599d905d2d3,PERSIST,0.16725,65312520.0,0.0,1217046.5,1961271.0,194212101.0,321808.5,65312520.0,10782262500.0,10221038612.0,10.7822625,10.221038612,608.52325,377534464.0,360.044921875,1.8704137802124023,185.21509265899658
70,R4,LOCAL_TREE-ABRUPT-MILD,70,e09fb599d905d2d3,POPULATION-RESEED,0.161,65312520.0,2381.0,4794594.5,2358755.5,234437205.0,334065.5,65314901.0,10963812000.0,10513795567.0,10.963812,10.513795567,2397.29725,397021184.0,378.62890625,2.2494845390319824,223.5767412185669
71,R4,LOCAL_TREE-ABRUPT-MILD,71,c512eb173d06e372,CHAMPION-RESEED,0.16249999999999998,65312520.0,15.0,1222162.5,2177489.5,233259069.0,342200.0,65312535.0,11197592000.0,10669107164.0,11.197592,10.669107164,611.08125,309301248.0,294.97265625,2.076615810394287,222.4531831741333
71,R4,LOCAL_TREE-ABRUPT-MILD,71,c512eb173d06e372,PERSIST,0.16475,65312520.0,0.0,1270161.5,2255939.0,199769269.0,330969.5,65312520.0,11037414000.0,10386716533.5,11.037414,10.3867165335,635.08075,289413120.0,276.005859375,2.151431083679199,190.51482105255127
71,R4,LOCAL_TREE-ABRUPT-MILD,71,c512eb173d06e372,POPULATION-RESEED,0.16025,65312520.0,2242.0,1214956.5,2388618.5,231125377.5,330132.5,65314762.0,10846074000.0,10376131772.5,10.846074,10.3761317725,607.47825,317542400.0,302.83203125,2.2779641151428223,220.41833639144897
72,R4,LOCAL_TREE-ABRUPT-MILD,72,cca191c0c0c73a9b,CHAMPION-RESEED,0.16275,65312520.0,14.0,1248642.5,1998863.5,234978246.5,345834.0,65312534.0,11205962000.0,10670002467.5,11.205962,10.6700024675,624.32125,311984128.0,297.53125,1.9062647819519043,224.0927186012268
72,R4,LOCAL_TREE-ABRUPT-MILD,72,cca191c0c0c73a9b,PERSIST,0.16625,65312520.0,0.0,1260283.0,1894831.5,201931425.0,335854.0,65312520.0,11183613000.0,10542982419.5,11.183613,10.5429824195,630.1415,299405312.0,285.53515625,1.8070521354675293,192.57681369781494
72,R4,LOCAL_TREE-ABRUPT-MILD,72,cca191c0c0c73a9b,POPULATION-RESEED,0.16525,65312520.0,2020.0,1242743.5,2339990.0,241204040.5,346634.0,65314540.0,11330028000.0,10733676062.5,11.330028,10.7336760625,621.37175,322525184.0,307.583984375,2.231588363647461,230.03009843826294
73,R4,LOCAL_TREE-ABRUPT-MILD,73,f795d7faf33d8006,CHAMPION-RESEED,0.15375,65312519.5,15.0,1177467.0,2556224.5,252243897.5,367936.0,65312534.5,11494721000.0,10979101497.0,11.494721,10.979101497,588.7335,323600384.0,308.609375,2.437805652618408,240.5585265159607
73,R4,LOCAL_TREE-ABRUPT-MILD,73,f795d7faf33d8006,PERSIST,0.15325,65312520.0,0.0,1180703.0,2114487.5,197187819.5,327280.5,65312520.0,10839393500.0,10326553369.5,10.8393935,10.3265533695,590.3515,303456256.0,289.3984375,2.0165324211120605,188.0529589653015
73,R4,LOCAL_TREE-ABRUPT-MILD,73,f795d7faf33d8006,POPULATION-RESEED,0.15625,65312520.0,2072.0,6494283.0,2302679.0,238495102.0,340936.0,65314592.0,11074369000.0,10570874674.5,11.074369,10.5708746745,3247.1415,325638144.0,310.552734375,2.1960058212280273,227.44665336608887
74,R4,LOCAL_TREE-ABRUPT-MILD,74,a89f71da19d31ac1,CHAMPION-RESEED,0.15775,65312520.0,10.0,6876144.0,1595081.0,192115433.5,287866.0,65312530.0,10108486000.0,9708723182.0,10.108486,9.708723182,3438.072,331706368.0,316.33984375,1.5211877822875977,183.21555471420288
74,R4,LOCAL_TREE-ABRUPT-MILD,74,a89f71da19d31ac1,PERSIST,0.1605,65312520.0,0.0,1156440.0,1903326.0,171315088.5,288045.5,65312520.0,10199187000.0,9725307935.0,10.199187,9.725307935,578.22,328867840.0,313.6328125,1.8151531219482422,163.37879991531372
74,R4,LOCAL_TREE-ABRUPT-MILD,74,a89f71da19d31ac1,POPULATION-RESEED,0.1475,65312520.0,1488.0,1152005.5,2420335.0,205340219.5,297784.5,65314008.0,10450400500.0,9956412959.5,10.4504005,9.9564129595,576.00275,336275456.0,320.697265625,2.308211326599121,195.82769346237183
75,R4,LOCAL_TREE-ABRUPT-MILD,75,87ed9a0dff1d2606,CHAMPION-RESEED,0.1605,65312520.0,15.0,1207210.0,1928865.5,227774685.0,336609.5,65312535.0,10797816000.0,10414938010.0,10.797816,10.41493801,603.605,380432384.0,362.80859375,1.8395094871520996,217.22286701202393
75,R4,LOCAL_TREE-ABRUPT-MILD,75,87ed9a0dff1d2606,PERSIST,0.16675,65312520.0,0.0,1160810.0,2016188.0,196484986.5,326810.0,65312520.0,10788281000.0,10258674577.5,10.788281,10.2586745775,580.405,367075328.0,350.0703125,1.9227867126464844,187.38268518447876
75,R4,LOCAL_TREE-ABRUPT-MILD,75,87ed9a0dff1d2606,POPULATION-RESEED,0.16499999999999998,65312520.0,2066.0,1149097.0,2652503.5,240084074.0,343193.5,65314586.0,11122238500.0,10629551633.0,11.1222385,10.629551633,574.5485,383252480.0,365.498046875,2.5296244621276855,228.96201515197754
76,R4,LOCAL_TREE-ABRUPT-MILD,76,498cc793a25f749c,CHAMPION-RESEED,0.17225000000000001,65312520.0,13.0,1230472.5,2080250.5,237017149.5,349156.5,65312533.0,11085335500.0,10571333098.0,11.0853355,10.571333098,615.23625,370040832.0,352.8984375,1.9838814735412598,226.03716802597046
76,R4,LOCAL_TREE-ABRUPT-MILD,76,498cc793a25f749c,PERSIST,0.163,65312520.0,0.0,1186083.0,2102991.0,197614230.0,328217.5,65312520.0,10815531500.0,10216980214.5,10.8155315,10.2169802145,593.0415,358033408.0,341.447265625,2.005568504333496,188.45961570739746
76,R4,LOCAL_TREE-ABRUPT-MILD,76,498cc793a25f749c,POPULATION-RESEED,0.16975,65312520.0,1933.0,1179045.5,2312150.0,229908831.5,331262.0,65314453.0,11018241000.0,10409883048.5,11.018241,10.4098830485,589.52275,371617792.0,354.40234375,2.205038070678711,219.25814771652222
77,R4,LOCAL_TREE-ABRUPT-MILD,77,6bef99dae24212d2,CHAMPION-RESEED,0.17,65312520.0,14.0,1238167.5,2510503.0,236829120.0,347814.5,65312534.0,11295416500.0,10735186477.0,11.2954165,10.735186477,619.08375,311613440.0,297.177734375,2.39420223236084,225.85784912109375
77,R4,LOCAL_TREE-ABRUPT-MILD,77,6bef99dae24212d2,PERSIST,0.16799999999999998,65312519.5,0.0,1260835.5,1795816.5,186382248.0,313236.0,65312519.5,10711149500.0,10117804385.0,10.7111495,10.117804385,630.41775,301490176.0,287.5234375,1.7126240730285645,177.74796295166016
77,R4,LOCAL_TREE-ABRUPT-MILD,77,6bef99dae24212d2,POPULATION-RESEED,0.17025,65312520.0,2069.0,1169395.5,2206620.0,224430721.0,321232.5,65314589.0,10936757000.0,10409259878.5,10.936757,10.4092598785,584.69775,316461056.0,301.80078125,2.1043968200683594,214.03381443023682
78,R4,LOCAL_TREE-ABRUPT-MILD,78,177072c12df34fbb,CHAMPION-RESEED,0.151,65312520.0,15.0,1211346.5,2126056.5,229856391.5,338300.5,65312535.0,10971234500.0,10505634404.5,10.9712345,10.5056344045,605.67325,357810176.0,341.234375,2.0275654792785645,219.20813703536987
78,R4,LOCAL_TREE-ABRUPT-MILD,78,177072c12df34fbb,PERSIST,0.15275,65312520.0,0.0,1171561.5,2230896.0,199664919.0,331218.0,65312520.0,10774691500.0,10295581770.0,10.7746915,10.29558177,585.78075,352667648.0,336.330078125,2.1275482177734375,190.41530513763428
78,R4,LOCAL_TREE-ABRUPT-MILD,78,177072c12df34fbb,POPULATION-RESEED,0.15675,65312520.0,2269.0,1193630.5,2269299.5,214507131.5,308217.0,65314789.0,10637726500.0,10182677332.5,10.6377265,10.1826773325,596.81525,359487488.0,342.833984375,2.164172649383545,204.56994199752808
79,R4,LOCAL_TREE-ABRUPT-MILD,79,c46af31cb911ae67,CHAMPION-RESEED,0.174,65312520.0,13.0,1198102.0,2123897.0,234921279.0,346194.5,65312533.0,11096667500.0,10519304418.5,11.0966675,10.5193044185,599.051,294817792.0,281.16015625,2.025506019592285,224.03839015960693
79,R4,LOCAL_TREE-ABRUPT-MILD,79,c46af31cb911ae67,PERSIST,0.16799999999999998,65312520.0,0.0,1242091.0,2594926.5,229045930.5,375164.0,65312520.0,11696054500.0,11062875746.5,11.6960545,11.0628757465,621.0455,292392960.0,278.84765625,2.474714756011963,218.43522119522095
79,R4,LOCAL_TREE-ABRUPT-MILD,79,c46af31cb911ae67,POPULATION-RESEED,0.17075,65312520.0,1793.0,1158290.5,2716546.0,229842872.5,330640.5,65314313.0,10982934000.0,10390574612.0,10.982934,10.390574612,579.14525,303820800.0,289.74609375,2.590700149536133,219.19524431228638
80,R4,LOCAL_TREE-ABRUPT-SEVERE,0,4af2cff11627bf0d,CHAMPION-RESEED,0.23425,65312520.0,16.0,5261337.5,3666789.0,286454513.5,410472.0,65312536.0,12653567000.0,11771668309.0,12.653567,11.771668309,2630.66875,340144128.0,324.38671875,3.496922492980957,273.1843123435974
80,R4,LOCAL_TREE-ABRUPT-SEVERE,0,4af2cff11627bf0d,PERSIST,0.2495,65312520.0,0.0,1269472.0,3215410.5,227274256.0,366848.5,65312520.0,11705523000.0,10921751114.0,11.705523,10.921751114,634.736,319813632.0,304.998046875,3.0664544105529785,216.74562072753906
80,R4,LOCAL_TREE-ABRUPT-SEVERE,0,4af2cff11627bf0d,POPULATION-RESEED,0.22799999999999998,65312520.0,2388.0,1274285.5,3530498.5,266003893.5,373355.5,65314908.0,12067581500.0,11281808342.5,12.0675815,11.2818083425,637.14275,353333248.0,336.96484375,3.366945743560791,253.68108129501343
81,R4,LOCAL_TREE-ABRUPT-SEVERE,1,e9728786307f119e,CHAMPION-RESEED,0.187,65312520.0,13.0,5334314.5,2803338.5,261754952.5,378332.0,65312533.0,11458275500.0,10989012054.5,11.4582755,10.9890120545,2667.15725,378210304.0,360.689453125,2.6734719276428223,249.62897539138794
81,R4,LOCAL_TREE-ABRUPT-SEVERE,1,e9728786307f119e,PERSIST,0.22575,65312520.0,0.0,1191609.0,3130087.5,235572805.0,377194.0,65312520.0,11763601500.0,11082813492.5,11.7636015,11.0828134925,595.8045,369244160.0,352.138671875,2.985084056854248,224.65973377227783
81,R4,LOCAL_TREE-ABRUPT-SEVERE,1,e9728786307f119e,POPULATION-RESEED,0.23925000000000002,65312520.0,1778.0,1172684.0,2214158.5,221436187.5,317432.5,65314298.0,10495834500.0,10062077861.5,10.4958345,10.0620778615,586.342,391028736.0,372.9140625,2.111586093902588,211.1780047416687
82,R4,LOCAL_TREE-ABRUPT-SEVERE,2,aeddaa7596a82c02,CHAMPION-RESEED,0.247,65312520.0,17.0,1269221.5,3198573.5,276293571.5,396201.5,65312537.0,12133661000.0,11496834796.5,12.133661,11.4968347965,634.61075,324345856.0,309.3203125,3.0503973960876465,263.49408292770386
82,R4,LOCAL_TREE-ABRUPT-SEVERE,2,aeddaa7596a82c02,PERSIST,0.25875000000000004,65312520.0,0.0,1263451.5,3889446.0,248155125.0,396917.5,65312520.0,12011324000.0,11379015106.5,12.011324,11.3790151065,631.72575,322949120.0,307.98828125,3.7092647552490234,236.65916919708252
82,R4,LOCAL_TREE-ABRUPT-SEVERE,2,aeddaa7596a82c02,POPULATION-RESEED,0.2435,65312520.0,2057.0,1223783.0,2897673.0,239058777.0,337666.0,65314577.0,11060114000.0,10553374420.5,11.060114,10.5533744205,611.8915,330549248.0,315.236328125,2.7634363174438477,227.98421573638916
83,R4,LOCAL_TREE-ABRUPT-SEVERE,3,63798eff613f3d2f,CHAMPION-RESEED,0.22099999999999997,65312520.0,13.0,1300853.0,3390583.0,281078599.0,404423.5,65312533.0,12359303000.0,11635797153.0,12.359303,11.635797153,650.4265,377595904.0,360.103515625,3.2335119247436523,268.05744075775146
83,R4,LOCAL_TREE-ABRUPT-SEVERE,3,63798eff613f3d2f,PERSIST,0.218,65312520.0,0.0,1282288.5,3369403.5,249622843.5,399694.0,65312520.0,12174177000.0,11409153341.0,12.174177,11.409153341,641.14425,336340992.0,320.759765625,3.213313579559326,238.05889463424683
83,R4,LOCAL_TREE-ABRUPT-SEVERE,3,63798eff613f3d2f,POPULATION-RESEED,0.23049999999999998,65312520.0,2147.0,1295501.5,3808054.5,273651658.0,385415.5,65314667.0,12141841000.0,11442437556.0,12.141841,11.442437556,647.75075,388968448.0,370.94921875,3.631643772125244,260.9745578765869
84,R4,LOCAL_TREE-ABRUPT-SEVERE,4,268bc2ab9aa2d0f3,CHAMPION-RESEED,0.2365,65312520.0,13.0,1338640.0,3842050.5,296897581.5,425976.5,65312533.0,12478067500.0,11857179452.5,12.4780675,11.8571794525,669.32,396132352.0,377.78125,3.664064884185791,283.1435980796814
84,R4,LOCAL_TREE-ABRUPT-SEVERE,4,268bc2ab9aa2d0f3,PERSIST,0.22325,65312520.0,0.0,1291354.5,3521519.0,244770449.5,392805.0,65312520.0,11956583000.0,11357356549.0,11.956583,11.357356549,645.67725,385771520.0,367.900390625,3.358382225036621,233.43129110336304
84,R4,LOCAL_TREE-ABRUPT-SEVERE,4,268bc2ab9aa2d0f3,POPULATION-RESEED,0.2235,65312520.0,1917.0,1284643.0,3135720.5,262376192.0,371171.0,65314437.0,11486888500.0,10980805036.0,11.4868885,10.980805036,642.3215,404795392.0,386.04296875,2.9904561042785645,250.221435546875
85,R4,LOCAL_TREE-ABRUPT-SEVERE,5,44699cc426e09db9,CHAMPION-RESEED,0.2205,65312520.0,15.0,6249696.0,2662052.5,247971433.0,358736.0,65312535.0,11499253500.0,10744307612.0,11.4992535,10.744307612,3124.848,346746880.0,330.68359375,2.538731098175049,236.48398685455322
85,R4,LOCAL_TREE-ABRUPT-SEVERE,5,44699cc426e09db9,PERSIST,0.24775,65312520.0,0.0,1207850.0,3144220.0,240571739.0,385816.0,65312520.0,12040679500.0,11204072980.5,12.0406795,11.2040729805,603.925,308228096.0,293.94921875,2.9985618591308594,229.4270887374878
85,R4,LOCAL_TREE-ABRUPT-SEVERE,5,44699cc426e09db9,POPULATION-RESEED,0.2475,65312520.0,2271.0,1165586.0,3086552.5,255592627.5,360292.0,65314791.0,11681660500.0,10953987288.5,11.6816605,10.9539872885,582.793,357580800.0,341.015625,2.943565845489502,243.7521243095398
86,R4,LOCAL_TREE-ABRUPT-SEVERE,6,ef51b0037773e10f,CHAMPION-RESEED,0.22749999999999998,65312520.0,15.0,1237810.0,3067173.5,308968281.0,444364.0,65312535.0,12682887000.0,12052772340.5,12.682887,12.0527723405,618.905,379895808.0,362.296875,2.9250845909118652,294.65511417388916
86,R4,LOCAL_TREE-ABRUPT-SEVERE,6,ef51b0037773e10f,PERSIST,0.24,65312520.0,0.0,1248266.5,3513789.0,248555401.0,397871.5,65312520.0,12026762500.0,11416580008.5,12.0267625,11.4165800085,624.13325,369471488.0,352.35546875,3.351010322570801,237.04090213775635
86,R4,LOCAL_TREE-ABRUPT-SEVERE,6,ef51b0037773e10f,POPULATION-RESEED,0.27449999999999997,65312520.0,2279.0,1248706.0,3278442.5,262882736.0,370610.5,65314799.0,11619606500.0,11109736222.0,11.6196065,11.109736222,624.353,386781184.0,368.86328125,3.1265664100646973,250.7045135498047
87,R4,LOCAL_TREE-ABRUPT-SEVERE,7,66f3a5c7e816b783,CHAMPION-RESEED,0.248,65312520.0,14.0,1229747.0,2794161.5,245698960.0,355366.0,65312534.0,11535985000.0,10811120413.5,11.535985,10.8111204135,614.8735,315174912.0,300.57421875,2.664720058441162,234.31678771972656
87,R4,LOCAL_TREE-ABRUPT-SEVERE,7,66f3a5c7e816b783,PERSIST,0.25075000000000003,65312520.0,0.0,1164849.5,2953788.0,228721026.0,368441.5,65312520.0,11769635000.0,10978325150.5,11.769635,10.9783251505,582.42475,301516800.0,287.548828125,2.8169517517089844,218.12536811828613
87,R4,LOCAL_TREE-ABRUPT-SEVERE,7,66f3a5c7e816b783,POPULATION-RESEED,0.2525,65312520.0,2069.0,6138450.5,2943816.5,235722998.0,333036.5,65314589.0,11264655500.0,10538959785.0,11.2646555,10.538959785,3069.22525,321058816.0,306.185546875,2.8074421882629395,224.80296897888184
88,R4,LOCAL_TREE-ABRUPT-SEVERE,8,f74149482cbb9a58,CHAMPION-RESEED,0.19725,65312520.0,12.0,1386585.5,2929172.5,272247962.0,394022.5,65312532.0,12018122500.0,11271591165.5,12.0181225,11.2715911655,693.29275,336574464.0,320.982421875,2.7934765815734863,259.6358890533447
88,R4,LOCAL_TREE-ABRUPT-SEVERE,8,f74149482cbb9a58,PERSIST,0.21075,65312520.0,0.0,1305117.5,2893341.0,211021532.5,342180.0,65312520.0,11461645500.0,10709858498.5,11.4616455,10.7098584985,652.55875,323299328.0,308.322265625,2.759305000305176,201.24581575393677
88,R4,LOCAL_TREE-ABRUPT-SEVERE,8,f74149482cbb9a58,POPULATION-RESEED,0.219,65312520.0,1790.0,1245347.5,3527226.5,253229743.0,358134.5,65314310.0,11651276500.0,10903439215.0,11.6512765,10.903439215,622.67375,341016576.0,325.21875,3.3638253211975098,241.49870204925537
89,R4,LOCAL_TREE-ABRUPT-SEVERE,9,e8acd1c7241c291f,CHAMPION-RESEED,0.2435,65312520.0,17.0,1377877.0,3323525.5,283003348.5,405759.0,65312537.0,12111111500.0,11555759278.5,12.1111115,11.5557592785,688.9385,334217216.0,318.734375,3.1695609092712402,269.89302492141724
89,R4,LOCAL_TREE-ABRUPT-SEVERE,9,e8acd1c7241c291f,PERSIST,0.239,65312520.0,0.0,1351027.0,2111072.0,188439831.5,307766.0,65312520.0,10438191000.0,9983720569.0,10.438191,9.983720569,675.5135,318883840.0,304.111328125,2.013275146484375,179.71022748947144
89,R4,LOCAL_TREE-ABRUPT-SEVERE,9,e8acd1c7241c291f,POPULATION-RESEED,0.247,65312520.0,2238.0,1334807.5,2624687.0,227021889.0,322091.5,65314758.0,10830836000.0,10322628967.5,10.830836,10.3226289675,667.40375,335929344.0,320.3671875,2.503096580505371,216.50494480133057
90,R4,LOCAL_TREE-ABRUPT-SEVERE,10,01773983eac6e95b,CHAMPION-RESEED,0.22225,65312520.0,12.0,1305369.0,2554424.5,255922056.0,367743.0,65312532.0,11547268500.0,10942043358.5,11.5472685,10.9420433585,652.6845,311121920.0,296.708984375,2.436089038848877,244.06629180908203
90,R4,LOCAL_TREE-ABRUPT-SEVERE,10,01773983eac6e95b,PERSIST,0.2095,65312520.0,0.0,1294055.0,3018139.5,220092307.0,350237.5,65312520.0,11575490000.0,10835690436.0,11.57549,10.835690436,647.0275,292777984.0,279.21484375,2.878322124481201,209.8963804244995
90,R4,LOCAL_TREE-ABRUPT-SEVERE,10,01773983eac6e95b,POPULATION-RESEED,0.21475,65312520.0,1808.0,1235703.5,3431887.0,251886372.5,352322.5,65314328.0,11513280000.0,10886974520.5,11.51328,10.8869745205,617.85175,326117376.0,311.009765625,3.272902488708496,240.21756410598755
91,R4,LOCAL_TREE-ABRUPT-SEVERE,11,b11079d43fd7f990,CHAMPION-RESEED,0.2055,65312520.0,13.0,1244491.0,3741718.0,285783783.0,407723.5,65312533.0,12168194500.0,11620544711.0,12.1681945,11.620544711,622.2455,400922624.0,382.349609375,3.568380355834961,272.5446538925171
91,R4,LOCAL_TREE-ABRUPT-SEVERE,11,b11079d43fd7f990,PERSIST,0.22925,65312520.0,0.0,1224617.5,2647275.0,227894907.5,365219.0,65312520.0,11464415000.0,10889483120.0,11.464415,10.88948312,612.30875,393154560.0,374.94140625,2.5246381759643555,217.33752012252808
91,R4,LOCAL_TREE-ABRUPT-SEVERE,11,b11079d43fd7f990,POPULATION-RESEED,0.2295,65312520.0,1957.0,1226894.5,2633163.5,252366921.5,352862.0,65314477.0,11288082000.0,10802784303.5,11.288082,10.8027843035,613.44725,412495872.0,393.38671875,2.5111804008483887,240.67585134506226
92,R4,LOCAL_TREE-ABRUPT-SEVERE,12,1c8cf66ede87d094,CHAMPION-RESEED,0.23299999999999998,65312520.0,16.0,1255773.0,2835955.0,287758114.0,410133.0,65312536.0,12109340000.0,11563371230.5,12.10934,11.5633712305,627.8865,332961792.0,317.537109375,2.7045774459838867,274.42752265930176
92,R4,LOCAL_TREE-ABRUPT-SEVERE,12,1c8cf66ede87d094,PERSIST,0.24075000000000002,65312520.0,0.0,1187829.5,2451581.5,214396882.0,345882.5,65312520.0,11187930500.0,10655145530.0,11.1879305,10.65514553,593.91475,318253056.0,303.509765625,2.338010311126709,204.46479988098145
92,R4,LOCAL_TREE-ABRUPT-SEVERE,12,1c8cf66ede87d094,POPULATION-RESEED,0.24875,65312520.0,1939.0,1198303.5,3166566.0,295021085.5,409169.5,65314459.0,12282621000.0,11680463334.5,12.282621,11.6804633345,599.15175,346460160.0,330.41015625,3.0198726654052734,281.35403203964233
93,R4,LOCAL_TREE-ABRUPT-SEVERE,13,51e06319efadeaa0,CHAMPION-RESEED,0.22649999999999998,65312520.0,15.0,1193011.5,3226600.0,266512327.5,380421.5,65312535.0,11804659000.0,11216980314.5,11.804659,11.2169803145,596.50575,339324928.0,323.60546875,3.0771255493164062,254.16596174240112
93,R4,LOCAL_TREE-ABRUPT-SEVERE,13,51e06319efadeaa0,PERSIST,0.264,65312520.0,0.0,1235380.5,3449923.5,241115405.0,383941.5,65312520.0,12003268500.0,11270880688.5,12.0032685,11.2708806885,617.69025,328265728.0,313.05859375,3.2901034355163574,229.9455690383911
93,R4,LOCAL_TREE-ABRUPT-SEVERE,13,51e06319efadeaa0,POPULATION-RESEED,0.23675000000000002,65312520.0,2695.0,1154595.0,2847749.5,246210665.5,344127.0,65315215.0,11303695000.0,10707788101.0,11.303695,10.707788101,577.2975,351840256.0,335.541015625,2.7158255577087402,234.80478811264038
94,R4,LOCAL_TREE-ABRUPT-SEVERE,14,34651f67b37cb895,CHAMPION-RESEED,0.2025,65312520.0,14.0,1229873.0,2667455.0,255791629.0,366982.0,65312534.0,11645758000.0,10933509795.0,11.645758,10.933509795,614.9365,367177728.0,350.16796875,2.5438833236694336,243.9419069290161
94,R4,LOCAL_TREE-ABRUPT-SEVERE,14,34651f67b37cb895,PERSIST,0.24425000000000002,65312520.0,0.0,1295152.5,3253439.5,253197904.0,401986.5,65312520.0,12353355000.0,11436999501.5,12.353355,11.4369995015,647.57625,315052032.0,300.45703125,3.102721691131592,241.4683380126953
94,R4,LOCAL_TREE-ABRUPT-SEVERE,14,34651f67b37cb895,POPULATION-RESEED,0.2205,65312520.0,2046.0,1198819.5,3013467.5,268511447.5,376492.0,65314566.0,11902156000.0,11107732964.0,11.902156,11.107732964,599.40975,374366208.0,357.0234375,2.873866558074951,256.0724711418152
95,R4,LOCAL_TREE-ABRUPT-SEVERE,15,42044306308bc86e,CHAMPION-RESEED,0.203,65312519.5,12.0,5786484.5,2606495.5,233312063.0,336942.5,65312531.5,10859612500.0,10375315513.5,10.8596125,10.3753155135,2893.24225,378079232.0,360.564453125,2.485747814178467,222.50372219085693
95,R4,LOCAL_TREE-ABRUPT-SEVERE,15,42044306308bc86e,PERSIST,0.23349999999999999,65312520.0,0.0,1285113.0,2367468.0,190949134.0,309575.0,65312520.0,10575096500.0,10043525018.5,10.5750965,10.0435250185,642.5565,375764992.0,358.357421875,2.257793426513672,182.10328483581543
95,R4,LOCAL_TREE-ABRUPT-SEVERE,15,42044306308bc86e,POPULATION-RESEED,0.22675,65312520.0,1793.0,1256387.0,2643574.5,231513164.5,326327.5,65314313.0,10785327000.0,10321200798.0,10.785327,10.321200798,628.1935,395173888.0,376.8671875,2.521109104156494,220.7881588935852
96,R4,LOCAL_TREE-ABRUPT-SEVERE,16,e30bad2ee7e31384,CHAMPION-RESEED,0.25525,65312520.0,20.0,1375658.5,3602758.0,325622807.5,458778.5,65312540.0,13521985500.0,12604339247.5,13.5219855,12.6043392475,687.82925,321302528.0,306.41796875,3.4358577728271484,310.53810834884644
96,R4,LOCAL_TREE-ABRUPT-SEVERE,16,e30bad2ee7e31384,PERSIST,0.2505,65312520.0,0.0,1347946.5,3604932.5,259106597.5,409481.5,65312520.0,12658840000.0,11782445894.5,12.65884,11.7824458945,673.97325,315424768.0,300.8125,3.437931537628174,247.10330724716187
96,R4,LOCAL_TREE-ABRUPT-SEVERE,16,e30bad2ee7e31384,POPULATION-RESEED,0.2625,65312520.0,2777.0,1349849.0,4121366.0,308716399.0,424665.0,65315297.0,13312286000.0,12357558691.0,13.312286,12.357558691,674.9245,339433472.0,323.708984375,3.930440902709961,294.4149007797241
97,R4,LOCAL_TREE-ABRUPT-SEVERE,17,363257dc5f1c346e,CHAMPION-RESEED,0.2685,65312520.0,16.0,1202561.0,2475327.5,264930120.0,381402.0,65312536.0,11837486000.0,11205538842.5,11.837486,11.2055388425,601.2805,334706688.0,319.201171875,2.360656261444092,252.65705108642578
97,R4,LOCAL_TREE-ABRUPT-SEVERE,17,363257dc5f1c346e,PERSIST,0.22725,65312520.0,0.0,1282417.5,3577311.0,250681760.0,397785.5,65312520.0,12186258000.0,11390533391.0,12.186258,11.390533391,641.20875,318486528.0,303.732421875,3.4115896224975586,239.06875610351562
97,R4,LOCAL_TREE-ABRUPT-SEVERE,17,363257dc5f1c346e,POPULATION-RESEED,0.2465,65312520.0,1939.0,1195013.5,3305936.5,240949981.5,338028.0,65314459.0,11298987000.0,10731408760.5,11.298987,10.7314087605,597.50675,337958912.0,322.302734375,3.1527867317199707,229.78780889511108
98,R4,LOCAL_TREE-ABRUPT-SEVERE,18,59c24e2074954613,CHAMPION-RESEED,0.19874999999999998,65312520.0,10.0,1241323.5,3593465.0,259178346.0,372449.5,65312530.0,11562461500.0,10979133243.0,11.5624615,10.979133243,620.66175,363925504.0,347.06640625,3.426995277404785,247.17173194885254
98,R4,LOCAL_TREE-ABRUPT-SEVERE,18,59c24e2074954613,PERSIST,0.2295,65312520.0,0.0,1300268.5,2392303.5,205616990.5,330469.0,65312520.0,10852638500.0,10249391062.0,10.8526385,10.249391062,650.13425,352813056.0,336.46875,2.2814784049987793,196.0916428565979
98,R4,LOCAL_TREE-ABRUPT-SEVERE,18,59c24e2074954613,POPULATION-RESEED,0.22375,65312520.0,1490.0,1259049.5,2619861.5,232516794.0,328925.0,65314010.0,10988911500.0,10397889358.5,10.9889115,10.3978893585,629.52475,364830720.0,347.9296875,2.4984946250915527,221.74529457092285
99,R4,LOCAL_TREE-ABRUPT-SEVERE,19,52512313e951a4b0,CHAMPION-RESEED,0.2485,65312520.0,13.0,1231660.5,3898249.5,290874903.5,413911.0,65312533.0,12512635000.0,11745249772.5,12.512635,11.7452497725,615.83025,377815040.0,360.3125,3.717660427093506,277.39992475509644
99,R4,LOCAL_TREE-ABRUPT-SEVERE,19,52512313e951a4b0,PERSIST,0.23925000000000002,65312520.0,0.0,1221553.5,2825630.0,241546831.0,385108.0,65312520.0,11890428000.0,11163967851.0,11.890428,11.163967851,610.77675,372477952.0,355.22265625,2.694730758666992,230.357008934021
99,R4,LOCAL_TREE-ABRUPT-SEVERE,19,52512313e951a4b0,POPULATION-RESEED,0.2375,65312520.0,1982.0,1193611.0,3058800.0,267947205.0,374604.5,65314502.0,11705779500.0,11151934891.5,11.7057795,11.1519348915,596.8055,390653952.0,372.556640625,2.9170989990234375,255.53436756134033
100,R4,LOCAL_TREE-ABRUPT-SEVERE,20,87dcd5f356f423fb,CHAMPION-RESEED,0.198,65312520.0,13.0,1158683.5,2959068.0,263316403.5,376636.5,65312533.0,11700388500.0,11100912172.5,11.7003885,11.1009121725,579.34175,343971840.0,328.037109375,2.8219871520996094,251.1180911064148
100,R4,LOCAL_TREE-ABRUPT-SEVERE,20,87dcd5f356f423fb,PERSIST,0.223,65312520.0,0.0,1222719.5,2577612.0,227452310.0,363689.0,65312520.0,11556264000.0,10854929131.0,11.556264,10.854929131,611.35975,318113792.0,303.376953125,2.458202362060547,216.91542625427246
100,R4,LOCAL_TREE-ABRUPT-SEVERE,20,87dcd5f356f423fb,POPULATION-RESEED,0.21525,65312520.0,1908.0,1164410.0,2778889.5,241716399.0,339550.0,65314428.0,11148736500.0,10614133877.5,11.1487365,10.6141338775,582.205,363847680.0,346.9921875,2.650155544281006,230.51872158050537
101,R4,LOCAL_TREE-ABRUPT-SEVERE,21,b2c22ac4bcaef029,CHAMPION-RESEED,0.2465,65312520.0,14.0,5827204.0,3027730.5,268532687.5,383293.5,65312534.0,12140400500.0,11342292372.0,12.1404005,11.342292372,2913.602,357748736.0,341.17578125,2.8874688148498535,256.09272718429565
101,R4,LOCAL_TREE-ABRUPT-SEVERE,21,b2c22ac4bcaef029,PERSIST,0.2475,65312520.0,0.0,1272951.0,3659938.5,230643300.0,368257.0,65312520.0,11843498500.0,11067773129.5,11.8434985,11.0677731295,636.4755,341202944.0,325.396484375,3.490389347076416,219.95859146118164
101,R4,LOCAL_TREE-ABRUPT-SEVERE,21,b2c22ac4bcaef029,POPULATION-RESEED,0.2245,65312520.0,2048.0,1259704.0,3450796.0,269576231.5,376384.0,65314568.0,12007650000.0,11304507001.0,12.00765,11.304507001,629.852,360845312.0,344.12890625,3.290935516357422,257.0879282951355
102,R4,LOCAL_TREE-ABRUPT-SEVERE,22,3bab12cf14a11356,CHAMPION-RESEED,0.2655,65312520.0,13.0,1253203.5,2858507.0,260934508.5,373894.0,65312533.0,11660446500.0,11121312485.0,11.6604465,11.121312485,626.60175,335353856.0,319.818359375,2.7260847091674805,248.84653902053833
102,R4,LOCAL_TREE-ABRUPT-SEVERE,22,3bab12cf14a11356,PERSIST,0.23925000000000002,65312520.0,0.0,1157503.0,2942385.0,219391018.5,351942.5,65312520.0,11234952000.0,10691444386.5,11.234952,10.6914443865,578.7515,329601024.0,314.33203125,2.806077003479004,209.22757959365845
102,R4,LOCAL_TREE-ABRUPT-SEVERE,22,3bab12cf14a11356,POPULATION-RESEED,0.242,65312520.0,1926.0,1154171.0,3246252.5,249790000.5,349652.0,65314446.0,11402269500.0,10882747555.5,11.4022695,10.8827475555,577.0855,340512768.0,324.73828125,3.09586763381958,238.21830797195435
103,R4,LOCAL_TREE-ABRUPT-SEVERE,23,33f5644126ac263f,CHAMPION-RESEED,0.25,65312520.0,15.0,1165232.0,3059157.5,279383681.5,398998.5,65312535.0,12324135000.0,11516024041.5,12.324135,11.5160240415,582.616,391118848.0,373.0,2.9174399375915527,266.441041469574
103,R4,LOCAL_TREE-ABRUPT-SEVERE,23,33f5644126ac263f,PERSIST,0.24375,65312520.0,0.0,1237251.0,2257469.0,222556889.0,358299.5,65312520.0,11633299000.0,10869303244.5,11.633299,10.8693032445,618.6255,383735808.0,365.958984375,2.152890205383301,212.24678897857666
103,R4,LOCAL_TREE-ABRUPT-SEVERE,23,33f5644126ac263f,POPULATION-RESEED,0.257,65312520.0,2471.0,1111459.5,3301260.5,285994715.5,398523.0,65314991.0,12355454500.0,11551390612.5,12.3554545,11.5513906125,555.72975,408774656.0,389.837890625,3.148327350616455,272.74581480026245
104,R4,LOCAL_TREE-ABRUPT-SEVERE,24,e46474a7e951e359,CHAMPION-RESEED,0.218,65312520.0,12.0,1174308.0,2581494.5,243456234.5,351749.0,65312532.0,11418434500.0,10710422781.5,11.4184345,10.7104227815,587.154,305698816.0,291.537109375,2.461905002593994,232.1779580116272
104,R4,LOCAL_TREE-ABRUPT-SEVERE,24,e46474a7e951e359,PERSIST,0.2085,65312520.0,0.0,1258294.0,2364960.0,195849910.0,315626.5,65312520.0,10868679500.0,10165724810.0,10.8686795,10.16572481,629.147,298528768.0,284.69921875,2.255401611328125,186.7770290374756
104,R4,LOCAL_TREE-ABRUPT-SEVERE,24,e46474a7e951e359,POPULATION-RESEED,0.22849999999999998,65312520.0,1767.0,1149870.0,2335997.5,227024551.5,320504.5,65314287.0,10976115000.0,10321852555.5,10.976115,10.3218525555,574.935,327921664.0,312.73046875,2.227780818939209,216.507483959198
105,R4,LOCAL_TREE-ABRUPT-SEVERE,25,64aa355050705feb,CHAMPION-RESEED,0.2195,65312520.0,12.0,1223565.0,2379129.0,257506341.0,369517.5,65312532.0,11574928500.0,11055277305.5,11.5749285,11.0552773055,611.7825,371636224.0,354.419921875,2.268914222717285,245.5771837234497
105,R4,LOCAL_TREE-ABRUPT-SEVERE,25,64aa355050705feb,PERSIST,0.235,65312520.0,0.0,1261447.5,2767209.5,210299045.0,335236.5,65312520.0,11129132000.0,10577091404.5,11.129132,10.5770914045,630.72375,362397696.0,345.609375,2.639016628265381,200.5567979812622
105,R4,LOCAL_TREE-ABRUPT-SEVERE,25,64aa355050705feb,POPULATION-RESEED,0.23325,65312520.0,1740.0,1151562.0,2328814.5,226164947.0,320020.0,65314260.0,10820435500.0,10364319257.0,10.8204355,10.364319257,575.781,373633024.0,356.32421875,2.220930576324463,215.68770122528076
106,R4,LOCAL_TREE-ABRUPT-SEVERE,26,9a4ee481319d4b3f,CHAMPION-RESEED,0.23125,65312520.0,15.0,1296856.0,3731415.5,286482351.0,406624.0,65312535.0,12092066500.0,11510648858.5,12.0920665,11.5106488585,648.428,399392768.0,380.890625,3.5585551261901855,273.21086025238037
106,R4,LOCAL_TREE-ABRUPT-SEVERE,26,9a4ee481319d4b3f,PERSIST,0.23025,65312520.0,0.0,1322114.0,2641906.5,215485392.0,347505.0,65312520.0,11172433500.0,10619062763.5,11.1724335,10.6190627635,661.057,389670912.0,371.619140625,2.5195183753967285,205.5028839111328
106,R4,LOCAL_TREE-ABRUPT-SEVERE,26,9a4ee481319d4b3f,POPULATION-RESEED,0.2435,65312520.0,2198.0,1232693.5,3958289.0,284284321.5,394285.5,65314718.0,12012568500.0,11463745852.5,12.0125685,11.4637458525,616.34675,408150016.0,389.2421875,3.774918556213379,271.1146559715271
107,R4,LOCAL_TREE-ABRUPT-SEVERE,27,54719d90188bf976,CHAMPION-RESEED,0.22699999999999998,65312520.0,16.0,1258684.0,3964264.5,303660915.5,429672.0,65312536.0,12632118500.0,12025163123.0,12.6321185,12.025163123,629.342,408098816.0,389.193359375,3.7806172370910645,289.59361600875854
107,R4,LOCAL_TREE-ABRUPT-SEVERE,27,54719d90188bf976,PERSIST,0.22949999999999998,65312520.0,0.0,1317464.5,2813817.0,234801938.5,376077.5,65312520.0,11690991000.0,11065716557.5,11.690991,11.0657165575,658.73225,396414976.0,378.05078125,2.683465003967285,223.92457818984985
107,R4,LOCAL_TREE-ABRUPT-SEVERE,27,54719d90188bf976,POPULATION-RESEED,0.21675,65312520.0,2239.0,1289908.0,3925504.5,301249893.5,416961.5,65314759.0,12580812500.0,11943843734.5,12.5808125,11.9438437345,644.954,418664448.0,399.26953125,3.743652820587158,287.2942862510681
108,R4,LOCAL_TREE-ABRUPT-SEVERE,28,b2128b02b682e863,CHAMPION-RESEED,0.17325000000000002,65312520.0,8.0,1268366.0,1983830.5,210063091.5,307615.0,65312528.0,10478763000.0,9975932867.0,10.478763,9.975932867,634.183,369860608.0,352.7265625,1.8919281959533691,200.33177518844604
108,R4,LOCAL_TREE-ABRUPT-SEVERE,28,b2128b02b682e863,PERSIST,0.22849999999999998,65312520.0,0.0,1198606.5,2706703.0,212699535.5,339808.5,65312520.0,11109931000.0,10453977133.5,11.109931,10.4539771335,599.30325,359014400.0,342.3828125,2.581313133239746,202.8460841178894
108,R4,LOCAL_TREE-ABRUPT-SEVERE,28,b2128b02b682e863,POPULATION-RESEED,0.17125,65312520.0,1196.0,1198826.5,2132428.5,206987531.5,296140.0,65313716.0,10485278000.0,9911491749.0,10.485278,9.911491749,599.41325,371281920.0,354.08203125,2.033642292022705,197.39869260787964
109,R4,LOCAL_TREE-ABRUPT-SEVERE,29,9676648648defb68,CHAMPION-RESEED,0.1875,65312520.0,10.0,1216218.5,2197376.0,202818508.0,297976.5,65312530.0,10453784500.0,9923784271.0,10.4537845,9.923784271,608.10925,296390656.0,282.66015625,2.0955810546875,193.42280197143555
109,R4,LOCAL_TREE-ABRUPT-SEVERE,29,9676648648defb68,PERSIST,0.19724999999999998,65312519.5,0.0,1203400.0,2214775.5,179041818.0,289312.5,65312519.5,10381832000.0,9824894900.5,10.381832,9.8248949005,601.7,290605056.0,277.142578125,2.1121745109558105,170.74758338928223
109,R4,LOCAL_TREE-ABRUPT-SEVERE,29,9676648648defb68,POPULATION-RESEED,0.22349999999999998,65312520.0,1192.0,1210444.5,2774562.5,229664558.0,325539.5,65313712.0,11078871500.0,10440598179.5,11.0788715,10.4405981795,605.22225,300544000.0,286.62109375,2.646028995513916,219.02519035339355
110,R4,LOCAL_TREE-ABRUPT-SEVERE,30,02d69e6d4da16e48,CHAMPION-RESEED,0.2105,65312520.0,14.0,1283303.5,3452504.0,306120396.0,434442.0,65312534.0,12707601500.0,11981368307.5,12.7076015,11.9813683075,641.65175,391659520.0,373.515625,3.2925643920898438,291.93915939331055
110,R4,LOCAL_TREE-ABRUPT-SEVERE,30,02d69e6d4da16e48,PERSIST,0.243,65312520.0,0.0,1242735.0,3390817.0,236684252.5,378053.0,65312520.0,11840753000.0,11114343157.0,11.840753,11.114343157,621.3675,385003520.0,367.16796875,3.2337350845336914,225.71969270706177
110,R4,LOCAL_TREE-ABRUPT-SEVERE,30,02d69e6d4da16e48,POPULATION-RESEED,0.23375,65312520.0,2088.0,1294547.5,3017275.5,262990500.5,367283.0,65314608.0,11585989000.0,11029861834.0,11.585989,11.029861834,647.27375,409542656.0,390.5703125,2.877498149871826,250.80728578567505
111,R4,LOCAL_TREE-ABRUPT-SEVERE,31,29700829041a3273,CHAMPION-RESEED,0.21875,65312520.0,15.0,1382737.0,3568956.5,276118509.5,392438.0,65312535.0,12108298500.0,11399800611.5,12.1082985,11.3998006115,691.3685,311015424.0,296.607421875,3.4036221504211426,263.32713079452515
111,R4,LOCAL_TREE-ABRUPT-SEVERE,31,29700829041a3273,PERSIST,0.2205,65312520.0,0.0,1384175.5,2896216.5,217132415.0,346981.5,65312520.0,11387573000.0,10758695861.5,11.387573,10.7586958615,692.08775,308242432.0,293.962890625,2.762047290802002,207.07360744476318
111,R4,LOCAL_TREE-ABRUPT-SEVERE,31,29700829041a3273,POPULATION-RESEED,0.252,65312520.0,2259.0,1314918.0,3067590.0,230651219.0,324379.0,65314779.0,11083160000.0,10489694143.5,11.08316,10.4896941435,657.459,328744960.0,313.515625,2.9254817962646484,219.96614360809326
112,R4,LOCAL_TREE-ABRUPT-SEVERE,32,3d2531d020e62393,CHAMPION-RESEED,0.212,65312520.0,13.0,1228996.5,2855286.0,256944507.5,368927.0,65312533.0,11850833000.0,11139240640.5,11.850833,11.1392406405,614.49825,337858560.0,322.20703125,2.723012924194336,245.04137754440308
112,R4,LOCAL_TREE-ABRUPT-SEVERE,32,3d2531d020e62393,PERSIST,0.22299999999999998,65312520.0,0.0,1251091.0,2886388.0,239788214.0,380841.0,65312520.0,12142501000.0,11271760963.5,12.142501,11.2717609635,625.5455,320086016.0,305.2578125,2.752674102783203,228.6798610687256
112,R4,LOCAL_TREE-ABRUPT-SEVERE,32,3d2531d020e62393,POPULATION-RESEED,0.2235,65312520.0,1910.0,1215446.0,3261832.5,265063120.5,370133.0,65314430.0,12094878000.0,11288545754.5,12.094878,11.2885457545,607.723,338878464.0,323.1796875,3.1107258796691895,252.78389024734497
113,R4,LOCAL_TREE-ABRUPT-SEVERE,33,4fdb037eb118468c,CHAMPION-RESEED,0.22375,65312520.0,13.0,1227462.5,3066367.5,285425805.5,407355.5,65312533.0,12427571000.0,11664761976.5,12.427571,11.6647619765,613.73125,323952640.0,308.9453125,2.924315929412842,272.20325994491577
113,R4,LOCAL_TREE-ABRUPT-SEVERE,33,4fdb037eb118468c,PERSIST,0.21575,65312520.0,0.0,1263835.0,2994884.0,239863022.5,381194.0,65312520.0,11932989500.0,11224638919.0,11.9329895,11.224638919,631.9175,318613504.0,303.853515625,2.8561439514160156,228.75120401382446
113,R4,LOCAL_TREE-ABRUPT-SEVERE,33,4fdb037eb118468c,POPULATION-RESEED,0.237,65312520.0,1919.0,1226185.5,2914740.0,261892314.5,366036.5,65314439.0,11786407500.0,11149278006.5,11.7864075,11.1492780065,613.09275,355584000.0,339.111328125,2.779712677001953,249.75997400283813
114,R4,LOCAL_TREE-ABRUPT-SEVERE,34,66885b3b2157b2f4,CHAMPION-RESEED,0.23075,65312520.0,13.0,1275692.0,2648306.0,278402883.5,397886.0,65312533.0,12046478000.0,11373033669.0,12.046478,11.373033669,637.846,333391872.0,317.947265625,2.5256214141845703,265.50567960739136
114,R4,LOCAL_TREE-ABRUPT-SEVERE,34,66885b3b2157b2f4,PERSIST,0.29725,65312520.0,0.0,1289998.0,3213876.0,228191307.0,363751.5,65312520.0,11434778000.0,10789707647.0,11.434778,10.789707647,644.999,308606976.0,294.310546875,3.064990997314453,217.62018871307373
114,R4,LOCAL_TREE-ABRUPT-SEVERE,34,66885b3b2157b2f4,POPULATION-RESEED,0.23149999999999998,65312520.0,1870.0,1292712.5,3580061.0,261038097.0,364843.5,65314390.0,11523255500.0,10954656541.0,11.5232555,10.954656541,646.35625,348954624.0,332.7890625,3.414212226867676,248.94532871246338
115,R4,LOCAL_TREE-ABRUPT-SEVERE,35,872952251bb5a74b,CHAMPION-RESEED,0.239,65312520.0,14.0,1189375.5,4442886.5,299242898.0,424784.5,65312534.0,12807368000.0,11970764847.5,12.807368,11.9707648475,594.68775,322621440.0,307.67578125,4.237066745758057,285.3802661895752
115,R4,LOCAL_TREE-ABRUPT-SEVERE,35,872952251bb5a74b,PERSIST,0.226,65312520.0,0.0,1172218.5,2689443.5,221382441.5,354932.5,65312520.0,11537677500.0,10773625035.0,11.5376775,10.773625035,586.10925,299741184.0,285.85546875,2.5648531913757324,211.12674856185913
115,R4,LOCAL_TREE-ABRUPT-SEVERE,35,872952251bb5a74b,POPULATION-RESEED,0.2315,65312520.0,1896.0,1125425.5,3890126.5,273910429.0,381491.5,65314416.0,12231503000.0,11397062511.0,12.231503,11.397062511,562.71275,333496320.0,318.046875,3.709913730621338,261.2213411331177
116,R4,LOCAL_TREE-ABRUPT-SEVERE,36,30bcf7d7ded0ad10,CHAMPION-RESEED,0.2125,65312520.0,15.0,1278402.5,3090750.5,249886907.5,357571.0,65312535.0,11884075500.0,11318602061.5,11.8840755,11.3186020615,639.20125,350429184.0,334.1953125,2.9475693702697754,238.31072568893433
116,R4,LOCAL_TREE-ABRUPT-SEVERE,36,30bcf7d7ded0ad10,PERSIST,0.252,65312520.0,0.0,1313533.5,2731081.5,229395268.0,365283.0,65312520.0,12185346500.0,11491128102.5,12.1853465,11.4911281025,656.76675,316276736.0,301.625,2.604562282562256,218.76837539672852
116,R4,LOCAL_TREE-ABRUPT-SEVERE,36,30bcf7d7ded0ad10,POPULATION-RESEED,0.22375,65312520.0,2263.0,1280369.5,3239824.0,280388903.5,388744.5,65314783.0,13186285000.0,12526496850.0,13.186285,12.52649685,640.18475,365195264.0,348.27734375,3.0897369384765625,267.3996958732605
117,R4,LOCAL_TREE-ABRUPT-SEVERE,37,20690295d5d79cba,CHAMPION-RESEED,0.19075,65312520.0,12.0,1303253.5,3013129.5,246651731.5,355218.5,65312532.0,11237724500.0,10756761062.5,11.2377245,10.7567610625,651.62675,340250624.0,324.48828125,2.873544216156006,235.22542142868042
117,R4,LOCAL_TREE-ABRUPT-SEVERE,37,20690295d5d79cba,PERSIST,0.22925,65312520.0,0.0,1345539.5,1890720.0,199552699.0,322416.0,65312520.0,10811192500.0,10300003177.5,10.8111925,10.3000031775,672.76975,324814848.0,309.767578125,1.803131103515625,190.30828380584717
117,R4,LOCAL_TREE-ABRUPT-SEVERE,37,20690295d5d79cba,POPULATION-RESEED,0.20725,65312520.0,1762.0,1290413.0,4144663.5,294948548.5,408580.0,65314282.0,12311039500.0,11745634499.5,12.3110395,11.7456344995,645.2065,346107904.0,330.07421875,3.9526591300964355,281.2848553657532
118,R4,LOCAL_TREE-ABRUPT-SEVERE,38,8e562bc8e8e687e4,CHAMPION-RESEED,0.23125,65312520.0,14.0,1304175.5,2831743.0,231507799.0,332846.0,65312534.0,11076929000.0,10550554349.0,11.076929,10.550554349,652.08775,322451456.0,307.513671875,2.7005605697631836,220.78304195404053
118,R4,LOCAL_TREE-ABRUPT-SEVERE,38,8e562bc8e8e687e4,PERSIST,0.23299999999999998,65312520.0,0.0,1372998.5,2660925.0,196523269.0,318389.0,65312520.0,10915069500.0,10294371155.0,10.9150695,10.294371155,686.49925,310214656.0,295.84375,2.537655830383301,187.41919422149658
118,R4,LOCAL_TREE-ABRUPT-SEVERE,38,8e562bc8e8e687e4,POPULATION-RESEED,0.23025,65312520.0,2045.0,1245404.5,2890706.0,248343354.0,347746.5,65314565.0,11405988000.0,10844236200.5,11.405988,10.8442362005,622.70225,338266112.0,322.595703125,2.7567920684814453,236.83867835998535
119,R4,LOCAL_TREE-ABRUPT-SEVERE,39,c8efce8cf24c15a5,CHAMPION-RESEED,0.23825000000000002,65312520.0,12.0,1172817.0,3251190.0,268043229.0,383607.5,65312532.0,11604099000.0,11069139445.0,11.604099,11.069139445,586.4085,371789824.0,354.56640625,3.100576400756836,255.62594318389893
119,R4,LOCAL_TREE-ABRUPT-SEVERE,39,c8efce8cf24c15a5,PERSIST,0.20750000000000002,65312520.0,0.0,1209768.0,3863350.0,249040551.0,391458.0,65312520.0,12246738000.0,11458627027.0,12.246738,11.458627027,604.884,359018496.0,342.38671875,3.684377670288086,237.50357723236084
119,R4,LOCAL_TREE-ABRUPT-SEVERE,39,c8efce8cf24c15a5,POPULATION-RESEED,0.23825000000000002,65312520.0,1779.0,1117177.5,2216550.5,218804767.0,309849.5,65314299.0,10587204500.0,10098417795.0,10.5872045,10.098417795,558.58875,381964288.0,364.26953125,2.1138672828674316,208.6684865951538
120,R4,LOCAL_TREE-ABRUPT-SEVERE,40,4a58b38fec93f43f,CHAMPION-RESEED,0.1895,65312520.0,8.0,1229115.5,2247241.5,242331454.0,350467.5,65312528.0,11272744500.0,10771909141.5,11.2727445,10.7719091415,614.55775,321433600.0,306.54296875,2.143136501312256,231.10528373718262
120,R4,LOCAL_TREE-ABRUPT-SEVERE,40,4a58b38fec93f43f,PERSIST,0.183,65312520.0,0.0,1287106.0,2037042.0,168157776.0,274128.0,65312520.0,10098326000.0,9594902248.5,10.098326,9.5949022485,643.553,310409216.0,296.029296875,1.9426746368408203,160.3677520751953
120,R4,LOCAL_TREE-ABRUPT-SEVERE,40,4a58b38fec93f43f,POPULATION-RESEED,0.19175,65312520.0,1226.0,1192497.0,1662801.0,186562335.5,269335.0,65313746.0,9891345000.0,9506803919.0,9.891345,9.506803919,596.2485,331337728.0,315.98828125,1.585770606994629,177.91970777511597
121,R4,LOCAL_TREE-ABRUPT-SEVERE,41,46a332c7662cc27c,CHAMPION-RESEED,0.24975000000000003,65312520.0,13.0,1224309.5,3306141.0,268662734.0,383901.0,65312533.0,11933278500.0,11329663436.5,11.9332785,11.3296634365,612.15475,318451712.0,303.69921875,3.152981758117676,256.2167491912842
121,R4,LOCAL_TREE-ABRUPT-SEVERE,41,46a332c7662cc27c,PERSIST,0.24725,65312520.0,0.0,1347179.0,3028671.5,225816075.0,361372.0,65312520.0,11646356500.0,10984551972.0,11.6463565,10.984551972,673.5895,302254080.0,288.251953125,2.888366222381592,215.35499095916748
121,R4,LOCAL_TREE-ABRUPT-SEVERE,41,46a332c7662cc27c,POPULATION-RESEED,0.258,65312520.0,1953.0,1198935.5,3044721.5,261165423.5,365079.5,65314473.0,11765446500.0,11137882973.5,11.7654465,11.1378829735,599.46775,329881600.0,314.599609375,2.903672695159912,249.06675672531128
122,R4,LOCAL_TREE-ABRUPT-SEVERE,42,24b88b41c4738945,CHAMPION-RESEED,0.20750000000000002,65312520.0,13.0,1358189.0,2696487.0,253154551.5,363395.0,65312533.0,11635907000.0,10933953523.0,11.635907,10.933953523,679.0945,336887808.0,321.28125,2.57157039642334,241.4269938468933
122,R4,LOCAL_TREE-ABRUPT-SEVERE,42,24b88b41c4738945,PERSIST,0.2405,65312520.0,0.0,1464254.0,2732863.0,223620045.0,358845.5,65312520.0,11604980500.0,10771751411.5,11.6049805,10.7717514115,732.127,305233920.0,291.09375,2.6062612533569336,213.26069355010986
122,R4,LOCAL_TREE-ABRUPT-SEVERE,42,24b88b41c4738945,POPULATION-RESEED,0.21,65312520.0,2304.0,1277122.5,3305694.5,268193394.5,375024.0,65314824.0,11851282500.0,11125416225.0,11.8512825,11.125416225,638.56125,339478528.0,323.751953125,3.1525559425354004,255.76915216445923
123,R4,LOCAL_TREE-ABRUPT-SEVERE,43,b0a49b07857a23f2,CHAMPION-RESEED,0.21350000000000002,65312520.0,13.0,1218901.5,2919487.0,265848650.5,380601.5,65312533.0,12002144000.0,11322042826.0,12.002144,11.322042826,609.45075,348039168.0,331.916015625,2.7842397689819336,253.53303003311157
123,R4,LOCAL_TREE-ABRUPT-SEVERE,43,b0a49b07857a23f2,PERSIST,0.22625,65312520.0,0.0,1281129.0,2699472.0,227281438.0,364185.5,65312520.0,11653811000.0,10965551881.0,11.653811,10.965551881,640.5645,342161408.0,326.310546875,2.5744171142578125,216.7524700164795
123,R4,LOCAL_TREE-ABRUPT-SEVERE,43,b0a49b07857a23f2,POPULATION-RESEED,0.23825,65312520.0,1912.0,1189530.5,3102457.5,276282751.0,384417.0,65314432.0,12163552500.0,11476779027.0,12.1635525,11.476779027,594.76525,348039168.0,331.916015625,2.9587340354919434,263.4837636947632
124,R4,LOCAL_TREE-ABRUPT-SEVERE,44,adc12e4d4050e8da,CHAMPION-RESEED,0.23299999999999998,65312520.0,15.0,1268197.5,3789506.0,267594452.5,381711.0,65312535.0,12062725000.0,11304159067.0,12.062725,11.304159067,634.09875,330223616.0,314.92578125,3.613954544067383,255.19795656204224
124,R4,LOCAL_TREE-ABRUPT-SEVERE,44,adc12e4d4050e8da,PERSIST,0.2375,65312520.0,0.0,1285837.5,3355570.0,236652691.0,376165.5,65312520.0,11986489500.0,11186829408.0,11.9864895,11.186829408,642.91875,315168768.0,300.568359375,3.2001209259033203,225.6895933151245
124,R4,LOCAL_TREE-ABRUPT-SEVERE,44,adc12e4d4050e8da,POPULATION-RESEED,0.25525,65312520.0,2247.0,1223945.0,4799289.0,322222948.0,444637.0,65314767.0,13386715500.0,12452528054.5,13.3867155,12.4525280545,611.9725,333883392.0,318.416015625,4.576958656311035,307.29574966430664
125,R4,LOCAL_TREE-ABRUPT-SEVERE,45,32571199f53473ac,CHAMPION-RESEED,0.22625,65312520.0,14.0,1279936.5,3252830.5,268665170.0,383779.5,65312534.0,11789014500.0,11307395758.0,11.7890145,11.307395758,639.96825,324925440.0,309.873046875,3.1021409034729004,256.21907234191895
125,R4,LOCAL_TREE-ABRUPT-SEVERE,45,32571199f53473ac,PERSIST,0.2255,65312520.0,0.0,1224057.5,2528669.5,223505284.5,358988.0,65312520.0,11508417000.0,10926748088.5,11.508417,10.9267480885,612.02875,304297984.0,290.201171875,2.411527156829834,213.15124940872192
125,R4,LOCAL_TREE-ABRUPT-SEVERE,45,32571199f53473ac,POPULATION-RESEED,0.23399999999999999,65312520.0,2058.0,1263295.0,3683167.5,268758809.0,375152.0,65314578.0,11763155000.0,11262911219.5,11.763155,11.2629112195,631.6475,336386048.0,320.802734375,3.512542247772217,256.3083734512329
126,R4,LOCAL_TREE-ABRUPT-SEVERE,46,ac2b75d14bada31b,CHAMPION-RESEED,0.20475,65312520.0,13.0,1166022.5,3344482.0,291384618.0,415153.0,65312533.0,12536269500.0,11940284101.5,12.5362695,11.9402841015,583.01125,374509568.0,357.16015625,3.189546585083008,277.8860263824463
126,R4,LOCAL_TREE-ABRUPT-SEVERE,46,ac2b75d14bada31b,PERSIST,0.24,65312520.0,0.0,1167060.0,2341538.5,199552814.0,322866.5,65312520.0,10892487000.0,10423317987.5,10.892487,10.4233179875,583.53,364890112.0,347.986328125,2.233065128326416,190.30839347839355
126,R4,LOCAL_TREE-ABRUPT-SEVERE,46,ac2b75d14bada31b,POPULATION-RESEED,0.25375000000000003,65312520.0,1917.0,1154453.0,2586836.0,252842444.0,355203.5,65314437.0,11508251500.0,11015149103.5,11.5082515,11.0151491035,577.2265,377188352.0,359.71484375,2.466999053955078,241.12934494018555
127,R4,LOCAL_TREE-ABRUPT-SEVERE,47,98d34460a75ff586,CHAMPION-RESEED,0.1965,65312520.0,12.0,1244432.0,3178897.0,252082116.0,361630.0,65312532.0,11952066000.0,11311908549.0,11.952066,11.311908549,622.216,328458240.0,313.2421875,3.031632423400879,240.40423965454102
127,R4,LOCAL_TREE-ABRUPT-SEVERE,47,98d34460a75ff586,PERSIST,0.2405,65312520.0,0.0,1264575.0,2571993.0,201543610.0,323724.0,65312520.0,11170617500.0,10564171592.5,11.1706175,10.5641715925,632.2875,299360256.0,285.4921875,2.45284366607666,192.20696449279785
127,R4,LOCAL_TREE-ABRUPT-SEVERE,47,98d34460a75ff586,POPULATION-RESEED,0.2285,65312520.0,1814.0,1217589.0,2985132.5,227362937.0,320517.5,65314334.0,11126954500.0,10569082172.5,11.1269545,10.5690821725,608.7945,344281088.0,328.33203125,2.84684419631958,216.83019351959229
128,R4,LOCAL_TREE-ABRUPT-SEVERE,48,553778999fdf1aa1,CHAMPION-RESEED,0.186,65312520.0,10.0,1262971.0,2248262.0,221019518.0,320962.5,65312530.0,10652281500.0,10230605937.5,10.6522815,10.2306059375,631.4855,292577280.0,279.0234375,2.1441097259521484,210.78063774108887
128,R4,LOCAL_TREE-ABRUPT-SEVERE,48,553778999fdf1aa1,PERSIST,0.16949999999999998,65312520.0,0.0,1161220.0,2246174.0,186723413.0,299879.5,65312520.0,10534996500.0,10045129800.0,10.5349965,10.0451298,580.61,286175232.0,272.91796875,2.142118453979492,178.0733232498169
128,R4,LOCAL_TREE-ABRUPT-SEVERE,48,553778999fdf1aa1,POPULATION-RESEED,0.1885,65312520.0,1235.0,1256030.0,2019309.0,205788153.5,294167.5,65313755.0,10447196000.0,10020870844.0,10.447196,10.020870844,628.015,295133184.0,281.4609375,1.9257631301879883,196.25487661361694
129,R4,LOCAL_TREE-ABRUPT-SEVERE,49,739cdf05be76e121,CHAMPION-RESEED,0.22025,65312520.0,12.0,1336621.5,2403350.5,245599101.0,354651.0,65312532.0,11624897000.0,11111529124.0,11.624897,11.111529124,668.31075,380327936.0,362.708984375,2.292013645172119,234.22155475616455
129,R4,LOCAL_TREE-ABRUPT-SEVERE,49,739cdf05be76e121,PERSIST,0.23275,65312520.0,0.0,1281645.5,2362751.0,202171462.0,324920.5,65312520.0,11285315500.0,10756006912.5,11.2853155,10.7560069125,640.82275,376178688.0,358.751953125,2.2532949447631836,192.80573081970215
129,R4,LOCAL_TREE-ABRUPT-SEVERE,49,739cdf05be76e121,POPULATION-RESEED,0.23199999999999998,65312520.0,1742.0,1162852.5,2957087.0,246640246.5,346253.0,65314262.0,11631655000.0,11078349705.0,11.631655,11.078349705,581.42625,381515776.0,363.841796875,2.8200979232788086,235.2144684791565
130,R4,LOCAL_TREE-ABRUPT-SEVERE,50,057016131b9bd69a,CHAMPION-RESEED,0.22475,65312520.0,12.0,1187836.0,2333670.0,223880617.5,324760.5,65312532.0,10723099000.0,10261100588.5,10.723099,10.2611005885,593.918,333225984.0,317.7890625,2.2255611419677734,213.50919485092163
130,R4,LOCAL_TREE-ABRUPT-SEVERE,50,057016131b9bd69a,PERSIST,0.21675,65312520.0,0.0,1274962.0,3205432.5,239658655.0,379414.0,65312520.0,11695661000.0,11064505465.5,11.695661,11.0645054655,637.481,322091008.0,307.169921875,3.056938648223877,228.5563039779663
130,R4,LOCAL_TREE-ABRUPT-SEVERE,50,057016131b9bd69a,POPULATION-RESEED,0.2315,65312520.0,1973.0,1212411.0,2985502.5,274202433.0,382386.0,65314493.0,11725788000.0,11202329050.5,11.725788,11.2023290505,606.2055,334804992.0,319.294921875,2.8471970558166504,261.49981784820557
131,R4,LOCAL_TREE-ABRUPT-SEVERE,51,2b10209d247ddfec,CHAMPION-RESEED,0.18275,65312520.0,14.0,1137281.5,2416539.0,232934384.5,335719.5,65312534.0,11187670500.0,10602594806.0,11.1876705,10.602594806,568.64075,334211072.0,318.728515625,2.304591178894043,222.1435399055481
131,R4,LOCAL_TREE-ABRUPT-SEVERE,51,2b10209d247ddfec,PERSIST,0.212,65312520.0,0.0,1171703.0,3132831.0,233950979.5,369680.5,65312520.0,11851982000.0,11126132321.0,11.851982,11.126132321,585.8515,313243648.0,298.732421875,2.9877004623413086,223.1130404472351
131,R4,LOCAL_TREE-ABRUPT-SEVERE,51,2b10209d247ddfec,POPULATION-RESEED,0.1995,65312520.0,2179.0,1204797.0,2966261.5,242789386.0,340408.5,65314699.0,11316223000.0,10743675352.5,11.316223,10.7436753525,602.3985,342226944.0,326.373046875,2.8288474082946777,231.54200172424316
132,R4,LOCAL_TREE-ABRUPT-SEVERE,52,d56d0ee70a80fcbe,CHAMPION-RESEED,0.20925,65312520.0,13.0,1251365.0,3575355.5,269917527.5,385489.5,65312533.0,11984700000.0,11317441572.0,11.9847,11.317441572,625.6825,337723392.0,322.078125,3.409724712371826,257.4134135246277
132,R4,LOCAL_TREE-ABRUPT-SEVERE,52,d56d0ee70a80fcbe,PERSIST,0.21825,65312520.0,0.0,1280725.0,2451552.0,208051987.5,334462.0,65312520.0,11132884000.0,10494921856.0,11.132884,10.494921856,640.3625,321808384.0,306.900390625,2.337982177734375,198.41383695602417
132,R4,LOCAL_TREE-ABRUPT-SEVERE,52,d56d0ee70a80fcbe,POPULATION-RESEED,0.23575000000000002,65312520.0,1902.0,1281338.5,3901545.0,280519252.0,389563.0,65314422.0,12222977000.0,11504147054.0,12.222977,11.504147054,640.66925,386400256.0,368.5,3.7208032608032227,267.5240058898926
133,R4,LOCAL_TREE-ABRUPT-SEVERE,53,ba2fa1b58ff37d11,CHAMPION-RESEED,0.258,65312520.0,14.0,1251990.5,2450053.5,239790405.0,345799.0,65312534.0,11387515500.0,10721244985.5,11.3875155,10.7212449855,625.99525,322004992.0,307.087890625,2.3365530967712402,228.68195056915283
133,R4,LOCAL_TREE-ABRUPT-SEVERE,53,ba2fa1b58ff37d11,PERSIST,0.24875,65312520.0,0.0,1377000.0,3374365.0,243846675.0,388257.5,65312520.0,12252801500.0,11393842343.5,12.2528015,11.3938423435,688.5,307955712.0,293.689453125,3.218045234680176,232.550311088562
133,R4,LOCAL_TREE-ABRUPT-SEVERE,53,ba2fa1b58ff37d11,POPULATION-RESEED,0.24725000000000003,65312520.0,2050.0,1241722.5,3623908.5,276377488.0,384915.0,65314570.0,12326853000.0,11464384816.0,12.326853,11.464384816,620.86125,341643264.0,325.81640625,3.456028461456299,263.57411193847656
134,R4,LOCAL_TREE-ABRUPT-SEVERE,54,6ae6f6220d21b7cb,CHAMPION-RESEED,0.19974999999999998,65312520.0,12.0,1184949.0,2317850.0,234481429.0,338144.5,65312532.0,11123727500.0,10553362994.5,11.1237275,10.5533629945,592.4745,309882880.0,295.52734375,2.2104740142822266,223.61891651153564
134,R4,LOCAL_TREE-ABRUPT-SEVERE,54,6ae6f6220d21b7cb,PERSIST,0.227,65312520.0,0.0,1288427.0,2315866.0,192765440.5,312803.0,65312520.0,10652807500.0,10115808647.5,10.6528075,10.1158086475,644.2135,307193856.0,292.962890625,2.2085819244384766,183.83544969558716
134,R4,LOCAL_TREE-ABRUPT-SEVERE,54,6ae6f6220d21b7cb,POPULATION-RESEED,0.222,65312520.0,1842.0,1160314.0,3361159.5,265434638.0,370549.0,65314362.0,11724028500.0,11059310357.0,11.7240285,11.059310357,580.157,336607232.0,321.013671875,3.205451488494873,253.13819694519043
135,R4,LOCAL_TREE-ABRUPT-SEVERE,55,c809d62c6837f2c4,CHAMPION-RESEED,0.23125,65312519.5,17.0,1279844.0,3080684.0,321444609.0,454554.0,65312536.5,13128463000.0,12407924532.5,13.128463,12.4079245325,639.922,399579136.0,381.068359375,2.937969207763672,306.5534677505493
135,R4,LOCAL_TREE-ABRUPT-SEVERE,55,c809d62c6837f2c4,PERSIST,0.22775,65312520.0,0.0,1269948.5,2973929.5,265112525.5,421117.5,65312520.0,12657693000.0,11842992393.5,12.657693,11.8429923935,634.97425,385644544.0,367.779296875,2.836160182952881,252.83100652694702
135,R4,LOCAL_TREE-ABRUPT-SEVERE,55,c809d62c6837f2c4,POPULATION-RESEED,0.21625,65312520.0,2390.0,1170389.5,3573749.5,298309710.0,414652.0,65314910.0,12479057500.0,11792338057.5,12.4790575,11.7923380575,585.19475,410009600.0,391.015625,3.4081931114196777,284.4903087615967
136,R4,LOCAL_TREE-ABRUPT-SEVERE,56,d955fa318ea09788,CHAMPION-RESEED,0.2415,65312520.0,15.0,1243502.0,3006625.5,256710489.0,367155.5,65312535.0,11732804000.0,11096145971.5,11.732804,11.0961459715,621.751,320399360.0,305.556640625,2.8673415184020996,244.81820011138916
136,R4,LOCAL_TREE-ABRUPT-SEVERE,56,d955fa318ea09788,PERSIST,0.251,65312520.0,0.0,1296107.0,3338507.5,258933526.5,408340.5,65312520.0,12395901000.0,11698626463.5,12.395901,11.6986264635,648.0535,305356800.0,291.2109375,3.1838488578796387,246.93825387954712
136,R4,LOCAL_TREE-ABRUPT-SEVERE,56,d955fa318ea09788,POPULATION-RESEED,0.251,65312520.0,2131.0,1173652.5,2837257.0,239573165.5,335545.5,65314651.0,11195483000.0,10646589481.0,11.195483,10.646589481,586.82625,320399360.0,305.556640625,2.7058191299438477,228.4747748374939
137,R4,LOCAL_TREE-ABRUPT-SEVERE,57,8c49e47d2c32d8ef,CHAMPION-RESEED,0.21175,65312520.0,13.0,1231280.0,3320259.0,269197196.0,385383.5,65312533.0,12033429500.0,11271664665.0,12.0334295,11.271664665,615.64,378861568.0,361.310546875,3.166445732116699,256.7264518737793
137,R4,LOCAL_TREE-ABRUPT-SEVERE,57,8c49e47d2c32d8ef,PERSIST,0.22275,65312520.0,0.0,1253955.5,2554014.0,212803781.5,341337.0,65312520.0,11412636000.0,10668608880.5,11.412636,10.6686088805,626.97775,365039616.0,348.12890625,2.435697555541992,202.9455008506775
137,R4,LOCAL_TREE-ABRUPT-SEVERE,57,8c49e47d2c32d8ef,POPULATION-RESEED,0.236,65312520.0,1970.0,1152963.0,2899006.5,263796111.0,369427.0,65314490.0,11783161500.0,11061356264.0,11.7831615,11.061356264,576.4815,378861568.0,361.310546875,2.7647080421447754,251.57557582855225
138,R4,LOCAL_TREE-ABRUPT-SEVERE,58,312b0d9956f4620c,CHAMPION-RESEED,0.238,65312520.0,13.0,1182216.0,2189189.5,235054888.0,340959.5,65312533.0,11329291000.0,10643879013.5,11.329291,10.6438790135,591.108,314761216.0,300.1796875,2.0877737998962402,224.16580963134766
138,R4,LOCAL_TREE-ABRUPT-SEVERE,58,312b0d9956f4620c,PERSIST,0.26025,65312520.0,0.0,1271737.5,2133945.5,188406288.0,306859.5,65312520.0,11012483000.0,10278121878.0,11.012483,10.278121878,635.86875,295473152.0,281.78515625,2.0350890159606934,179.67823791503906
138,R4,LOCAL_TREE-ABRUPT-SEVERE,58,312b0d9956f4620c,POPULATION-RESEED,0.242,65312520.0,1916.0,1194262.5,2364193.0,237856784.0,335453.0,65314436.0,11501715000.0,10908660125.5,11.501715,10.9086601255,597.13125,328882176.0,313.646484375,2.2546701431274414,226.83790588378906
139,R4,LOCAL_TREE-ABRUPT-SEVERE,59,ba6991469a98f0a4,CHAMPION-RESEED,0.238,65312520.0,13.0,1250521.0,2055080.0,238912159.0,345216.5,65312533.0,11352823000.0,10872859316.0,11.352823,10.872859316,625.2605,388380672.0,370.388671875,1.9598770141601562,227.8443899154663
139,R4,LOCAL_TREE-ABRUPT-SEVERE,59,ba6991469a98f0a4,PERSIST,0.23925000000000002,65312520.0,0.0,1270961.5,2531249.5,204112143.5,328208.0,65312520.0,11122278000.0,10596897111.5,11.122278,10.5968971115,635.48075,381575168.0,363.8984375,2.413987636566162,194.6565089225769
139,R4,LOCAL_TREE-ABRUPT-SEVERE,59,ba6991469a98f0a4,POPULATION-RESEED,0.248,65312520.0,1787.0,1173520.5,2097557.5,213660315.0,303785.0,65314307.0,10666532500.0,10281344111.5,10.6665325,10.2813441115,586.76025,398893056.0,380.4140625,2.0003867149353027,203.76235485076904
140,R4,LOCAL_TREE-ABRUPT-SEVERE,60,be105c7083999bcd,CHAMPION-RESEED,0.16949999999999998,65312520.0,13.0,5882506.5,2738550.5,267149558.5,382285.5,65312533.0,12017786500.0,11351154118.0,12.0177865,11.351154118,2941.25325,369405952.0,352.29296875,2.611685276031494,254.773672580719
140,R4,LOCAL_TREE-ABRUPT-SEVERE,60,be105c7083999bcd,PERSIST,0.239,65312520.0,0.0,1267279.5,2434696.0,212967771.5,342002.5,65312520.0,11334810000.0,10694068934.0,11.33481,10.694068934,633.63975,356651008.0,340.12890625,2.3219070434570312,203.10189390182495
140,R4,LOCAL_TREE-ABRUPT-SEVERE,60,be105c7083999bcd,POPULATION-RESEED,0.251,65312520.0,1931.0,1206639.5,3323366.0,259066240.0,361698.0,65314451.0,11700623500.0,11119800325.5,11.7006235,11.1198003255,603.31975,374579200.0,357.2265625,3.1694087982177734,247.0648193359375
141,R4,LOCAL_TREE-ABRUPT-SEVERE,61,23606401172ecb4c,CHAMPION-RESEED,0.22675,65312520.0,13.0,1222600.5,2849400.5,246479854.0,353486.5,65312533.0,11598429000.0,10987975327.0,11.598429,10.987975327,611.30025,325591040.0,310.5078125,2.717400074005127,235.0615062713623
141,R4,LOCAL_TREE-ABRUPT-SEVERE,61,23606401172ecb4c,PERSIST,0.2345,65312520.0,0.0,1252701.0,2695045.5,238123230.5,379619.0,65312520.0,11930124500.0,11234897952.5,11.9301245,11.2348979525,626.3505,322648064.0,307.701171875,2.5701956748962402,227.0920090675354
141,R4,LOCAL_TREE-ABRUPT-SEVERE,61,23606401172ecb4c,POPULATION-RESEED,0.24675,65312520.0,1907.0,1200524.0,2484285.0,241286061.5,339277.0,65314427.0,11373502000.0,10785682569.0,11.373502,10.785682569,600.262,341000192.0,325.203125,2.369198799133301,230.1083197593689
142,R4,LOCAL_TREE-ABRUPT-SEVERE,62,9cb04fab73586fdc,CHAMPION-RESEED,0.197,65312520.0,17.0,1395822.5,3928105.5,314702987.5,445579.5,65312537.0,13221098000.0,12448799516.5,13.221098,12.4487995165,697.91125,362338304.0,345.552734375,3.746133327484131,300.12415647506714
142,R4,LOCAL_TREE-ABRUPT-SEVERE,62,9cb04fab73586fdc,PERSIST,0.20024999999999998,65312520.0,0.0,1445759.0,2852718.5,248289832.0,394771.5,65312520.0,12435708000.0,11649713166.0,12.435708,11.649713166,722.8795,323538944.0,308.55078125,2.720564365386963,236.78763580322266
142,R4,LOCAL_TREE-ABRUPT-SEVERE,62,9cb04fab73586fdc,POPULATION-RESEED,0.20174999999999998,65312520.0,2296.0,4331028.0,3787076.0,299380263.0,414174.0,65314816.0,13087253000.0,12292504948.5,13.087253,12.2925049485,2165.514,371689472.0,354.470703125,3.6116371154785156,285.51126766204834
143,R4,LOCAL_TREE-ABRUPT-SEVERE,63,2451c4108e565924,CHAMPION-RESEED,0.23099999999999998,65312520.0,15.0,1276253.0,3237280.0,272267768.0,390000.0,65312535.0,12323800500.0,11630169632.5,12.3238005,11.6301696325,638.1265,308510720.0,294.21875,3.087310791015625,259.65477752685547
143,R4,LOCAL_TREE-ABRUPT-SEVERE,63,2451c4108e565924,PERSIST,0.2485,65312520.0,0.0,1271369.0,2408952.5,216860405.0,348124.5,65312520.0,11451491000.0,10817701775.5,11.451491,10.8177017755,635.6845,300333056.0,286.419921875,2.297356128692627,206.81419849395752
143,R4,LOCAL_TREE-ABRUPT-SEVERE,63,2451c4108e565924,POPULATION-RESEED,0.2495,65312520.0,2092.0,1180516.5,2944647.5,262312444.5,370627.0,65314612.0,11968035500.0,11302529632.0,11.9680355,11.302529632,590.25825,333676544.0,318.21875,2.808234691619873,250.1606411933899
144,R4,LOCAL_TREE-ABRUPT-SEVERE,64,5576d29fd4930cbc,CHAMPION-RESEED,0.21175,65312520.0,13.0,1231822.0,3682950.0,298330961.0,423521.0,65312533.0,13236552500.0,12325866348.0,13.2365525,12.325866348,615.911,331507712.0,316.150390625,3.5123348236083984,284.51057529449463
144,R4,LOCAL_TREE-ABRUPT-SEVERE,64,5576d29fd4930cbc,PERSIST,0.20425,65312520.0,0.0,1412396.0,2840001.0,215526368.0,344357.0,65312520.0,11696719000.0,10947489796.5,11.696719,10.9474897965,706.198,322633728.0,307.6875,2.7084360122680664,205.54196166992188
144,R4,LOCAL_TREE-ABRUPT-SEVERE,64,5576d29fd4930cbc,POPULATION-RESEED,0.216,65312520.0,1879.0,1169335.0,3723378.0,263326222.5,367731.5,65314399.0,12034894500.0,11317132560.0,12.0348945,11.31713256,584.6675,352282624.0,335.962890625,3.5508899688720703,251.1274552345276
145,R4,LOCAL_TREE-ABRUPT-SEVERE,65,f0b071842a404ca9,CHAMPION-RESEED,0.22225,65312520.0,10.0,1210025.0,2636269.0,233383590.0,338425.5,65312530.0,11276109500.0,10656869891.0,11.2761095,10.656869891,605.0125,379879424.0,362.28125,2.5141420364379883,222.57193565368652
145,R4,LOCAL_TREE-ABRUPT-SEVERE,65,f0b071842a404ca9,PERSIST,0.22999999999999998,65312520.0,0.0,1212965.5,1640362.5,181517217.0,295221.0,65312520.0,10655552500.0,9968552902.0,10.6555525,9.968552902,606.48275,369461248.0,352.345703125,1.5643715858459473,173.10830783843994
145,R4,LOCAL_TREE-ABRUPT-SEVERE,65,f0b071842a404ca9,POPULATION-RESEED,0.244,65312520.0,1462.0,1226789.5,2130565.5,226708267.0,321022.0,65313982.0,11128506000.0,10445819712.5,11.128506,10.4458197125,613.39475,381345792.0,363.6796875,2.0318655967712402,216.2058515548706
146,R4,LOCAL_TREE-ABRUPT-SEVERE,66,9e53b02d0d261314,CHAMPION-RESEED,0.2505,65312520.0,18.0,6509914.0,3508960.5,292032836.5,416257.5,65312538.0,12949859500.0,12072287964.5,12.9498595,12.0722879645,3254.957,320159744.0,305.328125,3.346405506134033,278.5042157173157
146,R4,LOCAL_TREE-ABRUPT-SEVERE,66,9e53b02d0d261314,PERSIST,0.24275000000000002,65312520.0,0.0,1267285.0,2089293.0,218703031.0,350137.0,65312520.0,11730601000.0,10975394047.5,11.730601,10.9753940475,633.6425,314587136.0,300.013671875,1.9925050735473633,208.5714635848999
146,R4,LOCAL_TREE-ABRUPT-SEVERE,66,9e53b02d0d261314,POPULATION-RESEED,0.24275,65312520.0,2429.0,1293105.0,3135493.5,252031098.5,352053.5,65314949.0,11973748500.0,11181881676.5,11.9737485,11.1818816765,646.5525,356685824.0,340.162109375,2.9902396202087402,240.35558557510376
147,R4,LOCAL_TREE-ABRUPT-SEVERE,67,22c2de149f25810d,CHAMPION-RESEED,0.2395,65312519.5,14.0,1336385.0,2897474.5,273121871.0,389115.0,65312533.5,12160511500.0,11560791903.5,12.1605115,11.5607919035,668.1925,331333632.0,315.984375,2.763247013092041,260.469313621521
147,R4,LOCAL_TREE-ABRUPT-SEVERE,67,22c2de149f25810d,PERSIST,0.24925000000000003,65312520.0,0.0,1214797.5,2798975.5,220633958.5,351274.5,65312520.0,11534105500.0,10939395181.5,11.5341055,10.9393951815,607.39875,325597184.0,310.513671875,2.669311046600342,210.41293954849243
147,R4,LOCAL_TREE-ABRUPT-SEVERE,67,22c2de149f25810d,POPULATION-RESEED,0.21325,65312520.0,2155.0,1213236.0,3993541.5,279638127.5,387845.0,65314675.0,12131176000.0,11608552030.0,12.131176,11.60855203,606.618,349880320.0,333.671875,3.8085379600524902,266.6837000846863
148,R4,LOCAL_TREE-ABRUPT-SEVERE,68,bcbe004ce19a612b,CHAMPION-RESEED,0.25125000000000003,65312520.0,15.0,1258275.0,3132957.5,266083484.5,379430.5,65312535.0,12213988500.0,11528286420.0,12.2139885,11.52828642,629.1375,316653568.0,301.984375,2.987821102142334,253.75698518753052
148,R4,LOCAL_TREE-ABRUPT-SEVERE,68,bcbe004ce19a612b,PERSIST,0.25325,65312519.5,0.0,1394663.0,2996877.0,210498001.5,337732.0,65312519.5,11455643000.0,10803021121.5,11.455643,10.8030211215,697.3315,303636480.0,289.5703125,2.8580446243286133,200.7465376853943
148,R4,LOCAL_TREE-ABRUPT-SEVERE,68,bcbe004ce19a612b,POPULATION-RESEED,0.2475,65312520.0,2203.0,1246381.5,3739148.5,267423440.0,372891.0,65314723.0,12117795500.0,11471879906.5,12.1177955,11.4718799065,623.19075,329060352.0,313.81640625,3.565929889678955,255.0348663330078
149,R4,LOCAL_TREE-ABRUPT-SEVERE,69,ac0ba249803367b8,CHAMPION-RESEED,0.22375,65312520.0,12.0,1208402.5,3208189.0,241614994.0,347192.5,65312532.0,11626554000.0,10958479439.5,11.626554,10.9584794395,604.20125,309592064.0,295.25,3.059567451477051,230.4220142364502
149,R4,LOCAL_TREE-ABRUPT-SEVERE,69,ac0ba249803367b8,PERSIST,0.246,65312520.0,0.0,1313667.5,2778735.0,201602118.5,323295.0,65312520.0,11194794000.0,10576697469.5,11.194794,10.5766974695,656.83375,295026688.0,281.359375,2.650008201599121,192.2627625465393
149,R4,LOCAL_TREE-ABRUPT-SEVERE,69,ac0ba249803367b8,POPULATION-RESEED,0.24275,65312520.0,1753.0,1175851.0,2473315.5,234089807.5,329290.0,65314273.0,11258127000.0,10677997361.5,11.258127,10.6779973615,587.9255,317181952.0,302.48828125,2.3587374687194824,223.24543714523315
150,R4,LOCAL_TREE-ABRUPT-SEVERE,70,7bf397bf324eb459,CHAMPION-RESEED,0.21775,65312520.0,12.0,1172627.0,2902717.5,254696778.5,365598.0,65312532.0,12171620000.0,11431242473.5,12.17162,11.4312424735,586.3135,326100992.0,310.994140625,2.768247127532959,242.89777612686157
150,R4,LOCAL_TREE-ABRUPT-SEVERE,70,7bf397bf324eb459,PERSIST,0.21075,65312520.0,0.0,1229538.0,2364228.5,214042120.5,342287.0,65312520.0,12014841000.0,11200285950.5,12.014841,11.2002859505,614.769,308213760.0,293.935546875,2.254703998565674,204.1264729499817
150,R4,LOCAL_TREE-ABRUPT-SEVERE,70,7bf397bf324eb459,POPULATION-RESEED,0.244,65312520.0,1810.0,1173618.5,3123188.5,230940371.0,325854.5,65314330.0,11644543000.0,10889663297.5,11.644543,10.8896632975,586.80925,340447232.0,324.67578125,2.9785046577453613,220.24190044403076
151,R4,LOCAL_TREE-ABRUPT-SEVERE,71,61325848c59008d4,CHAMPION-RESEED,0.20875,65312520.0,12.0,1297851.5,3235349.0,265981411.0,380637.0,65312532.0,11987180500.0,11419076558.5,11.9871805,11.4190765585,648.92575,330313728.0,315.01171875,3.0854692459106445,253.65964031219482
151,R4,LOCAL_TREE-ABRUPT-SEVERE,71,61325848c59008d4,PERSIST,0.23025,65312520.0,0.0,1254871.0,2795634.5,221809002.5,350853.0,65312520.0,11741015500.0,10995654218.5,11.7410155,10.9956542185,627.4355,305385472.0,291.23828125,2.6661248207092285,211.5335488319397
151,R4,LOCAL_TREE-ABRUPT-SEVERE,71,61325848c59008d4,POPULATION-RESEED,0.2605,65312520.0,1758.0,1184765.5,1905759.5,211519108.0,300294.5,65314278.0,10721606000.0,10193507986.0,10.721606,10.193507986,592.38275,343187456.0,327.2890625,1.8174738883972168,201.72034072875977
152,R4,LOCAL_TREE-ABRUPT-SEVERE,72,e21da0beca92a638,CHAMPION-RESEED,0.20875,65312520.0,13.0,1188248.0,4040501.0,303171421.0,430196.0,65312533.0,13039549500.0,12262705489.0,13.0395495,12.262705489,594.124,326150144.0,311.041015625,3.8533220291137695,289.1267976760864
152,R4,LOCAL_TREE-ABRUPT-SEVERE,72,e21da0beca92a638,PERSIST,0.22575,65312520.0,0.0,1223944.0,2831428.5,208509415.5,334927.5,65312520.0,11401135000.0,10767360950.5,11.401135,10.7673609505,611.972,320145408.0,305.314453125,2.700260639190674,198.85007429122925
152,R4,LOCAL_TREE-ABRUPT-SEVERE,72,e21da0beca92a638,POPULATION-RESEED,0.237,65312520.0,1914.0,1176208.5,3158224.5,268511960.5,374262.5,65314434.0,12193581000.0,11478481119.0,12.193581,11.478481119,588.10425,376803328.0,359.34765625,3.0119175910949707,256.0729603767395
153,R4,LOCAL_TREE-ABRUPT-SEVERE,73,9e7c03e77d8eeae2,CHAMPION-RESEED,0.21325,65312520.0,13.0,1305123.5,2688375.5,260497743.5,374384.0,65312533.0,11842455000.0,11201196667.5,11.842455,11.2011966675,652.56175,331614208.0,316.251953125,2.5638346672058105,248.43000745773315
153,R4,LOCAL_TREE-ABRUPT-SEVERE,73,9e7c03e77d8eeae2,PERSIST,0.20900000000000002,65312520.0,0.0,1285944.0,3440599.0,245147769.0,386628.0,65312520.0,12296747000.0,11573251845.0,12.296747,11.573251845,642.972,325105664.0,310.044921875,3.2812108993530273,233.79113101959229
153,R4,LOCAL_TREE-ABRUPT-SEVERE,73,9e7c03e77d8eeae2,POPULATION-RESEED,0.23075,65312520.0,2104.0,1290827.5,2910971.5,247433522.5,346563.5,65314624.0,11423772000.0,10864710909.0,11.423772,10.864710909,645.41375,365852672.0,348.904296875,2.776118755340576,235.97099542617798
154,R4,LOCAL_TREE-ABRUPT-SEVERE,74,362fb9aca61cc66e,CHAMPION-RESEED,0.219,65312520.0,13.0,1325299.5,2210781.5,242781488.0,350344.0,65312533.0,11300423000.0,10801891974.5,11.300423,10.8018919745,662.64975,314462208.0,299.89453125,2.108365535736084,231.5344696044922
154,R4,LOCAL_TREE-ABRUPT-SEVERE,74,362fb9aca61cc66e,PERSIST,0.23575000000000002,65312520.0,0.0,1284617.5,2723695.0,220796108.0,353588.0,65312520.0,11323448000.0,10765248810.5,11.323448,10.7652488105,642.30875,310882304.0,296.48046875,2.597517967224121,210.56757736206055
154,R4,LOCAL_TREE-ABRUPT-SEVERE,74,362fb9aca61cc66e,POPULATION-RESEED,0.25875000000000004,65312520.0,2264.0,1234640.0,3461036.0,266936651.0,373822.5,65314784.0,11878589000.0,11284701234.0,11.878589,11.284701234,617.32,314966016.0,300.375,3.300701141357422,254.57062816619873
155,R4,LOCAL_TREE-ABRUPT-SEVERE,75,a65ace4e32e9fb8e,CHAMPION-RESEED,0.258,65312520.0,16.0,1252661.5,3138843.5,269774664.0,384238.0,65312536.0,12123253500.0,11468944214.0,12.1232535,11.468944214,626.33075,318922752.0,304.1484375,2.993434429168701,257.2771682739258
155,R4,LOCAL_TREE-ABRUPT-SEVERE,75,a65ace4e32e9fb8e,PERSIST,0.24075000000000002,65312520.0,0.0,1223613.5,2305655.0,197945998.0,319620.5,65312520.0,11058522500.0,10441275529.0,11.0585225,10.441275529,611.80675,304302080.0,290.205078125,2.1988439559936523,188.77601432800293
155,R4,LOCAL_TREE-ABRUPT-SEVERE,75,a65ace4e32e9fb8e,POPULATION-RESEED,0.2475,65312520.0,2295.0,1207758.0,2514806.5,242239709.5,338825.0,65314815.0,11455106000.0,10848940623.0,11.455106,10.848940623,603.879,329361408.0,314.103515625,2.398306369781494,231.01778936386108
156,R4,LOCAL_TREE-ABRUPT-SEVERE,76,858a0f820573fd69,CHAMPION-RESEED,0.23149999999999998,65312520.0,16.0,1216328.5,3468547.5,291851067.5,413650.5,65312536.0,12716186000.0,11966342741.0,12.716186,11.966342741,608.16425,317292544.0,302.59375,3.3078646659851074,278.3308672904968
156,R4,LOCAL_TREE-ABRUPT-SEVERE,76,858a0f820573fd69,PERSIST,0.27349999999999997,65312520.0,0.0,1332190.5,2951485.5,225724051.5,360872.5,65312520.0,11819109500.0,11134246822.5,11.8191095,11.1342468225,666.09525,307660800.0,293.408203125,2.814755916595459,215.26723051071167
156,R4,LOCAL_TREE-ABRUPT-SEVERE,76,858a0f820573fd69,POPULATION-RESEED,0.25025,65312520.0,2502.0,1197971.5,3468397.5,263276337.0,366483.0,65315022.0,11989244000.0,11289129554.0,11.989244,11.289129554,598.98575,335880192.0,320.3203125,3.3077216148376465,251.0798807144165
157,R4,LOCAL_TREE-ABRUPT-SEVERE,77,cb2549e72dda1fc8,CHAMPION-RESEED,0.18925,65312520.0,13.0,1333597.5,2895370.5,259590047.0,372362.0,65312533.0,12435439500.0,11837818938.5,12.4354395,11.8378189385,666.79875,360744960.0,344.033203125,2.7612404823303223,247.5643606185913
157,R4,LOCAL_TREE-ABRUPT-SEVERE,77,cb2549e72dda1fc8,PERSIST,0.239,65312520.0,0.0,1325131.5,2802600.0,210133559.5,338379.0,65312520.0,11543266000.0,10907800293.5,11.543266,10.9078002935,662.56575,343267328.0,327.365234375,2.6727676391601562,200.39897871017456
157,R4,LOCAL_TREE-ABRUPT-SEVERE,77,cb2549e72dda1fc8,POPULATION-RESEED,0.25325,65312520.0,1952.0,1281899.5,3139350.5,258514167.5,361449.0,65314472.0,12318332000.0,11725806147.5,12.318332,11.7258061475,640.94975,383993856.0,366.205078125,2.993917942047119,246.5383219718933
158,R4,LOCAL_TREE-ABRUPT-SEVERE,78,aee0c0945d7735f8,CHAMPION-RESEED,0.2155,65312520.0,17.0,1242678.0,3695206.5,284193481.0,404198.5,65312537.0,12385160500.0,11761491043.0,12.3851605,11.761491043,621.339,383625216.0,365.853515625,3.5240235328674316,271.0280237197876
158,R4,LOCAL_TREE-ABRUPT-SEVERE,78,aee0c0945d7735f8,PERSIST,0.24675,65312520.0,0.0,1231536.0,2822751.5,211178018.5,338919.5,65312520.0,11187554000.0,10673604252.5,11.187554,10.6736042525,615.768,378783744.0,361.236328125,2.691985607147217,201.39505243301392
158,R4,LOCAL_TREE-ABRUPT-SEVERE,78,aee0c0945d7735f8,POPULATION-RESEED,0.22299999999999998,65312520.0,2364.0,1223865.0,2958735.5,230765109.5,324797.5,65314884.0,11138275000.0,10647118937.0,11.138275,10.647118937,611.9325,384522240.0,366.708984375,2.8216700553894043,220.07475805282593
159,R4,LOCAL_TREE-ABRUPT-SEVERE,79,71bec9bbc41ff9c8,CHAMPION-RESEED,0.219,65312520.0,13.0,1184786.0,2834101.5,283417702.5,404657.5,65312533.0,12327167500.0,11681505746.5,12.3271675,11.6815057465,592.393,367570944.0,350.54296875,2.7028098106384277,270.28818368911743
159,R4,LOCAL_TREE-ABRUPT-SEVERE,79,71bec9bbc41ff9c8,PERSIST,0.2355,65312520.0,0.0,1355333.0,3579972.0,234874460.5,373216.5,65312520.0,12051643500.0,11365447873.5,12.0516435,11.3654478735,677.6665,353341440.0,336.97265625,3.4141273498535156,223.99374055862427
159,R4,LOCAL_TREE-ABRUPT-SEVERE,79,71bec9bbc41ff9c8,POPULATION-RESEED,0.22999999999999998,65312520.0,1944.0,1196061.5,3985609.0,286884774.5,398510.5,65314464.0,12398869500.0,11691364043.0,12.3988695,11.691364043,598.03075,369983488.0,352.84375,3.8009729385375977,273.5946412086487
160,R4,LOCAL_TREE-GRADUAL-MILD,0,8a4be5347cedf905,CHAMPION-RESEED,0.15875,65312520.0,13.0,1189027.0,1894711.5,208366777.0,310496.5,65312533.0,10630183000.0,10205482088.0,10.630183,10.205482088,594.5135,389396480.0,371.357421875,1.8069376945495605,198.71404361724854
160,R4,LOCAL_TREE-GRADUAL-MILD,0,8a4be5347cedf905,PERSIST,0.16325,65312520.0,0.0,1196108.0,1780642.5,167300786.0,283842.5,65312520.0,10311070000.0,9779857561.5,10.31107,9.7798575615,598.054,376227840.0,358.798828125,1.698153018951416,159.55046272277832
160,R4,LOCAL_TREE-GRADUAL-MILD,0,8a4be5347cedf905,POPULATION-RESEED,0.15825,65312520.0,1660.0,1240570.5,2097773.0,197082222.0,286304.5,65314180.0,10345920000.0,9912484436.0,10.34592,9.912484436,620.28525,391233536.0,373.109375,2.0005922317504883,187.9522533416748
161,R4,LOCAL_TREE-GRADUAL-MILD,1,095bb4aa89c9c8e6,CHAMPION-RESEED,0.16225,65312520.0,14.0,1270126.5,1705537.5,204457956.5,304223.5,65312534.0,10706026000.0,10113630598.5,10.706026,10.1136305985,635.06325,311699456.0,297.259765625,1.6265273094177246,194.9863018989563
161,R4,LOCAL_TREE-GRADUAL-MILD,1,095bb4aa89c9c8e6,PERSIST,0.16149999999999998,65312520.0,0.0,1288531.0,1963006.0,188805742.5,314593.0,65312520.0,10965133500.0,10256956130.0,10.9651335,10.25695613,644.2655,296962048.0,283.205078125,1.8720684051513672,180.05918741226196
161,R4,LOCAL_TREE-GRADUAL-MILD,1,095bb4aa89c9c8e6,POPULATION-RESEED,0.15525,65312520.0,1617.0,1191539.0,2189390.0,214933358.5,310503.5,65314137.0,10934346500.0,10311005054.0,10.9343465,10.311005054,595.7695,332470272.0,317.068359375,2.0879650115966797,204.97642374038696
162,R4,LOCAL_TREE-GRADUAL-MILD,2,a946dc9d6861346e,CHAMPION-RESEED,0.16499999999999998,65312520.0,11.0,7048138.5,1811897.0,197149976.5,294894.5,65312531.0,10777985500.0,10220953455.5,10.7779855,10.2209534555,3524.06925,282140672.0,269.0703125,1.7279596328735352,188.01686906814575
162,R4,LOCAL_TREE-GRADUAL-MILD,2,a946dc9d6861346e,PERSIST,0.16049999999999998,65312520.0,0.0,7648127.0,1746357.0,161806109.5,275087.5,65312520.0,10414112000.0,9789860668.0,10.414112,9.789860668,3824.0635,267732992.0,255.330078125,1.6654558181762695,154.31033086776733
162,R4,LOCAL_TREE-GRADUAL-MILD,2,a946dc9d6861346e,POPULATION-RESEED,0.16475,65312520.0,1610.0,1196317.0,1772418.0,182061085.5,265788.0,65314130.0,10234519500.0,9683509965.5,10.2345195,9.6835099655,598.1585,300376064.0,286.4609375,1.6903095245361328,173.62698125839233
163,R4,LOCAL_TREE-GRADUAL-MILD,3,203af1f73bbb72a8,CHAMPION-RESEED,0.14725,65312520.0,16.0,1239350.5,1976193.0,238171156.5,349236.5,65312536.0,11385439500.0,10926801524.0,11.3854395,10.926801524,619.67525,293806080.0,280.1953125,1.8846445083618164,227.1377148628235
163,R4,LOCAL_TREE-GRADUAL-MILD,3,203af1f73bbb72a8,PERSIST,0.14375,65312520.0,0.0,1235635.0,1725902.0,186711812.5,316580.0,65312520.0,10916223000.0,10381185664.5,10.916223,10.3811856645,617.8175,275720192.0,262.947265625,1.6459484100341797,178.06226015090942
163,R4,LOCAL_TREE-GRADUAL-MILD,3,203af1f73bbb72a8,POPULATION-RESEED,0.14625,65312520.0,2101.0,1176337.5,2025574.0,229018127.0,326488.0,65314621.0,11100174500.0,10594095713.0,11.1001745,10.594095713,588.16875,296802304.0,283.052734375,1.9317378997802734,218.40870571136475
164,R4,LOCAL_TREE-GRADUAL-MILD,4,7364c8a333b819a3,CHAMPION-RESEED,0.14250000000000002,65312520.0,13.0,1159467.0,2333986.0,245164675.5,359511.0,65312533.0,11815961500.0,11142539197.0,11.8159615,11.142539197,579.7335,299325440.0,285.458984375,2.225862503051758,233.8072543144226
164,R4,LOCAL_TREE-GRADUAL-MILD,4,7364c8a333b819a3,PERSIST,0.15050000000000002,65312520.0,0.0,1189711.5,1441372.5,163215257.0,279349.5,65312520.0,10421480500.0,9775961829.0,10.4214805,9.775961829,594.85575,280156160.0,267.177734375,1.3745999336242676,155.6541986465454
164,R4,LOCAL_TREE-GRADUAL-MILD,4,7364c8a333b819a3,POPULATION-RESEED,0.14775,65312520.0,1830.0,1183592.0,1999225.0,203018694.0,292684.5,65314350.0,10986466500.0,10323891992.5,10.9864665,10.3238919925,591.796,308342784.0,294.05859375,1.9066095352172852,193.61371421813965
165,R4,LOCAL_TREE-GRADUAL-MILD,5,2c84c5124aa4db32,CHAMPION-RESEED,0.13425,65312520.0,13.0,1244242.5,2063910.0,222955718.0,329159.5,65312533.0,11165017000.0,10598486806.0,11.165017,10.598486806,622.12125,315265024.0,300.66015625,1.9682979583740234,212.62714195251465
165,R4,LOCAL_TREE-GRADUAL-MILD,5,2c84c5124aa4db32,PERSIST,0.13375,65312520.0,0.0,1274723.5,1697175.0,178954113.0,301986.5,65312520.0,10754746000.0,10187104239.0,10.754746,10.187104239,637.36175,296896512.0,283.142578125,1.6185522079467773,170.66394138336182
165,R4,LOCAL_TREE-GRADUAL-MILD,5,2c84c5124aa4db32,POPULATION-RESEED,0.13525,65312520.0,1959.0,1202549.0,1990306.5,214857075.5,308672.0,65314479.0,10653747500.0,10206494593.0,10.6537475,10.206494593,601.2745,330108928.0,314.81640625,1.898104190826416,204.90367460250854
166,R4,LOCAL_TREE-GRADUAL-MILD,6,aff0cc6ba3065414,CHAMPION-RESEED,0.15899999999999997,65312520.0,12.0,6118102.0,2272590.5,217488109.5,322192.5,65312532.0,10800727000.0,10342812257.5,10.800727,10.3428122575,3059.051,365232128.0,348.3125,2.167311191558838,207.41282415390015
166,R4,LOCAL_TREE-GRADUAL-MILD,6,aff0cc6ba3065414,PERSIST,0.16075,65312520.0,0.0,1231604.0,1558786.5,169990531.5,288455.5,65312520.0,10345706000.0,9844543894.0,10.345706,9.844543894,615.802,354320384.0,337.90625,1.486574649810791,162.1156039237976
166,R4,LOCAL_TREE-GRADUAL-MILD,6,aff0cc6ba3065414,POPULATION-RESEED,0.16125,65312520.0,1897.0,1191987.0,2088613.5,205671038.0,297331.5,65314417.0,10359118500.0,9963164380.0,10.3591185,9.96316438,595.9935,374020096.0,356.693359375,1.9918570518493652,196.14318656921387
167,R4,LOCAL_TREE-GRADUAL-MILD,7,c5538fc72cde6ccb,CHAMPION-RESEED,0.13475,65312520.0,12.0,6826101.5,2056358.0,206142807.5,305762.5,65312532.0,10775434500.0,10234198379.5,10.7754345,10.2341983795,3413.05075,304525312.0,290.41796875,1.9610958099365234,196.59310102462769
167,R4,LOCAL_TREE-GRADUAL-MILD,7,c5538fc72cde6ccb,PERSIST,0.1375,65312520.0,0.0,1246298.0,1508532.5,161737082.0,276563.5,65312520.0,10393795000.0,9774019622.0,10.393795,9.774019622,623.149,285652992.0,272.419921875,1.4386487007141113,154.2445011138916
167,R4,LOCAL_TREE-GRADUAL-MILD,7,c5538fc72cde6ccb,POPULATION-RESEED,0.1355,65312520.0,1787.0,1248152.5,1883212.0,195229448.5,281638.0,65314307.0,10857576500.0,10270031484.5,10.8575765,10.2700314845,624.07625,320098304.0,305.26953125,1.7959709167480469,186.1853108406067
168,R5,LOCAL_TREE-GRADUAL-MILD,8,4aef01ad1d1bb026,CHAMPION-RESEED,0.14950000000000002,65312520.0,13.0,8402520.0,1969982.5,217512953.0,321681.0,65312533.0,11378530500.0,10803203351.0,11.3785305,10.803203351,4201.26,379293696.0,361.72265625,1.8787217140197754,207.43651676177979
168,R5,LOCAL_TREE-GRADUAL-MILD,8,4aef01ad1d1bb026,PERSIST,0.14675,65312520.0,0.0,1232410.0,1807088.0,168120292.5,285801.0,65312520.0,10561493500.0,9973805132.0,10.5614935,9.973805132,616.205,364328960.0,347.451171875,1.7233734130859375,160.3320050239563
168,R5,LOCAL_TREE-GRADUAL-MILD,8,4aef01ad1d1bb026,POPULATION-RESEED,0.139,65312520.0,1815.0,1237010.5,2156592.5,224693090.5,322428.0,65314335.0,11165979000.0,10553696681.0,11.165979,10.553696681,618.50525,386572288.0,368.6640625,2.0566868782043457,214.28402948379517
169,R5,LOCAL_TREE-GRADUAL-MILD,9,e60797e91d917f0a,CHAMPION-RESEED,0.14225,65312520.0,13.0,1173950.0,2024433.0,220335291.5,325137.0,65312533.0,11095405000.0,10575448633.5,11.095405,10.5754486335,586.975,401248256.0,382.66015625,1.930649757385254,210.12810850143433
169,R5,LOCAL_TREE-GRADUAL-MILD,9,e60797e91d917f0a,PERSIST,0.1405,65312520.0,0.0,1129018.0,1672826.0,170264952.5,289064.5,65312520.0,10422601000.0,9898385911.5,10.422601,9.8983859115,564.509,394569728.0,376.291015625,1.5953311920166016,162.37731218338013
169,R5,LOCAL_TREE-GRADUAL-MILD,9,e60797e91d917f0a,POPULATION-RESEED,0.14150000000000001,65312520.0,1853.0,1222380.0,1822054.0,199653203.0,288289.5,65314373.0,10165116500.0,9733815690.5,10.1651165,9.7338156905,611.19,403648512.0,384.94921875,1.7376461029052734,190.40413188934326
170,R5,LOCAL_TREE-GRADUAL-MILD,10,4ccaeac9a7815eab,CHAMPION-RESEED,0.14525,65312520.0,15.0,1176431.5,2359535.0,251749888.5,365213.5,65312535.0,11373956000.0,10696416600.5,11.373956,10.6964166005,588.21575,389367808.0,371.330078125,2.250227928161621,240.08740282058716
170,R5,LOCAL_TREE-GRADUAL-MILD,10,4ccaeac9a7815eab,PERSIST,0.14925,65312520.0,0.0,1210327.5,1973358.5,198449289.5,328502.0,65312520.0,10885283500.0,10153907159.0,10.8852835,10.153907159,605.16375,372619264.0,355.357421875,1.881941318511963,189.2559905052185
170,R5,LOCAL_TREE-GRADUAL-MILD,10,4ccaeac9a7815eab,POPULATION-RESEED,0.145,65312520.0,1883.0,1203812.5,2319081.5,242042571.0,343837.5,65314403.0,11056407000.0,10478136282.0,11.056407,10.478136282,601.90625,391147520.0,373.02734375,2.211648464202881,230.82978343963623
171,R5,LOCAL_TREE-GRADUAL-MILD,11,b18456e413e75089,CHAMPION-RESEED,0.149,65312520.0,13.0,1151735.0,2090444.5,230310965.0,336549.5,65312533.0,10790452000.0,10251529278.5,10.790452,10.2515292785,575.8675,326907904.0,311.763671875,1.993603229522705,219.64165210723877
171,R5,LOCAL_TREE-GRADUAL-MILD,11,b18456e413e75089,PERSIST,0.1475,65312520.0,0.0,1181859.5,1821307.0,180185275.5,301602.0,65312520.0,10301806000.0,9753349533.0,10.301806,9.753349533,590.92975,306401280.0,292.20703125,1.736933708190918,171.83806943893433
171,R5,LOCAL_TREE-GRADUAL-MILD,11,b18456e413e75089,POPULATION-RESEED,0.14775,65312520.0,1909.0,1155070.0,2292622.0,227757371.5,323782.0,65314429.0,10665389500.0,10202815783.5,10.6653895,10.2028157835,577.535,338169856.0,322.50390625,2.1864147186279297,217.20635557174683
172,R5,LOCAL_TREE-GRADUAL-MILD,12,1705cf5c8f563120,CHAMPION-RESEED,0.15275,65312520.0,13.0,1192431.5,2095697.0,228920094.0,334121.0,65312533.0,10866373500.0,10181408605.5,10.8663735,10.1814086055,596.21575,329332736.0,314.076171875,1.998612403869629,218.3152141571045
172,R5,LOCAL_TREE-GRADUAL-MILD,12,1705cf5c8f563120,PERSIST,0.15175,65312520.0,0.0,1247811.0,1973013.0,183891088.5,306364.0,65312520.0,10412598000.0,9744907091.0,10.412598,9.744907091,623.9055,311089152.0,296.677734375,1.8816118240356445,175.37220811843872
172,R5,LOCAL_TREE-GRADUAL-MILD,12,1705cf5c8f563120,POPULATION-RESEED,0.14600000000000002,65312520.0,1978.0,1172995.5,2710442.5,233711003.0,332201.0,65314498.0,10825400500.0,10220747927.0,10.8254005,10.220747927,586.49775,337686528.0,322.04296875,2.5848793983459473,222.88418102264404
173,R5,LOCAL_TREE-GRADUAL-MILD,13,1e6a01b1879d0917,CHAMPION-RESEED,0.148,65312520.0,13.0,1172367.5,1745202.5,208936245.5,306421.0,65312533.0,10246012000.0,9817723669.0,10.246012,9.817723669,586.18375,344416256.0,328.4609375,1.6643548011779785,199.25713109970093
173,R5,LOCAL_TREE-GRADUAL-MILD,13,1e6a01b1879d0917,PERSIST,0.1465,65312520.0,0.0,1186981.5,1907420.5,183880812.0,306762.0,65312520.0,10527569500.0,9891256822.0,10.5275695,9.891256822,593.49075,333365248.0,317.921875,1.8190579414367676,175.36240768432617
173,R5,LOCAL_TREE-GRADUAL-MILD,13,1e6a01b1879d0917,POPULATION-RESEED,0.14575,65312520.0,1953.0,1213321.0,2075611.0,224018622.0,316871.0,65314473.0,10676647500.0,10130639724.0,10.6766475,10.130639724,606.6605,375398400.0,358.0078125,1.979456901550293,213.64080619812012
174,R5,LOCAL_TREE-GRADUAL-MILD,14,ecae41391bb6b906,CHAMPION-RESEED,0.1515,65312520.0,12.0,1135960.5,1913451.0,212269645.5,311982.0,65312532.0,10493022500.0,9985131873.5,10.4930225,9.9851318735,567.98025,325906432.0,310.80859375,1.8248090744018555,202.43610906600952
174,R5,LOCAL_TREE-GRADUAL-MILD,14,ecae41391bb6b906,PERSIST,0.16149999999999998,65312520.0,0.0,1225520.0,1769789.5,178189466.0,298600.5,65312520.0,10226933500.0,9663588777.5,10.2269335,9.6635887775,612.76,308926464.0,294.615234375,1.687802791595459,169.93471717834473
174,R5,LOCAL_TREE-GRADUAL-MILD,14,ecae41391bb6b906,POPULATION-RESEED,0.14975,65312520.0,1653.0,1146423.5,2497881.5,235646933.5,333666.5,65314173.0,10733813500.0,10246629319.0,10.7338135,10.246629319,573.21175,327137280.0,311.982421875,2.3821654319763184,224.73042821884155
175,R5,LOCAL_TREE-GRADUAL-MILD,15,91ce058648194196,CHAMPION-RESEED,0.13575,65312520.0,16.0,1161070.0,2186246.0,230023464.5,334661.0,65312536.0,10855059000.0,10351105516.0,10.855059,10.351105516,580.535,315985920.0,301.34765625,2.0849666595458984,219.36747026443481
175,R5,LOCAL_TREE-GRADUAL-MILD,15,91ce058648194196,PERSIST,0.1375,65312520.0,0.0,1174040.0,1961895.5,189608149.0,316115.0,65312520.0,10497156000.0,9905468160.0,10.497156,9.90546816,587.02,304625664.0,290.513671875,1.871009349822998,180.8244218826294
175,R5,LOCAL_TREE-GRADUAL-MILD,15,91ce058648194196,POPULATION-RESEED,0.1385,65312520.0,2154.0,1175430.5,1913002.0,218023033.0,309596.0,65314674.0,10496495500.0,9975107544.5,10.4964955,9.9751075445,587.71525,336932864.0,321.32421875,1.824380874633789,207.92296695709229
176,R5,LOCAL_TREE-GRADUAL-MILD,16,5d55841f417949eb,CHAMPION-RESEED,0.14900000000000002,65312520.0,11.0,1161167.0,2374519.5,210733492.0,310771.0,65312531.0,10431096000.0,9982949959.5,10.431096,9.9829499595,580.5835,382058496.0,364.359375,2.2645182609558105,200.97111892700195
176,R5,LOCAL_TREE-GRADUAL-MILD,16,5d55841f417949eb,PERSIST,0.1535,65312520.0,0.0,1168966.0,1464333.0,151310023.0,257768.5,65312520.0,9758439500.0,9325447115.0,9.7584395,9.325447115,584.483,374206464.0,356.87109375,1.3964967727661133,144.30048274993896
176,R5,LOCAL_TREE-GRADUAL-MILD,16,5d55841f417949eb,POPULATION-RESEED,0.14825,65312520.0,1687.0,1111661.5,2118268.0,212129514.0,303528.0,65314207.0,10138189500.0,9762965496.0,10.1381895,9.762965496,555.83075,391778304.0,373.62890625,2.0201377868652344,202.30246925354004
177,R5,LOCAL_TREE-GRADUAL-MILD,17,e32259ca24c65a14,CHAMPION-RESEED,0.1345,65312520.0,15.0,1143384.5,2006205.5,220927378.0,322808.0,65312535.0,11130272500.0,10495995529.5,11.1302725,10.4959955295,571.69225,369942528.0,352.8046875,1.913266658782959,210.6927661895752
177,R5,LOCAL_TREE-GRADUAL-MILD,17,e32259ca24c65a14,PERSIST,0.13574999999999998,65312520.0,0.0,7391310.0,2080852.0,195482997.5,323507.0,65312520.0,11219734000.0,10544582024.0,11.219734,10.544582024,3695.655,365682688.0,348.7421875,1.9844551086425781,186.42711400985718
177,R5,LOCAL_TREE-GRADUAL-MILD,17,e32259ca24c65a14,POPULATION-RESEED,0.13575,65312520.0,2243.0,1172040.0,2081352.5,226391871.0,322120.0,65314763.0,10972015000.0,10405499776.5,10.972015,10.4054997765,586.02,376248320.0,358.818359375,1.9849324226379395,215.90411281585693
178,R5,LOCAL_TREE-GRADUAL-MILD,18,d211daa04d468458,CHAMPION-RESEED,0.138,65312520.0,12.0,1229517.5,2001304.0,218225579.5,319695.5,65312532.0,10970344500.0,10306558302.0,10.9703445,10.306558302,614.75875,310890496.0,296.48828125,1.9085922241210938,208.11613035202026
178,R5,LOCAL_TREE-GRADUAL-MILD,18,d211daa04d468458,PERSIST,0.13625,65312520.0,0.0,1231651.5,1714373.5,166769734.5,281226.0,65312520.0,10266456500.0,9624504974.5,10.2664565,9.6245049745,615.82575,298993664.0,285.142578125,1.6349539756774902,159.0440125465393
178,R5,LOCAL_TREE-GRADUAL-MILD,18,d211daa04d468458,POPULATION-RESEED,0.13475,65312520.0,1764.0,1186766.5,1746176.5,196196795.5,280309.5,65314284.0,10237430500.0,9597861316.5,10.2374305,9.5978613165,593.38325,327806976.0,312.62109375,1.6652836799621582,187.10784482955933
179,R5,LOCAL_TREE-GRADUAL-MILD,19,6de1df4745246814,CHAMPION-RESEED,0.14150000000000001,65312520.0,12.0,1207102.0,2290525.0,209750110.0,307550.5,65312532.0,10980223500.0,10325350807.0,10.9802235,10.325350807,603.551,312555520.0,298.076171875,2.184414863586426,200.03329277038574
179,R5,LOCAL_TREE-GRADUAL-MILD,19,6de1df4745246814,PERSIST,0.145,65312520.0,0.0,1295327.0,1720993.5,170413776.0,285980.0,65312520.0,10737751500.0,10099886866.0,10.7377515,10.099886866,647.6635,302090240.0,288.095703125,1.6412672996520996,162.5192413330078
179,R5,LOCAL_TREE-GRADUAL-MILD,19,6de1df4745246814,POPULATION-RESEED,0.14024999999999999,65312520.0,1810.0,1159392.0,1909287.0,199496694.5,286222.0,65314330.0,10482537000.0,9912626433.0,10.482537,9.912626433,579.696,315865088.0,301.232421875,1.8208379745483398,190.254873752594
180,R5,LOCAL_TREE-GRADUAL-MILD,20,ea45e6836a483083,CHAMPION-RESEED,0.14925,65312520.0,17.0,1234624.0,1928160.0,233131378.5,339938.5,65312537.0,10720638000.0,10195966480.0,10.720638,10.19596648,617.312,308561920.0,294.267578125,1.838836669921875,222.33140802383423
180,R5,LOCAL_TREE-GRADUAL-MILD,20,ea45e6836a483083,PERSIST,0.14650000000000002,65312520.0,0.0,1329474.0,1785005.5,181477260.5,303484.0,65312520.0,10145435000.0,9588779634.5,10.145435,9.5887796345,664.737,294598656.0,280.951171875,1.7023138999938965,173.07020235061646
180,R5,LOCAL_TREE-GRADUAL-MILD,20,ea45e6836a483083,POPULATION-RESEED,0.14300000000000002,65312520.0,1971.0,1263051.5,2127573.5,218030460.0,310724.0,65314491.0,10462208000.0,9866127816.0,10.462208,9.866127816,631.52575,314083328.0,299.533203125,2.0290122032165527,207.93004989624023
181,R5,LOCAL_TREE-GRADUAL-MILD,21,76426cf88a2b6015,CHAMPION-RESEED,0.14725,65312520.0,13.0,1148086.5,1950371.5,218805621.5,320066.0,65312533.0,10669499500.0,10131057170.5,10.6694995,10.1310571705,574.04325,379936768.0,362.3359375,1.8600192070007324,208.66930150985718
181,R5,LOCAL_TREE-GRADUAL-MILD,21,76426cf88a2b6015,PERSIST,0.13974999999999999,65312520.0,0.0,1211538.0,1915404.5,188648769.5,314995.0,65312520.0,10395655000.0,9802348324.0,10.395655,9.802348324,605.769,374616064.0,357.26171875,1.826672077178955,179.90948629379272
181,R5,LOCAL_TREE-GRADUAL-MILD,21,76426cf88a2b6015,POPULATION-RESEED,0.14275,65312520.0,1911.0,1121306.0,1988937.0,222230305.0,315611.0,65314431.0,10622424500.0,10092945722.5,10.6224245,10.0929457225,560.653,386240512.0,368.34765625,1.8967981338500977,211.93533420562744
182,R5,LOCAL_TREE-GRADUAL-MILD,22,6520dd979609210d,CHAMPION-RESEED,0.14024999999999999,65312520.0,14.0,1212729.0,1745214.0,214148932.5,314293.0,65312534.0,10746467000.0,10199313283.0,10.746467,10.199313283,606.3645,330102784.0,314.810546875,1.6643657684326172,204.22833681106567
182,R5,LOCAL_TREE-GRADUAL-MILD,22,6520dd979609210d,PERSIST,0.14100000000000001,65312520.0,0.0,1156321.5,1784891.0,182586752.0,305874.0,65312520.0,10549251000.0,9939113090.5,10.549251,9.9391130905,578.16075,309651456.0,295.306640625,1.702204704284668,174.1282958984375
182,R5,LOCAL_TREE-GRADUAL-MILD,22,6520dd979609210d,POPULATION-RESEED,0.14225,65312520.0,1972.0,1140665.5,2149487.5,220536777.5,313788.0,65314492.0,10898468500.0,10361490115.0,10.8984685,10.361490115,570.33275,335007744.0,319.48828125,2.0499110221862793,210.32026052474976
183,R5,LOCAL_TREE-GRADUAL-MILD,23,ca660f730b4d58e2,CHAMPION-RESEED,0.13724999999999998,65312520.0,16.0,1214175.5,2219583.5,240012988.5,349534.0,65312536.0,11188056000.0,10613016617.0,11.188056,10.613016617,607.08775,338063360.0,322.40234375,2.116759777069092,228.89422273635864
183,R5,LOCAL_TREE-GRADUAL-MILD,23,ca660f730b4d58e2,PERSIST,0.137,65312520.0,0.0,1255250.5,1774014.5,183285904.5,306303.5,65312520.0,10493006500.0,9939772355.0,10.4930065,9.939772355,627.62525,324722688.0,309.6796875,1.6918320655822754,174.79505968093872
183,R5,LOCAL_TREE-GRADUAL-MILD,23,ca660f730b4d58e2,POPULATION-RESEED,0.13724999999999998,65312520.0,1919.0,1130586.0,1934688.0,212612921.5,302524.0,65314439.0,10455511000.0,9972411183.5,10.455511,9.9724111835,565.293,338063360.0,322.40234375,1.845062255859375,202.7634825706482
184,R5,LOCAL_TREE-GRADUAL-MILD,24,36fc20c467d4a4e8,CHAMPION-RESEED,0.1385,65312520.0,14.0,1212620.0,2174191.0,239813707.5,348494.0,65312534.0,11263446500.0,10707428398.5,11.2634465,10.7074283985,606.31,323883008.0,308.87890625,2.073470115661621,228.7041735649109
184,R5,LOCAL_TREE-GRADUAL-MILD,24,36fc20c467d4a4e8,PERSIST,0.137,65312520.0,0.0,1275977.0,1950024.0,196046020.5,324994.5,65312520.0,11108002000.0,10367455804.5,11.108002,10.3674558045,637.9885,308078592.0,293.806640625,1.8596878051757812,186.96405458450317
184,R5,LOCAL_TREE-GRADUAL-MILD,24,36fc20c467d4a4e8,POPULATION-RESEED,0.13674999999999998,65312520.0,2072.0,1175070.0,2069641.5,231598574.0,327601.0,65314592.0,10911990000.0,10398946906.5,10.91199,10.3989469065,587.535,339247104.0,323.53125,1.9737639427185059,220.8696117401123
185,R5,LOCAL_TREE-GRADUAL-MILD,25,691a4345c89e63e2,CHAMPION-RESEED,0.158,65312520.0,11.0,1194288.0,1828856.0,192886472.5,285887.0,65312531.0,10356718500.0,9792212715.0,10.3567185,9.792212715,597.144,305633280.0,291.474609375,1.7441329956054688,183.95087480545044
185,R5,LOCAL_TREE-GRADUAL-MILD,25,691a4345c89e63e2,PERSIST,0.15200000000000002,65312520.0,0.0,1294689.5,1515909.0,154908129.5,261885.0,65312520.0,9985933500.0,9402467128.5,9.9859335,9.4024671285,647.34475,287649792.0,274.32421875,1.445683479309082,147.73190450668335
185,R5,LOCAL_TREE-GRADUAL-MILD,25,691a4345c89e63e2,POPULATION-RESEED,0.15225,65312520.0,1619.0,1180101.0,1895362.0,192114719.0,276279.5,65314139.0,10251605500.0,9667817215.0,10.2516055,9.667817215,590.0505,314365952.0,299.802734375,1.8075580596923828,183.2148733139038
186,R5,LOCAL_TREE-GRADUAL-MILD,26,22f87fff5736708c,CHAMPION-RESEED,0.146,65312520.0,14.0,1331803.0,2167136.5,217452101.5,316840.5,65312534.0,11117714500.0,10468920228.0,11.1177145,10.468920228,665.9015,333191168.0,317.755859375,2.066742420196533,207.378484249115
186,R5,LOCAL_TREE-GRADUAL-MILD,26,22f87fff5736708c,PERSIST,0.14575,65312520.0,0.0,1311410.5,1833099.5,165031285.0,277451.5,65312520.0,10694326500.0,9964397642.0,10.6943265,9.964397642,655.70525,308985856.0,294.671875,1.7481799125671387,157.38609790802002
186,R5,LOCAL_TREE-GRADUAL-MILD,26,22f87fff5736708c,POPULATION-RESEED,0.1495,65312520.0,2021.0,1187981.0,2022931.0,201038765.5,286198.0,65314541.0,10545425000.0,9910382305.5,10.545425,9.9103823055,593.9905,335816704.0,320.259765625,1.9292173385620117,191.7255072593689
187,R5,LOCAL_TREE-GRADUAL-MILD,27,ab4207c1c3c3abaa,CHAMPION-RESEED,0.15075,65312520.0,12.0,1193650.5,2033509.0,214111266.0,313768.0,65312532.0,10501586000.0,9962563053.0,10.501586,9.962563053,596.82525,309080064.0,294.76171875,1.939305305480957,204.19241523742676
187,R5,LOCAL_TREE-GRADUAL-MILD,27,ab4207c1c3c3abaa,PERSIST,0.14775,65312520.0,0.0,8061701.5,1795639.5,170544736.0,286315.5,65312520.0,10100371000.0,9612636003.5,10.100371,9.6126360035,4030.85075,300378112.0,286.462890625,1.7124552726745605,162.64413452148438
187,R5,LOCAL_TREE-GRADUAL-MILD,27,ab4207c1c3c3abaa,POPULATION-RESEED,0.15575,65312520.0,1784.0,1154385.0,1722379.5,196760172.5,281438.0,65314304.0,10070442500.0,9573548516.5,10.0704425,9.5735485165,577.1925,317540352.0,302.830078125,1.6425890922546387,187.64512300491333
188,R5,LOCAL_TREE-GRADUAL-MILD,28,de6db9e4b823ac97,CHAMPION-RESEED,0.14150000000000001,65312520.0,8.0,1154966.5,1418872.0,169740841.5,255842.5,65312528.0,9426610000.0,9043772556.5,9.42661,9.0437725565,577.48325,373790720.0,356.474609375,1.3531417846679688,161.87748098373413
188,R5,LOCAL_TREE-GRADUAL-MILD,28,de6db9e4b823ac97,PERSIST,0.14100000000000001,65312520.0,0.0,1083539.0,1036184.0,126973877.0,220849.0,65312520.0,8906190500.0,8504810483.5,8.9061905,8.5048104835,541.7695,366813184.0,349.8203125,0.9881820678710938,121.09172534942627
188,R5,LOCAL_TREE-GRADUAL-MILD,28,de6db9e4b823ac97,POPULATION-RESEED,0.14175,65312520.0,1181.0,1100471.0,1140829.5,150925888.5,223430.5,65313701.0,8720810000.0,8462165039.0,8.72081,8.462165039,550.2355,378531840.0,360.99609375,1.087979793548584,143.9341435432434
189,R5,LOCAL_TREE-GRADUAL-MILD,29,e4b5d4a42971a82a,CHAMPION-RESEED,0.13424999999999998,65312520.0,13.0,1171122.5,1789227.0,205827592.0,302459.5,65312533.0,10249421000.0,9803704223.0,10.249421,9.803704223,585.56125,345307136.0,329.310546875,1.7063398361206055,196.29248809814453
189,R5,LOCAL_TREE-GRADUAL-MILD,29,e4b5d4a42971a82a,PERSIST,0.136,65312520.0,0.0,1202099.0,1555174.0,172667370.5,289459.5,65312520.0,10151039500.0,9623162801.0,10.1510395,9.623162801,601.0495,336908288.0,321.30078125,1.4831295013427734,164.6684365272522
189,R5,LOCAL_TREE-GRADUAL-MILD,29,e4b5d4a42971a82a,POPULATION-RESEED,0.1365,65312520.0,1852.0,1116761.5,1765761.0,197894935.5,283056.0,65314372.0,10092419500.0,9619717437.0,10.0924195,9.619717437,558.38075,348784640.0,332.626953125,1.6839609146118164,188.72731733322144
190,R5,LOCAL_TREE-GRADUAL-MILD,30,522d3f615c91a868,CHAMPION-RESEED,0.1355,65312520.0,13.0,1198616.0,1930468.5,217159827.5,318246.0,65312533.0,10550444500.0,10069879070.5,10.5504445,10.0698790705,599.308,337106944.0,321.490234375,1.8410382270812988,207.09975004196167
190,R5,LOCAL_TREE-GRADUAL-MILD,30,522d3f615c91a868,PERSIST,0.132,65312520.0,0.0,1198384.5,1626411.0,182738892.5,305471.0,65312520.0,10361677500.0,9786561070.0,10.3616775,9.78656107,599.19225,311623680.0,297.1875,1.5510663986206055,174.2733883857727
190,R5,LOCAL_TREE-GRADUAL-MILD,30,522d3f615c91a868,POPULATION-RESEED,0.1365,65312520.0,1962.0,1133992.0,1992082.0,219277034.0,312048.0,65314482.0,10452236500.0,9966064681.5,10.4522365,9.9660646815,566.996,339529728.0,323.80078125,1.8997974395751953,209.11887550354004
191,R5,LOCAL_TREE-GRADUAL-MILD,31,ff2613aadb139706,CHAMPION-RESEED,0.13025,65312520.0,13.0,1216842.0,2746935.0,261903330.0,379216.5,65312533.0,11633595500.0,10986670277.0,11.6335955,10.986670277,608.421,353255424.0,336.890625,2.6196813583374023,249.7704792022705
191,R5,LOCAL_TREE-GRADUAL-MILD,31,ff2613aadb139706,PERSIST,0.13075,65312520.0,0.0,1357632.0,1963149.5,184545266.0,308591.5,65312520.0,10376457000.0,9844028848.5,10.376457,9.8440288485,678.816,340357120.0,324.58984375,1.8722052574157715,175.99608039855957
191,R5,LOCAL_TREE-GRADUAL-MILD,31,ff2613aadb139706,POPULATION-RESEED,0.13225,65312520.0,1948.0,1143804.5,1912541.0,214975448.5,305887.5,65314468.0,10353998500.0,9865702273.5,10.3539985,9.8657022735,571.90225,353908736.0,337.513671875,1.8239412307739258,205.0165638923645
192,R5,LOCAL_TREE-GRADUAL-MILD,32,fbdc2c232c7bb622,CHAMPION-RESEED,0.1275,65312520.0,12.0,1438543.0,2027727.0,218456554.0,320070.5,65312532.0,10603746000.0,10092423154.5,10.603746,10.0924231545,719.2715,333029376.0,317.6015625,1.933791160583496,208.33640480041504
192,R5,LOCAL_TREE-GRADUAL-MILD,32,fbdc2c232c7bb622,PERSIST,0.12975,65312520.0,0.0,1294509.5,1716615.0,172824199.0,290742.5,65312520.0,10216702500.0,9658478156.0,10.2167025,9.658478156,647.25475,311320576.0,296.8984375,1.6370916366577148,164.81799983978271
192,R5,LOCAL_TREE-GRADUAL-MILD,32,fbdc2c232c7bb622,POPULATION-RESEED,0.124,65312520.0,1919.0,1190618.0,1842868.0,202571742.0,290103.0,65314439.0,10136704500.0,9661287926.5,10.1367045,9.6612879265,595.309,333256704.0,317.818359375,1.7574958801269531,193.18746757507324
193,R5,LOCAL_TREE-GRADUAL-MILD,33,12d786da69856a76,CHAMPION-RESEED,0.12625,65312520.0,13.0,1223189.0,2017633.0,221638067.5,324358.5,65312533.0,10519359500.0,10003272056.5,10.5193595,10.0032720565,611.5945,320753664.0,305.89453125,1.9241647720336914,211.3705325126648
193,R5,LOCAL_TREE-GRADUAL-MILD,33,12d786da69856a76,PERSIST,0.1285,65312520.0,0.0,1290637.5,1664127.5,187992964.0,313868.0,65312520.0,10586928500.0,10027709808.5,10.5869285,10.0277098085,645.31875,310925312.0,296.521484375,1.5870356559753418,179.28406143188477
193,R5,LOCAL_TREE-GRADUAL-MILD,33,12d786da69856a76,POPULATION-RESEED,0.127,65312520.0,2153.0,1142126.5,2031887.0,221872532.5,315601.5,65314673.0,10470634500.0,9969600048.0,10.4706345,9.969600048,571.06325,327649280.0,312.470703125,1.937758445739746,211.594135761261
194,R5,LOCAL_TREE-GRADUAL-MILD,34,a5e664f6c9221dda,CHAMPION-RESEED,0.157,65312520.0,12.0,1135054.0,1935365.5,218084798.5,319181.0,65312532.0,10506924000.0,10012714396.0,10.506924,10.012714396,567.527,314255360.0,299.697265625,1.8457083702087402,207.98187112808228
194,R5,LOCAL_TREE-GRADUAL-MILD,34,a5e664f6c9221dda,PERSIST,0.1485,65312520.0,0.0,1131830.0,2133455.5,193786026.5,320908.0,65312520.0,10567259000.0,9977640332.0,10.567259,9.977640332,565.915,301156352.0,287.205078125,2.0346217155456543,184.80875635147095
194,R5,LOCAL_TREE-GRADUAL-MILD,34,a5e664f6c9221dda,POPULATION-RESEED,0.15275,65312520.0,1726.0,1126697.5,2297441.0,217886688.5,310643.0,65314246.0,10374318500.0,9921891455.0,10.3743185,9.921891455,563.34875,337170432.0,321.55078125,2.1910104751586914,207.79293870925903
195,R5,LOCAL_TREE-GRADUAL-MILD,35,1596f5b3eae2df1a,CHAMPION-RESEED,0.1395,65312520.0,12.0,1170709.0,1777858.0,210540167.5,309270.0,65312532.0,10378505500.0,9867070859.0,10.3785055,9.867070859,585.3545,383057920.0,365.3125,1.6954975128173828,200.78675031661987
195,R5,LOCAL_TREE-GRADUAL-MILD,35,1596f5b3eae2df1a,PERSIST,0.13525,65312520.0,0.0,1183045.5,1589482.5,166431062.5,280687.5,65312520.0,10039140500.0,9499484765.5,10.0391405,9.4994847655,591.52275,373364736.0,356.068359375,1.5158486366271973,158.72102975845337
195,R5,LOCAL_TREE-GRADUAL-MILD,35,1596f5b3eae2df1a,POPULATION-RESEED,0.1365,65312520.0,1800.0,1087129.0,1859133.5,199697210.0,285630.0,65314320.0,9802568500.0,9401832414.5,9.8025685,9.4018324145,543.5645,400103424.0,381.568359375,1.773007869720459,190.44610023498535
196,R5,LOCAL_TREE-GRADUAL-MILD,36,1a57e455321e9b8e,CHAMPION-RESEED,0.13924999999999998,65312520.0,12.0,1254745.0,2120491.5,217352624.0,318179.5,65312532.0,10321136500.0,9852775006.0,10.3211365,9.852775006,627.3725,370206720.0,353.056640625,2.0222582817077637,207.2836151123047
196,R5,LOCAL_TREE-GRADUAL-MILD,36,1a57e455321e9b8e,PERSIST,0.14100000000000001,65312520.0,0.0,6300859.0,1528115.0,163333004.0,274951.5,65312520.0,9783535500.0,9330332722.0,9.7835355,9.330332722,3150.4295,360521728.0,343.8203125,1.4573240280151367,155.7664909362793
196,R5,LOCAL_TREE-GRADUAL-MILD,36,1a57e455321e9b8e,POPULATION-RESEED,0.13974999999999999,65312520.0,1751.0,1203214.0,1723481.5,196939246.0,281225.0,65314271.0,9742218000.0,9373765582.5,9.742218,9.3737655825,601.607,375332864.0,357.9453125,1.6436400413513184,187.8159008026123
197,R5,LOCAL_TREE-GRADUAL-MILD,37,cc67f67871eb1c4c,CHAMPION-RESEED,0.146,65312520.0,16.0,1202663.0,2299803.0,222455336.5,322589.5,65312536.0,10599564000.0,10055906987.5,10.599564,10.0559069875,601.3315,308615168.0,294.318359375,2.193263053894043,212.14994096755981
197,R5,LOCAL_TREE-GRADUAL-MILD,37,cc67f67871eb1c4c,PERSIST,0.14475,65312520.0,0.0,1252051.0,1912241.5,171693263.0,285273.0,65312520.0,10038899500.0,9504965467.5,10.0388995,9.5049654675,626.0255,296015872.0,282.302734375,1.823655605316162,163.7394552230835
197,R5,LOCAL_TREE-GRADUAL-MILD,37,cc67f67871eb1c4c,POPULATION-RESEED,0.14375,65312520.0,2313.0,1150095.0,2208932.5,198983077.0,283894.5,65314833.0,9972357000.0,9511524669.0,9.972357,9.511524669,575.0475,320724992.0,305.8671875,2.106602191925049,189.7650499343872
198,R5,LOCAL_TREE-GRADUAL-MILD,38,4465196abf975bde,CHAMPION-RESEED,0.13225,65312520.0,14.0,1211088.0,2466293.5,262909452.0,379951.0,65312534.0,11588499000.0,10982023250.5,11.588499,10.9820232505,605.544,325019648.0,309.962890625,2.3520407676696777,250.7299919128418
198,R5,LOCAL_TREE-GRADUAL-MILD,38,4465196abf975bde,PERSIST,0.13425,65312520.0,0.0,1276928.5,1825268.5,192919234.5,321378.5,65312520.0,10686785000.0,10105157485.0,10.686785,10.105157485,638.46425,302628864.0,288.609375,1.7407116889953613,183.98211908340454
198,R5,LOCAL_TREE-GRADUAL-MILD,38,4465196abf975bde,POPULATION-RESEED,0.1325,65312520.0,2057.0,1174729.0,2119236.5,228777346.5,323241.0,65314577.0,10796606500.0,10227438333.0,10.7966065,10.227438333,587.3645,327116800.0,311.962890625,2.021061420440674,218.1790795326233
199,R5,LOCAL_TREE-GRADUAL-MILD,39,2610feb642e34848,CHAMPION-RESEED,0.1535,65312520.0,14.0,1218004.5,1969495.5,228026776.0,333651.5,65312534.0,10882607500.0,10417957474.5,10.8826075,10.4179574745,609.00225,379910144.0,362.310546875,1.8782572746276855,217.4632797241211
199,R5,LOCAL_TREE-GRADUAL-MILD,39,2610feb642e34848,PERSIST,0.15025,65312520.0,0.0,1163811.0,1986967.0,202331135.0,335375.5,65312520.0,10842889500.0,10255762805.0,10.8428895,10.255762805,581.9055,365912064.0,348.9609375,1.8949193954467773,192.95800685882568
199,R5,LOCAL_TREE-GRADUAL-MILD,39,2610feb642e34848,POPULATION-RESEED,0.1495,65312520.0,2280.0,1136307.5,2110491.0,230126965.0,326999.0,65314800.0,10594945500.0,10154854804.0,10.5949455,10.154854804,568.15375,391626752.0,373.484375,2.012721061706543,219.46617603302002
200,R5,LOCAL_TREE-GRADUAL-MILD,40,cfac834989c96968,CHAMPION-RESEED,0.1375,65312520.0,14.0,1224246.0,2219025.0,249227656.0,362376.5,65312534.0,11291934000.0,10735317381.0,11.291934,10.735317381,612.123,380825600.0,363.18359375,2.116227149963379,237.68201446533203
200,R5,LOCAL_TREE-GRADUAL-MILD,40,cfac834989c96968,PERSIST,0.14100000000000001,65312520.0,0.0,1290735.0,2131701.0,209372163.0,344926.0,65312520.0,11113693000.0,10454206128.5,11.113693,10.4542061285,645.3675,364683264.0,347.7890625,2.0329484939575195,199.67285442352295
200,R5,LOCAL_TREE-GRADUAL-MILD,40,cfac834989c96968,POPULATION-RESEED,0.137,65312520.0,2048.0,1229252.0,2254944.5,238029773.5,337171.0,65314568.0,11352747500.0,10714630407.5,11.3527475,10.7146304075,614.626,382056448.0,364.357421875,2.150482654571533,227.00288152694702
201,R5,LOCAL_TREE-GRADUAL-MILD,41,c7eabece35d59815,CHAMPION-RESEED,0.14825,65312520.0,12.0,6693605.0,1966450.0,213776537.0,313764.5,65312532.0,10420736000.0,9874281402.0,10.420736,9.874281402,3346.8025,315168768.0,300.568359375,1.8753528594970703,203.8731927871704
201,R5,LOCAL_TREE-GRADUAL-MILD,41,c7eabece35d59815,PERSIST,0.1455,65312520.0,0.0,1154121.5,1652985.5,171131167.0,285961.5,65312520.0,10049625500.0,9417132059.5,10.0496255,9.4171320595,577.06075,299399168.0,285.529296875,1.5764098167419434,163.2033987045288
201,R5,LOCAL_TREE-GRADUAL-MILD,41,c7eabece35d59815,POPULATION-RESEED,0.1485,65312520.0,1753.0,1063245.5,2071244.0,206647419.0,294997.5,65314273.0,10319952000.0,9675781701.5,10.319952,9.6757817015,531.62275,329723904.0,314.44921875,1.9752922058105469,197.07433605194092
202,R5,LOCAL_TREE-GRADUAL-MILD,42,f5e021f29566cc7c,CHAMPION-RESEED,0.1345,65312520.0,14.0,1170554.0,2252372.5,244772229.5,355538.0,65312534.0,11027344000.0,10509313480.0,11.027344,10.50931348,585.277,402485248.0,383.83984375,2.1480298042297363,233.43298864364624
202,R5,LOCAL_TREE-GRADUAL-MILD,42,f5e021f29566cc7c,PERSIST,0.137,65312520.0,0.0,1150026.5,1843635.5,191541973.5,317683.5,65312520.0,10758936500.0,10090124403.5,10.7589365,10.0901244035,575.01325,384811008.0,366.984375,1.758227825164795,182.66866064071655
202,R5,LOCAL_TREE-GRADUAL-MILD,42,f5e021f29566cc7c,POPULATION-RESEED,0.1325,65312520.0,2161.0,1087581.5,2252375.0,233377785.5,331031.5,65314681.0,10696253000.0,10225691751.5,10.696253,10.2256917515,543.79075,413241344.0,394.09765625,2.1480321884155273,222.56640005111694
203,R5,LOCAL_TREE-GRADUAL-MILD,43,1814ffcd43a3956a,CHAMPION-RESEED,0.14200000000000002,65312520.0,14.0,1174004.0,2224422.5,236616828.0,344176.5,65312534.0,10985607500.0,10367431908.5,10.9856075,10.3674319085,587.002,369889280.0,352.75390625,2.1213746070861816,225.65539169311523
203,R5,LOCAL_TREE-GRADUAL-MILD,43,1814ffcd43a3956a,PERSIST,0.13875,65312520.0,0.0,1153132.0,1897543.0,200662196.0,331686.0,65312520.0,10660752500.0,10103330130.0,10.6607525,10.10333013,576.566,367073280.0,350.068359375,1.8096380233764648,191.36638259887695
203,R5,LOCAL_TREE-GRADUAL-MILD,43,1814ffcd43a3956a,POPULATION-RESEED,0.14900000000000002,65312520.0,1931.0,1173299.0,1753967.5,203072049.5,290298.0,65314451.0,10114180500.0,9666917734.0,10.1141805,9.666917734,586.6495,379045888.0,361.486328125,1.6727137565612793,193.66459798812866
204,R5,LOCAL_TREE-GRADUAL-MILD,44,e35c165463e24db1,CHAMPION-RESEED,0.13924999999999998,65312520.0,14.0,1314205.0,2099398.5,236174217.0,343421.5,65312534.0,11373107500.0,10682835643.5,11.3731075,10.6828356435,657.1025,320919552.0,306.052734375,2.0021424293518066,225.23328495025635
204,R5,LOCAL_TREE-GRADUAL-MILD,44,e35c165463e24db1,PERSIST,0.14125,65312520.0,0.0,1318066.5,1740648.0,194134276.0,322595.0,65312520.0,10963252500.0,10351740539.0,10.9632525,10.351740539,659.03325,307681280.0,293.427734375,1.6600112915039062,185.14087295532227
204,R5,LOCAL_TREE-GRADUAL-MILD,44,e35c165463e24db1,POPULATION-RESEED,0.14175,65312520.0,2059.0,1284115.5,1982520.5,226755887.5,321889.5,65314579.0,10949373500.0,10460759821.5,10.9493735,10.4607598215,642.05775,326912000.0,311.767578125,1.890678882598877,216.25126600265503
205,R5,LOCAL_TREE-GRADUAL-MILD,45,38b0ce3acfde369c,CHAMPION-RESEED,0.15749999999999997,65312520.0,11.0,1192177.0,2159743.0,211334935.5,311068.5,65312531.0,10466343500.0,9924262338.0,10.4663435,9.924262338,596.0885,305680384.0,291.51953125,2.0596914291381836,201.54470014572144
205,R5,LOCAL_TREE-GRADUAL-MILD,45,38b0ce3acfde369c,PERSIST,0.15775,65312520.0,0.0,1133447.0,1656604.5,154890017.5,261739.0,65312520.0,9573452500.0,9104535305.0,9.5734525,9.104535305,566.7235,298614784.0,284.78125,1.5798611640930176,147.7146315574646
205,R5,LOCAL_TREE-GRADUAL-MILD,45,38b0ce3acfde369c,POPULATION-RESEED,0.15725,65312520.0,1693.0,1084320.0,1801499.5,185766083.0,268978.0,65314213.0,9657504500.0,9262055136.0,9.6575045,9.262055136,542.16,315371520.0,300.76171875,1.7180438041687012,177.1603422164917
206,R5,LOCAL_TREE-GRADUAL-MILD,46,52ea4c4d36d92f9c,CHAMPION-RESEED,0.138,65312520.0,14.0,1217213.0,2044716.5,229844170.5,335014.5,65312534.0,10868006000.0,10411909691.5,10.868006,10.4119096915,608.6065,315260928.0,300.65625,1.94999361038208,219.19648218154907
206,R5,LOCAL_TREE-GRADUAL-MILD,46,52ea4c4d36d92f9c,PERSIST,0.1365,65312520.0,0.0,1247179.0,1607811.0,167704129.0,281306.0,65312520.0,10008879500.0,9539527831.0,10.0088795,9.539527831,623.5895,303194112.0,289.1484375,1.5333280563354492,159.93512058258057
206,R5,LOCAL_TREE-GRADUAL-MILD,46,52ea4c4d36d92f9c,POPULATION-RESEED,0.13674999999999998,65312520.0,1964.0,1254130.0,1952567.0,212590741.0,301717.0,65314484.0,10371203500.0,9937891745.0,10.3712035,9.937891745,627.065,317538304.0,302.828125,1.8621129989624023,202.74232959747314
207,R5,LOCAL_TREE-GRADUAL-MILD,47,9dbe06568bb9731a,CHAMPION-RESEED,0.13375,65312520.0,12.0,6036964.0,1816013.0,209438140.0,307755.5,65312532.0,10247825000.0,9796789360.5,10.247825,9.7967893605,3018.482,317433856.0,302.728515625,1.7318849563598633,199.73577499389648
207,R5,LOCAL_TREE-GRADUAL-MILD,47,9dbe06568bb9731a,PERSIST,0.134,65312520.0,0.0,1177402.5,1531764.0,163189521.0,275549.5,65312520.0,9854417500.0,9286451449.0,9.8544175,9.286451449,588.70125,302176256.0,288.177734375,1.4608039855957031,155.62965488433838
207,R5,LOCAL_TREE-GRADUAL-MILD,47,9dbe06568bb9731a,POPULATION-RESEED,0.1335,65312520.0,1778.0,1095153.0,1935077.0,203268345.0,290060.5,65314298.0,10159559000.0,9644036286.0,10.159559,9.644036286,547.5765,321859584.0,306.94921875,1.845433235168457,193.85179996490479
208,R5,LOCAL_TREE-GRADUAL-MILD,48,e996cd99de2e3d10,CHAMPION-RESEED,0.14175,65312520.0,15.0,1188322.5,1893900.5,211083017.0,309563.0,65312535.0,10424552500.0,9892457721.0,10.4245525,9.892457721,594.16125,389588992.0,371.541015625,1.806164264678955,201.30445194244385
208,R5,LOCAL_TREE-GRADUAL-MILD,48,e996cd99de2e3d10,PERSIST,0.13924999999999998,65312520.0,0.0,1232736.5,1480439.5,164419853.5,278534.5,65312520.0,10001971000.0,9371131569.5,10.001971,9.3711315695,616.36825,373684224.0,356.373046875,1.4118571281433105,156.80299139022827
208,R5,LOCAL_TREE-GRADUAL-MILD,48,e996cd99de2e3d10,POPULATION-RESEED,0.13974999999999999,65312520.0,1781.0,1210211.5,2095996.5,204456717.0,291439.0,65314301.0,10349918500.0,9774819736.0,10.3499185,9.774819736,605.10575,392341504.0,374.166015625,1.9988980293273926,194.9851198196411
209,R5,LOCAL_TREE-GRADUAL-MILD,49,631a0268247ff3cd,CHAMPION-RESEED,0.14775,65312520.0,12.0,1133043.0,1934055.5,208320547.0,306329.5,65312532.0,10416264000.0,9990184929.0,10.416264,9.990184929,566.5215,320270336.0,305.43359375,1.844459056854248,198.66995525360107
209,R5,LOCAL_TREE-GRADUAL-MILD,49,631a0268247ff3cd,PERSIST,0.14825,65312520.0,0.0,1159817.5,1615632.5,163247685.5,276100.5,65312520.0,10084876500.0,9615108125.0,10.0848765,9.615108125,579.90875,303237120.0,289.189453125,1.5407872200012207,155.685124874115
209,R5,LOCAL_TREE-GRADUAL-MILD,49,631a0268247ff3cd,POPULATION-RESEED,0.151,65312520.0,1767.0,1155511.5,1756947.5,197422432.0,282784.0,65314287.0,10004308000.0,9578330662.0,10.004308,9.578330662,577.75575,324182016.0,309.1640625,1.67555570602417,188.27670288085938
210,R5,LOCAL_TREE-GRADUAL-MILD,50,beb641d73e8ec7fa,CHAMPION-RESEED,0.14250000000000002,65312520.0,13.0,1210372.0,1849991.5,218863419.5,320487.5,65312533.0,10414807500.0,9933910658.5,10.4148075,9.9339106585,605.186,394575872.0,376.296875,1.764289379119873,208.72442197799683
210,R5,LOCAL_TREE-GRADUAL-MILD,50,beb641d73e8ec7fa,PERSIST,0.13925,65312520.0,0.0,1211841.0,1772390.0,174662846.5,293324.0,65312520.0,10032827500.0,9487037562.5,10.0328275,9.4870375625,605.9205,383275008.0,365.51953125,1.6902828216552734,166.57147073745728
210,R5,LOCAL_TREE-GRADUAL-MILD,50,beb641d73e8ec7fa,POPULATION-RESEED,0.13775,65312520.0,1907.0,1206122.5,2074343.5,214911655.5,305464.5,65314427.0,10307636500.0,9806120872.5,10.3076365,9.8061208725,603.06125,398753792.0,380.28125,1.978248119354248,204.955726146698
211,R5,LOCAL_TREE-GRADUAL-MILD,51,cbb1de236e692df0,CHAMPION-RESEED,0.13824999999999998,65312520.0,16.0,1292125.0,2264534.5,232609115.0,337011.0,65312536.0,11346885000.0,10779773032.0,11.346885,10.779773032,646.0625,393193472.0,374.978515625,2.159628391265869,221.8333387374878
211,R5,LOCAL_TREE-GRADUAL-MILD,51,cbb1de236e692df0,PERSIST,0.1345,65312520.0,0.0,1289725.0,2265328.5,198031915.5,325404.0,65312520.0,11198457500.0,10520510643.0,11.1984575,10.520510643,644.8625,377131008.0,359.66015625,2.1603856086730957,188.85795164108276
211,R5,LOCAL_TREE-GRADUAL-MILD,51,cbb1de236e692df0,POPULATION-RESEED,0.13824999999999998,65312520.0,2509.0,1230580.5,2410743.0,231426995.0,326224.5,65315029.0,10953397500.0,10383524498.5,10.9533975,10.3835244985,615.29025,398704640.0,380.234375,2.2990636825561523,220.70598125457764
212,R5,LOCAL_TREE-GRADUAL-MILD,52,8a7aa7c505764ff5,CHAMPION-RESEED,0.139,65312520.0,12.0,6158655.5,2218733.5,216737045.0,317383.5,65312532.0,10635516500.0,10196485636.0,10.6355165,10.196485636,3079.32775,371349504.0,354.146484375,2.1159491539001465,206.69655323028564
212,R5,LOCAL_TREE-GRADUAL-MILD,52,8a7aa7c505764ff5,PERSIST,0.14275,65312520.0,0.0,1162373.0,1499126.0,168831900.0,284342.5,65312520.0,10005808500.0,9563780844.0,10.0058085,9.563780844,581.1865,364990464.0,348.08203125,1.429677963256836,161.01064682006836
212,R5,LOCAL_TREE-GRADUAL-MILD,52,8a7aa7c505764ff5,POPULATION-RESEED,0.1385,65312520.0,1732.0,1195552.5,2019595.5,211553080.5,301430.5,65314252.0,10636026000.0,10154871765.5,10.636026,10.1548717655,597.77625,374202368.0,356.8671875,1.9260363578796387,201.75273942947388
213,R5,LOCAL_TREE-GRADUAL-MILD,53,d9d90cbd6674501c,CHAMPION-RESEED,0.137,65312520.0,15.0,1144000.5,2084770.0,239439785.0,347696.0,65312535.0,11127798500.0,10526892028.0,11.1277985,10.526892028,572.00025,300468224.0,286.548828125,1.9881916046142578,228.34757328033447
213,R5,LOCAL_TREE-GRADUAL-MILD,53,d9d90cbd6674501c,PERSIST,0.13674999999999998,65312520.0,0.0,1254801.5,2070460.5,203055593.5,334365.0,65312520.0,10888766500.0,10271267703.0,10.8887665,10.271267703,627.40075,295606272.0,281.912109375,1.9745450019836426,193.64890432357788
213,R5,LOCAL_TREE-GRADUAL-MILD,53,d9d90cbd6674501c,POPULATION-RESEED,0.139,65312520.0,1987.0,1150473.5,2500491.5,250122981.5,353058.0,65314507.0,11065182500.0,10514190485.0,11.0651825,10.514190485,575.23675,318400512.0,303.650390625,2.3846545219421387,238.53586339950562
214,R5,LOCAL_TREE-GRADUAL-MILD,54,5619e2868f01413e,CHAMPION-RESEED,0.14550000000000002,65312520.0,13.0,1152699.0,1907500.5,224061096.5,327737.5,65312533.0,10774867000.0,10213178819.0,10.774867,10.213178819,576.3495,321986560.0,307.0703125,1.81913423538208,213.68131303787231
214,R5,LOCAL_TREE-GRADUAL-MILD,54,5619e2868f01413e,PERSIST,0.14375,65312520.0,0.0,1295640.0,1596919.5,174141965.5,292698.0,65312520.0,10157345500.0,9634163493.5,10.1573455,9.6341634935,647.82,305321984.0,291.177734375,1.5229411125183105,166.07471990585327
214,R5,LOCAL_TREE-GRADUAL-MILD,54,5619e2868f01413e,POPULATION-RESEED,0.14400000000000002,65312520.0,1907.0,1138385.5,1991116.0,211818239.5,301206.5,65314427.0,10431308000.0,9946096406.5,10.431308,9.9460964065,569.19275,327542784.0,312.369140625,1.8988761901855469,202.00561475753784
215,R5,LOCAL_TREE-GRADUAL-MILD,55,35bb23f4ee52330d,CHAMPION-RESEED,0.14975,65312520.0,12.0,1091181.0,1936742.5,220307232.5,321935.0,65312532.0,10932000000.0,10400271558.5,10.932,10.4002715585,545.5905,329607168.0,314.337890625,1.8470215797424316,210.10134935379028
215,R5,LOCAL_TREE-GRADUAL-MILD,55,35bb23f4ee52330d,PERSIST,0.14750000000000002,65312520.0,0.0,1158123.5,1554454.0,163903427.5,275915.5,65312520.0,10124973500.0,9611706556.0,10.1249735,9.611706556,579.06175,322373632.0,307.439453125,1.482442855834961,156.31048917770386
215,R5,LOCAL_TREE-GRADUAL-MILD,55,35bb23f4ee52330d,POPULATION-RESEED,0.14575,65312520.0,1762.0,1076044.5,1814663.5,198645044.0,283762.5,65314282.0,10052881000.0,9584028352.5,10.052881,9.5840283525,538.02225,334999552.0,319.48046875,1.730597972869873,189.44267654418945
216,R5,LOCAL_TREE-GRADUAL-MILD,56,f5dae533fce16823,CHAMPION-RESEED,0.14100000000000001,65312519.0,14.0,1188448.0,2132887.0,231923984.0,337126.0,65312533.0,10758501500.0,10322118561.0,10.7585015,10.322118561,594.224,378988544.0,361.431640625,2.0340795516967773,221.17994689941406
216,R5,LOCAL_TREE-GRADUAL-MILD,56,f5dae533fce16823,PERSIST,0.138,65312520.0,0.0,1236868.0,1858981.0,183495900.5,305940.0,65312520.0,10373667000.0,9880529664.0,10.373667,9.880529664,618.434,365959168.0,349.005859375,1.772862434387207,174.99532747268677
216,R5,LOCAL_TREE-GRADUAL-MILD,56,f5dae533fce16823,POPULATION-RESEED,0.13774999999999998,65312520.0,2132.0,1188884.0,2208878.5,223312645.0,316663.5,65314652.0,10630482000.0,10207898559.5,10.630482,10.2078985595,594.442,391962624.0,373.8046875,2.106550693511963,212.96753406524658
217,R5,LOCAL_TREE-GRADUAL-MILD,57,0420105c8432a0e2,CHAMPION-RESEED,0.12825,65312520.0,12.0,1133370.0,1797978.0,206409490.0,303481.0,65312532.0,10342434000.0,9802637785.5,10.342434,9.8026377855,566.685,376485888.0,359.044921875,1.7146854400634766,196.8474292755127
217,R5,LOCAL_TREE-GRADUAL-MILD,57,0420105c8432a0e2,PERSIST,0.127,65312520.0,0.0,1223601.5,2029126.5,176690328.5,296532.0,65312520.0,10309037500.0,9684858729.5,10.3090375,9.6848587295,611.80075,365422592.0,348.494140625,1.9351258277893066,168.50502824783325
217,R5,LOCAL_TREE-GRADUAL-MILD,57,0420105c8432a0e2,POPULATION-RESEED,0.1315,65312520.0,1784.0,1167761.0,1731735.0,196795936.5,280809.0,65314304.0,10165949000.0,9602394750.5,10.165949,9.6023947505,583.8805,378806272.0,361.2578125,1.6515111923217773,187.67923021316528
218,R5,LOCAL_TREE-GRADUAL-MILD,58,63c1fbf484c806c9,CHAMPION-RESEED,0.13724999999999998,65312520.0,16.0,1194153.0,2145118.0,239648335.0,347826.5,65312536.0,11160192500.0,10593328653.5,11.1601925,10.5933286535,597.0765,319975424.0,305.15234375,2.045743942260742,228.546462059021
218,R5,LOCAL_TREE-GRADUAL-MILD,58,63c1fbf484c806c9,PERSIST,0.1325,65312520.0,0.0,1196177.5,1804937.5,197543990.0,326572.0,65312520.0,10864646000.0,10258108109.5,10.864646,10.2581081095,598.08875,303976448.0,289.89453125,1.7213225364685059,188.3926296234131
218,R5,LOCAL_TREE-GRADUAL-MILD,58,63c1fbf484c806c9,POPULATION-RESEED,0.1355,65312520.0,2424.0,1169834.5,2211663.0,228351824.5,324172.5,65314944.0,10714400000.0,10163522528.5,10.7144,10.1635225285,584.91725,332918784.0,317.49609375,2.109206199645996,217.77327013015747
219,R5,LOCAL_TREE-GRADUAL-MILD,59,4acf8e17b78bdc19,CHAMPION-RESEED,0.14525,65312520.0,14.0,1243215.0,2293221.5,233968571.5,340764.5,65312534.0,10832121500.0,10321280514.5,10.8321215,10.3212805145,621.6075,313985024.0,299.439453125,2.1869864463806152,223.12981748580933
219,R5,LOCAL_TREE-GRADUAL-MILD,59,4acf8e17b78bdc19,PERSIST,0.14375,65312520.0,0.0,1318071.0,1946116.5,190224473.5,317327.0,65312520.0,10686565500.0,10092236285.5,10.6865655,10.0922362855,659.0355,299630592.0,285.75,1.8559613227844238,181.41219472885132
219,R5,LOCAL_TREE-GRADUAL-MILD,59,4acf8e17b78bdc19,POPULATION-RESEED,0.14375,65312520.0,2067.0,1160228.5,2274762.5,239120931.5,337942.5,65314587.0,11096462000.0,10440733360.5,11.096462,10.4407333605,580.11425,318459904.0,303.70703125,2.1693825721740723,228.04349088668823
220,R5,LOCAL_TREE-GRADUAL-MILD,60,93a3dffbd72d278a,CHAMPION-RESEED,0.139,65312520.0,13.0,1305647.0,1936598.0,220448656.5,322860.0,65312533.0,11015928000.0,10540510734.5,11.015928,10.5405107345,652.8235,331431936.0,316.078125,1.846883773803711,210.23622179031372
220,R5,LOCAL_TREE-GRADUAL-MILD,60,93a3dffbd72d278a,PERSIST,0.13825,65312520.0,0.0,1214610.0,1808457.5,186069304.0,310434.0,65312520.0,10954412000.0,10358903370.5,10.954412,10.3589033705,607.305,320552960.0,305.703125,1.7246794700622559,177.44951629638672
220,R5,LOCAL_TREE-GRADUAL-MILD,60,93a3dffbd72d278a,POPULATION-RESEED,0.13625,65312520.0,1914.0,1189938.0,2109456.5,222181097.0,315852.5,65314434.0,10783299000.0,10345342859.0,10.783299,10.345342859,594.969,346081280.0,330.048828125,2.0117344856262207,211.88840579986572
221,R5,LOCAL_TREE-GRADUAL-MILD,61,a08350cce7b5bff3,CHAMPION-RESEED,0.13874999999999998,65312520.0,15.0,7751376.5,2347453.5,234433115.5,340285.5,65312535.0,11342592500.0,10658141846.5,11.3425925,10.6581418465,3875.68825,333971456.0,318.5,2.238706111907959,223.57284116744995
221,R5,LOCAL_TREE-GRADUAL-MILD,61,a08350cce7b5bff3,PERSIST,0.14175,65312520.0,0.0,1223513.5,2192479.0,184424954.0,306570.0,65312520.0,10744004500.0,10150323710.5,10.7440045,10.1503237105,611.75675,311549952.0,297.1171875,2.0909109115600586,175.8813419342041
221,R5,LOCAL_TREE-GRADUAL-MILD,61,a08350cce7b5bff3,POPULATION-RESEED,0.1365,65312520.0,2589.0,1165513.0,2079218.0,214443244.0,304347.0,65315109.0,10522450000.0,10031627778.5,10.52245,10.0316277785,582.7565,342286336.0,326.4296875,1.9828968048095703,204.50901412963867
222,R5,LOCAL_TREE-GRADUAL-MILD,62,548c8dc765437b92,CHAMPION-RESEED,0.15,65312520.0,12.0,1210676.0,1897442.5,211251414.0,310951.0,65312532.0,10686763000.0,10173842582.5,10.686763,10.1738425825,605.338,378005504.0,360.494140625,1.809542179107666,201.4650478363037
222,R5,LOCAL_TREE-GRADUAL-MILD,62,548c8dc765437b92,PERSIST,0.148,65312520.0,0.0,1177965.5,1960413.0,172213726.0,289678.5,65312520.0,10459235500.0,9942171536.0,10.4592355,9.942171536,588.98275,369653760.0,352.529296875,1.8695955276489258,164.23580741882324
222,R5,LOCAL_TREE-GRADUAL-MILD,62,548c8dc765437b92,POPULATION-RESEED,0.14275,65312520.0,1775.0,1182376.5,2469323.0,231754256.0,328285.5,65314295.0,11073248500.0,10523038517.5,11.0732485,10.5230385175,591.18825,390084608.0,372.013671875,2.3549299240112305,221.01808166503906
223,R5,LOCAL_TREE-GRADUAL-MILD,63,e8bc124f2608cdf1,CHAMPION-RESEED,0.15875,65312520.0,14.0,1218663.0,1932757.5,202515159.5,299038.0,65312534.0,10264302500.0,9859985687.5,10.2643025,9.8599856875,609.3315,294936576.0,281.2734375,1.8432211875915527,193.13350629806519
223,R5,LOCAL_TREE-GRADUAL-MILD,63,e8bc124f2608cdf1,PERSIST,0.14850000000000002,65312520.0,0.0,1187125.0,1735408.0,164773517.5,276350.5,65312520.0,9780258000.0,9336161599.0,9.780258,9.336161599,593.5625,278382592.0,265.486328125,1.6550140380859375,157.14027166366577
223,R5,LOCAL_TREE-GRADUAL-MILD,63,e8bc124f2608cdf1,POPULATION-RESEED,0.1535,65312520.0,1614.0,1239599.5,2126323.5,198578223.0,285692.0,65314134.0,10108382000.0,9723569276.0,10.108382,9.723569276,619.79975,303867904.0,289.791015625,2.027820110321045,189.37895107269287
224,R5,LOCAL_TREE-GRADUAL-MILD,64,d0cdc8e882c48206,CHAMPION-RESEED,0.12725,65312520.0,12.0,1291967.0,1823830.0,216157251.0,317126.5,65312532.0,10277010500.0,9857763240.0,10.2770105,9.85776324,645.9835,377917440.0,360.41015625,1.739339828491211,206.1436185836792
224,R5,LOCAL_TREE-GRADUAL-MILD,64,d0cdc8e882c48206,PERSIST,0.12275,65312520.0,0.0,1231860.5,1544948.5,162381220.5,273557.5,65312520.0,9699459000.0,9276613536.0,9.699459,9.276613536,615.93025,371666944.0,354.44921875,1.4733777046203613,154.85879945755005
224,R5,LOCAL_TREE-GRADUAL-MILD,64,d0cdc8e882c48206,POPULATION-RESEED,0.126,65312520.0,1804.0,1175259.0,1843371.0,198618817.0,284099.0,65314324.0,9950212000.0,9474982448.5,9.950212,9.4749824485,587.6295,385101824.0,367.26171875,1.7579755783081055,189.41766452789307
225,R5,LOCAL_TREE-GRADUAL-MILD,65,f4674eab26879daa,CHAMPION-RESEED,0.16599999999999998,65312520.0,13.0,1131280.0,2203628.5,232914529.5,341089.5,65312533.0,11134976000.0,10567772111.5,11.134976,10.5677721115,565.64,373630976.0,356.322265625,2.10154390335083,222.12460470199585
225,R5,LOCAL_TREE-GRADUAL-MILD,65,f4674eab26879daa,PERSIST,0.16699999999999998,65312520.0,0.0,7225852.0,1633515.0,165574546.5,277634.0,65312520.0,10091778500.0,9546069169.5,10.0917785,9.5460691695,3612.926,363943936.0,347.083984375,1.5578413009643555,157.90419244766235
225,R5,LOCAL_TREE-GRADUAL-MILD,65,f4674eab26879daa,POPULATION-RESEED,0.1725,65312520.0,1625.0,1064286.0,1738815.0,181288763.5,261395.5,65314145.0,9653692500.0,9246961771.0,9.6536925,9.246961771,532.143,373630976.0,356.322265625,1.6582632064819336,172.89043760299683
226,R5,LOCAL_TREE-GRADUAL-MILD,66,3cc70d5df57a65ed,CHAMPION-RESEED,0.14775,65312520.0,17.0,1211746.5,2092608.5,247128786.0,358363.5,65312537.0,11234840000.0,10598903727.0,11.23484,10.598903727,605.87325,324493312.0,309.4609375,1.9956669807434082,235.68037605285645
226,R5,LOCAL_TREE-GRADUAL-MILD,66,3cc70d5df57a65ed,PERSIST,0.14300000000000002,65312520.0,0.0,1348037.5,2001629.0,194187839.5,322379.5,65312520.0,10446842500.0,9908314976.0,10.4468425,9.908314976,674.01875,317159424.0,302.466796875,1.9089021682739258,185.1919550895691
226,R5,LOCAL_TREE-GRADUAL-MILD,66,3cc70d5df57a65ed,POPULATION-RESEED,0.14650000000000002,65312520.0,2273.0,1188654.0,2199501.5,233098746.5,329864.5,65314793.0,10782217000.0,10223157297.5,10.782217,10.2231572975,594.327,335515648.0,319.97265625,2.0976080894470215,222.30028772354126
227,R5,LOCAL_TREE-GRADUAL-MILD,67,a23344ec1f08e4e0,CHAMPION-RESEED,0.14625,65312520.0,14.0,1324053.5,2506489.5,231449289.0,337267.0,65312534.0,10669259000.0,10247079185.5,10.669259,10.2470791855,662.02675,388466688.0,370.470703125,2.3903746604919434,220.7272424697876
227,R5,LOCAL_TREE-GRADUAL-MILD,67,a23344ec1f08e4e0,PERSIST,0.14325,65312520.0,0.0,1278838.0,1876017.5,178297863.0,299210.0,65312520.0,10164633000.0,9668827881.5,10.164633,9.6688278815,639.419,372076544.0,354.83984375,1.789109706878662,170.03809261322021
227,R5,LOCAL_TREE-GRADUAL-MILD,67,a23344ec1f08e4e0,POPULATION-RESEED,0.14450000000000002,65312520.0,1920.0,1193118.0,2677715.0,223712671.5,317153.0,65314440.0,10338247000.0,9890096070.5,10.338247,9.8900960705,596.559,402452480.0,383.80859375,2.5536680221557617,213.34902906417847
228,R5,LOCAL_TREE-GRADUAL-MILD,68,72a7fa6f20f94bdc,CHAMPION-RESEED,0.14350000000000002,65312520.0,12.0,1242398.0,1863150.5,205094717.5,301916.5,65312532.0,10372542000.0,9767496715.0,10.372542,9.767496715,621.199,377286656.0,359.80859375,1.776838779449463,195.59356451034546
228,R5,LOCAL_TREE-GRADUAL-MILD,68,72a7fa6f20f94bdc,PERSIST,0.14225,65312520.0,0.0,6248392.5,1677866.5,165478208.0,278576.0,65312520.0,9854706000.0,9271399988.0,9.854706,9.271399988,3124.19625,371640320.0,354.423828125,1.6001381874084473,157.81231689453125
228,R5,LOCAL_TREE-GRADUAL-MILD,68,72a7fa6f20f94bdc,POPULATION-RESEED,0.14450000000000002,65312520.0,1758.0,1120904.5,1897693.0,201679632.0,287465.0,65314278.0,9912906000.0,9399925444.5,9.912906,9.3999254445,560.45225,388032512.0,370.056640625,1.8097810745239258,192.33668518066406
229,R5,LOCAL_TREE-GRADUAL-MILD,69,a9d959d71ae4f25e,CHAMPION-RESEED,0.137,65312520.0,13.0,6183080.0,1744513.5,206559629.5,303265.5,65312533.0,10182151000.0,9782159921.5,10.182151,9.7821599215,3091.54,398036992.0,379.59765625,1.6636977195739746,196.99061346054077
229,R5,LOCAL_TREE-GRADUAL-MILD,69,a9d959d71ae4f25e,PERSIST,0.13375,65312520.0,0.0,1190786.5,1624850.0,170956912.0,286499.0,65312520.0,9929598000.0,9458836762.0,9.929598,9.458836762,595.39325,384043008.0,366.251953125,1.5495777130126953,163.03721618652344
229,R5,LOCAL_TREE-GRADUAL-MILD,69,a9d959d71ae4f25e,POPULATION-RESEED,0.1355,65312520.0,1931.0,1203487.0,1748741.5,207075092.0,295334.0,65314451.0,10110426500.0,9733467511.5,10.1104265,9.7334675115,601.7435,405288960.0,386.513671875,1.6677298545837402,197.48219680786133
230,R5,LOCAL_TREE-GRADUAL-MILD,70,c6f74e2c7c9efe79,CHAMPION-RESEED,0.15225,65312520.0,12.0,1175026.0,1927675.5,214824620.0,314809.0,65312532.0,10596147500.0,10120381438.0,10.5961475,10.120381438,587.513,333967360.0,318.49609375,1.8383746147155762,204.87272262573242
230,R5,LOCAL_TREE-GRADUAL-MILD,70,c6f74e2c7c9efe79,PERSIST,0.15025,65312520.0,0.0,1168692.0,1649997.5,167446317.5,282869.0,65312520.0,10020078500.0,9503196726.5,10.0200785,9.5031967265,584.346,317806592.0,303.083984375,1.5735602378845215,159.6892523765564
230,R5,LOCAL_TREE-GRADUAL-MILD,70,c6f74e2c7c9efe79,POPULATION-RESEED,0.1505,65312520.0,1783.0,1094713.5,1690360.0,196769868.5,280636.5,65314303.0,10099511500.0,9594070620.5,10.0995115,9.5940706205,547.35675,335108096.0,319.583984375,1.6120529174804688,187.6543698310852
231,R5,LOCAL_TREE-GRADUAL-MILD,71,4e7e5ae927cdf9b1,CHAMPION-RESEED,0.165,65312520.0,11.0,1192727.0,1866192.0,194710484.5,288959.5,65312531.0,10179497000.0,9614418815.5,10.179497,9.6144188155,596.3635,303740928.0,289.669921875,1.7797393798828125,185.69038820266724
231,R5,LOCAL_TREE-GRADUAL-MILD,71,4e7e5ae927cdf9b1,PERSIST,0.15350000000000003,65312520.0,0.0,1257847.0,1987275.0,174417599.0,291802.5,65312520.0,10346087500.0,9692488978.0,10.3460875,9.692488978,628.9235,294801408.0,281.14453125,1.8952131271362305,166.33758449554443
231,R5,LOCAL_TREE-GRADUAL-MILD,71,4e7e5ae927cdf9b1,POPULATION-RESEED,0.15075,65312520.0,1633.0,1163967.5,1961328.0,204554761.5,293325.0,65314153.0,10144299000.0,9595210322.5,10.144299,9.5952103225,581.98375,318683136.0,303.919921875,1.8704681396484375,195.078622341156
232,R5,LOCAL_TREE-GRADUAL-MILD,72,a08b541daa7ea1eb,CHAMPION-RESEED,0.13824999999999998,65312520.0,12.0,1126522.5,2206178.5,221777662.5,324230.0,65312532.0,10584632000.0,10087286389.0,10.584632,10.087286389,563.26125,336451584.0,320.865234375,2.103975772857666,211.50366067886353
232,R5,LOCAL_TREE-GRADUAL-MILD,72,a08b541daa7ea1eb,PERSIST,0.1325,65312520.0,0.0,1193147.5,1687635.0,176679517.0,294694.0,65312520.0,10249018500.0,9681762240.0,10.2490185,9.68176224,596.57375,320518144.0,305.669921875,1.6094541549682617,168.49471759796143
232,R5,LOCAL_TREE-GRADUAL-MILD,72,a08b541daa7ea1eb,POPULATION-RESEED,0.13874999999999998,65312520.0,1849.0,1162026.5,1909622.5,211383043.5,301804.5,65314369.0,10297961000.0,9839926612.5,10.297961,9.8399266125,581.01325,347209728.0,331.125,1.8211579322814941,201.5905795097351
233,R5,LOCAL_TREE-GRADUAL-MILD,73,1fc3ffe5947c4d49,CHAMPION-RESEED,0.1495,65312520.0,12.0,1207922.5,1795761.0,211376852.5,310392.5,65312532.0,10464090000.0,9971963545.5,10.46409,9.9719635455,603.96125,317628416.0,302.9140625,1.712571144104004,201.58467531204224
233,R5,LOCAL_TREE-GRADUAL-MILD,73,1fc3ffe5947c4d49,PERSIST,0.14825,65312520.0,0.0,1284230.0,1782554.5,176272741.0,295067.0,65312520.0,10360467000.0,9771608856.5,10.360467,9.7716088565,642.115,301430784.0,287.466796875,1.6999764442443848,168.10678577423096
233,R5,LOCAL_TREE-GRADUAL-MILD,73,1fc3ffe5947c4d49,POPULATION-RESEED,0.14425,65312520.0,1899.0,1168056.0,1920512.5,208435338.5,297539.5,65314419.0,10270374500.0,9822899448.5,10.2703745,9.8228994485,584.028,330938368.0,315.607421875,1.8315434455871582,198.77942895889282
234,R5,LOCAL_TREE-GRADUAL-MILD,74,d4da1346a7edc9f9,CHAMPION-RESEED,0.14,65312520.0,13.0,1152285.0,2107193.5,230155660.5,336658.5,65312533.0,10725195000.0,10213120859.0,10.725195,10.213120859,576.1425,338221056.0,322.552734375,2.0095763206481934,219.49354219436646
234,R5,LOCAL_TREE-GRADUAL-MILD,74,d4da1346a7edc9f9,PERSIST,0.14250000000000002,65312520.0,0.0,1166431.5,1737784.5,180525756.5,300483.0,65312520.0,10261224000.0,9664474019.0,10.261224,9.664474019,583.21575,328497152.0,313.279296875,1.657280445098877,172.16277742385864
234,R5,LOCAL_TREE-GRADUAL-MILD,74,d4da1346a7edc9f9,POPULATION-RESEED,0.14450000000000002,65312520.0,1900.0,1127712.0,2026721.0,213964455.0,304483.5,65314420.0,10389262500.0,9933793816.0,10.3892625,9.933793816,563.856,353736704.0,337.349609375,1.9328317642211914,204.05240535736084
235,R5,LOCAL_TREE-GRADUAL-MILD,75,6789e912183ac559,CHAMPION-RESEED,0.14,65312520.0,13.0,1164388.0,1841803.0,210481479.5,309148.5,65312533.0,10342616000.0,9876649881.0,10.342616,9.876649881,582.194,310804480.0,296.40625,1.7564802169799805,200.73078107833862
235,R5,LOCAL_TREE-GRADUAL-MILD,75,6789e912183ac559,PERSIST,0.13825,65312520.0,0.0,1228877.5,1508632.5,165240578.5,278516.5,65312520.0,10056198500.0,9549707941.5,10.0561985,9.5497079415,614.43875,295860224.0,282.154296875,1.438744068145752,157.5856957435608
235,R5,LOCAL_TREE-GRADUAL-MILD,75,6789e912183ac559,POPULATION-RESEED,0.13925,65312520.0,1841.0,1133655.5,1800731.5,197138219.0,282222.5,65314361.0,10000953500.0,9498674872.5,10.0009535,9.4986748725,566.82775,315879424.0,301.24609375,1.7173113822937012,188.0056562423706
236,R5,LOCAL_TREE-GRADUAL-MILD,76,fb9a7fc252dd4812,CHAMPION-RESEED,0.13775,65312520.0,12.0,1386538.5,2299769.5,213956216.5,314119.5,65312532.0,12534953000.0,12130266068.0,12.534953,12.130266068,693.26925,394815488.0,376.525390625,2.1932311058044434,204.04454851150513
236,R5,LOCAL_TREE-GRADUAL-MILD,76,fb9a7fc252dd4812,PERSIST,0.146,65312520.0,0.0,1470757.5,1632952.0,169879494.0,285941.5,65312520.0,11246761500.0,10790042596.0,11.2467615,10.790042596,735.37875,385368064.0,367.515625,1.5573043823242188,162.00971031188965
236,R5,LOCAL_TREE-GRADUAL-MILD,76,fb9a7fc252dd4812,POPULATION-RESEED,0.139,65312520.0,1749.0,1312510.5,1800065.5,202974286.5,290065.5,65314269.0,12415214500.0,12021263992.5,12.4152145,12.0212639925,656.25525,411408384.0,392.349609375,1.7166762351989746,193.57136392593384
237,R5,LOCAL_TREE-GRADUAL-MILD,77,80ea0fc1d2a45245,CHAMPION-RESEED,0.14150000000000001,65312520.0,14.0,1172167.5,2070882.0,231830612.0,337260.0,65312534.0,10866336000.0,10339850272.0,10.866336,10.339850272,586.08375,385337344.0,367.486328125,1.9749469757080078,221.09090042114258
237,R5,LOCAL_TREE-GRADUAL-MILD,77,80ea0fc1d2a45245,PERSIST,0.13224999999999998,65312520.0,0.0,1217877.5,1684456.0,184932470.0,305834.5,65312520.0,10282634500.0,9743249703.5,10.2826345,9.7432497035,608.93875,366417920.0,349.443359375,1.6064224243164062,176.36534690856934
237,R5,LOCAL_TREE-GRADUAL-MILD,77,80ea0fc1d2a45245,POPULATION-RESEED,0.13375,65312520.0,2035.0,1042822.5,2039592.5,228879035.5,324370.5,65314555.0,10586140500.0,10059261977.0,10.5861405,10.059261977,521.41125,387229696.0,369.291015625,1.9451069831848145,218.27605772018433
238,R5,LOCAL_TREE-GRADUAL-MILD,78,fe28f9439701f8a1,CHAMPION-RESEED,0.15275,65312520.0,13.0,1347273.0,2391584.5,250453232.5,363395.5,65312533.0,11285488000.0,10771621812.0,11.285488,10.771621812,673.6365,336138240.0,320.56640625,2.280792713165283,238.8508152961731
238,R5,LOCAL_TREE-GRADUAL-MILD,78,fe28f9439701f8a1,PERSIST,0.15175,65312520.0,0.0,1240561.0,1582951.0,164282297.5,277818.5,65312520.0,9963600000.0,9490823155.0,9.9636,9.490823155,620.2805,315971584.0,301.333984375,1.5096197128295898,156.6718077659607
238,R5,LOCAL_TREE-GRADUAL-MILD,78,fe28f9439701f8a1,POPULATION-RESEED,0.14950000000000002,65312520.0,1795.0,1237010.0,1782550.0,195582247.0,280720.0,65314315.0,9898365000.0,9543029024.5,9.898365,9.5430290245,618.505,336138240.0,320.56640625,1.699972152709961,186.52176570892334
239,R5,LOCAL_TREE-GRADUAL-MILD,79,3500c28fd20e7abb,CHAMPION-RESEED,0.14575,65312520.0,16.0,6469237.5,2052317.0,247535243.0,359441.5,65312536.0,11115945500.0,10571098732.0,11.1159455,10.571098732,3234.61875,345518080.0,329.51171875,1.9572420120239258,236.06800365447998
239,R5,LOCAL_TREE-GRADUAL-MILD,79,3500c28fd20e7abb,PERSIST,0.14425,65312520.0,0.0,7234340.5,1926040.5,187797784.5,312269.5,65312520.0,10558052000.0,9960054359.0,10.558052,9.960054359,3617.17025,326596608.0,311.466796875,1.836815357208252,179.09792375564575
239,R5,LOCAL_TREE-GRADUAL-MILD,79,3500c28fd20e7abb,POPULATION-RESEED,0.14425,65312520.0,2395.0,1158677.0,2004958.5,218754886.0,311602.5,65314915.0,10611985500.0,10070021940.5,10.6119855,10.0700219405,579.3385,367892480.0,350.849609375,1.9120774269104004,208.62091636657715
240,R5,LOCAL_TREE-GRADUAL-SEVERE,0,949c0cc1ae4d9c63,CHAMPION-RESEED,0.1935,65312520.0,17.0,1112985.0,2217399.0,237937256.5,342767.5,65312537.0,10777020000.0,10297457944.0,10.77702,10.297457944,556.4925,388225024.0,370.240234375,2.1146764755249023,226.91465044021606
240,R5,LOCAL_TREE-GRADUAL-SEVERE,0,949c0cc1ae4d9c63,PERSIST,0.20024999999999998,65312520.0,0.0,1121531.0,1851315.5,186774619.5,306326.5,65312520.0,10231120000.0,9756435387.5,10.23112,9.7564353875,560.7655,383019008.0,365.275390625,1.765552043914795,178.12215757369995
240,R5,LOCAL_TREE-GRADUAL-SEVERE,0,949c0cc1ae4d9c63,POPULATION-RESEED,0.19,65312520.0,2288.0,1111797.0,2358088.0,230393553.0,323299.5,65314808.0,10638494000.0,10133626370.5,10.638494,10.1336263705,555.8985,390850560.0,372.744140625,2.2488479614257812,219.72041416168213
241,R5,LOCAL_TREE-GRADUAL-SEVERE,1,a57c4dc13613184f,CHAMPION-RESEED,0.1905,65312520.0,14.0,1208788.5,2545649.5,211552092.0,305643.5,65312534.0,10552253500.0,9926120522.5,10.5522535,9.9261205225,604.39425,335230976.0,319.701171875,2.427720546722412,201.7517967224121
241,R5,LOCAL_TREE-GRADUAL-SEVERE,1,a57c4dc13613184f,PERSIST,0.1885,65312520.0,0.0,1271360.5,2041692.5,162748046.5,268398.0,65312520.0,9920165000.0,9317959453.5,9.920165,9.3179594535,635.68025,316485632.0,301.82421875,1.9471096992492676,155.2086319923401
241,R5,LOCAL_TREE-GRADUAL-SEVERE,1,a57c4dc13613184f,POPULATION-RESEED,0.1875,65312520.0,2002.0,1149224.0,2681396.0,199323557.5,282288.0,65314522.0,10155667500.0,9552876996.0,10.1556675,9.552876996,574.612,343033856.0,327.142578125,2.557178497314453,190.08975744247437
242,R5,LOCAL_TREE-GRADUAL-SEVERE,2,7e57c7ed5e4c6ed9,CHAMPION-RESEED,0.20575,65312520.0,10.0,1149288.0,2251350.0,202285994.0,296253.5,65312530.0,10142746500.0,9711923742.5,10.1427465,9.7119237425,574.644,383393792.0,365.6328125,2.147054672241211,192.9149570465088
242,R5,LOCAL_TREE-GRADUAL-SEVERE,2,7e57c7ed5e4c6ed9,PERSIST,0.20625,65312520.0,0.0,1117839.0,2064743.0,157763413.5,262010.0,65312520.0,9602439000.0,9208069218.0,9.602439,9.208069218,558.9195,380045312.0,362.439453125,1.9690923690795898,150.45491552352905
242,R5,LOCAL_TREE-GRADUAL-SEVERE,2,7e57c7ed5e4c6ed9,POPULATION-RESEED,0.20775,65312520.0,1479.0,1144709.0,2662498.5,193903469.5,276739.5,65313999.0,9941820000.0,9513759694.5,9.94182,9.5137596945,572.3545,383823872.0,366.04296875,2.539156436920166,184.92075872421265
243,R5,LOCAL_TREE-GRADUAL-SEVERE,3,e9bf5d1ed8de221e,CHAMPION-RESEED,0.2,65312520.0,13.0,1260376.5,2227661.0,231081295.5,334291.0,65312533.0,10624793500.0,10199821520.0,10.6247935,10.19982152,630.18825,380280832.0,362.6640625,2.1244630813598633,220.37629652023315
243,R5,LOCAL_TREE-GRADUAL-SEVERE,3,e9bf5d1ed8de221e,PERSIST,0.1905,65312520.0,0.0,1205305.0,1926880.0,185623692.5,307098.5,65312520.0,10131880000.0,9677623491.5,10.13188,9.6776234915,602.6525,365301760.0,348.37890625,1.837615966796875,177.02454805374146
243,R5,LOCAL_TREE-GRADUAL-SEVERE,3,e9bf5d1ed8de221e,POPULATION-RESEED,0.191,65312520.0,1932.0,1244888.5,2580328.5,230058688.5,323619.0,65314452.0,10675585500.0,10194029347.5,10.6755855,10.1940293475,622.44425,381337600.0,363.671875,2.4607930183410645,219.4010624885559
244,R5,LOCAL_TREE-GRADUAL-SEVERE,4,76b547afb6475abe,CHAMPION-RESEED,0.208,65312520.0,16.0,5894315.5,2659408.0,235155782.5,336299.5,65312536.0,10657828500.0,10181355866.0,10.6578285,10.181355866,2947.15775,341463040.0,325.64453125,2.5362091064453125,224.2620301246643
244,R5,LOCAL_TREE-GRADUAL-SEVERE,4,76b547afb6475abe,PERSIST,0.20450000000000002,65312520.0,0.0,1324919.0,2496180.0,199038742.5,322789.0,65312520.0,10482748000.0,9978410650.5,10.482748,9.9784106505,662.4595,331247616.0,315.90234375,2.380542755126953,189.81813669204712
244,R5,LOCAL_TREE-GRADUAL-SEVERE,4,76b547afb6475abe,POPULATION-RESEED,0.20525,65312520.0,2426.0,1259989.5,2446714.5,218401829.0,306116.0,65314946.0,10297397000.0,9826277617.5,10.297397,9.8262776175,629.99475,346415104.0,330.3671875,2.3333687782287598,208.2842149734497
245,R5,LOCAL_TREE-GRADUAL-SEVERE,5,45e2414547735f66,CHAMPION-RESEED,0.18125,65312520.0,14.0,1206149.5,2517202.0,235927679.5,339304.0,65312534.0,10735732500.0,10179488069.0,10.7357325,10.179488069,603.07475,346302464.0,330.259765625,2.4005908966064453,224.99816846847534
245,R5,LOCAL_TREE-GRADUAL-SEVERE,5,45e2414547735f66,PERSIST,0.1775,65312520.0,0.0,1180332.5,2280554.5,179431454.5,294727.0,65312520.0,10132627500.0,9600087532.0,10.1326275,9.600087532,590.16625,333846528.0,318.380859375,2.1749062538146973,171.11916971206665
245,R5,LOCAL_TREE-GRADUAL-SEVERE,5,45e2414547735f66,POPULATION-RESEED,0.184,65312520.0,2166.0,1137374.0,2472534.0,219963496.5,307839.5,65314686.0,10343761500.0,9859226724.5,10.3437615,9.8592267245,568.687,350468096.0,334.232421875,2.357992172241211,209.77353715896606
246,R5,LOCAL_TREE-GRADUAL-SEVERE,6,399ff0f70dab8244,CHAMPION-RESEED,0.20224999999999999,65312520.0,13.0,1241326.5,2347839.5,228146297.0,329482.5,65312533.0,10628339500.0,10101093992.0,10.6283395,10.101093992,620.66325,322048000.0,307.12890625,2.239074230194092,217.57726383209229
246,R5,LOCAL_TREE-GRADUAL-SEVERE,6,399ff0f70dab8244,PERSIST,0.20775,65312519.5,0.0,1255226.5,2022531.0,187191877.5,307225.5,65312519.5,10296747000.0,9711143381.0,10.296747,9.711143381,627.61325,311203840.0,296.787109375,1.9288358688354492,178.520085811615
246,R5,LOCAL_TREE-GRADUAL-SEVERE,6,399ff0f70dab8244,POPULATION-RESEED,0.2,65312520.0,2052.0,1252368.0,2551672.0,223940092.5,315248.0,65314572.0,10564572500.0,10049401892.5,10.5645725,10.0494018925,626.184,331636736.0,316.2734375,2.4334640502929688,213.5659146308899
247,R5,LOCAL_TREE-GRADUAL-SEVERE,7,bbaba9b5cf727be9,CHAMPION-RESEED,0.2005,65312520.0,13.0,1167281.0,2246551.5,231451119.5,334289.0,65312533.0,10738980000.0,10259595976.5,10.73898,10.2595959765,583.6405,331833344.0,316.4609375,2.1424784660339355,220.72898817062378
247,R5,LOCAL_TREE-GRADUAL-SEVERE,7,bbaba9b5cf727be9,PERSIST,0.19575,65312520.0,0.0,1159238.5,2056729.5,185702316.0,304029.0,65312520.0,10204214000.0,9733119765.5,10.204214,9.7331197655,579.61925,320415744.0,305.572265625,1.9614500999450684,177.09952926635742
247,R5,LOCAL_TREE-GRADUAL-SEVERE,7,bbaba9b5cf727be9,POPULATION-RESEED,0.19874999999999998,65312520.0,1944.0,1119107.5,2435126.5,219298133.0,309058.5,65314464.0,10370162500.0,9948460491.0,10.3701625,9.948460491,559.55375,339863552.0,324.119140625,2.322317600250244,209.1389970779419
248,R5,LOCAL_TREE-GRADUAL-SEVERE,8,b7fa3cf640250978,CHAMPION-RESEED,0.19774999999999998,65312520.0,12.0,1213960.5,2239887.0,224586724.5,325350.0,65312532.0,11366237500.0,10954041313.5,11.3662375,10.9540413135,606.98025,330407936.0,315.1015625,2.136122703552246,214.1825909614563
248,R5,LOCAL_TREE-GRADUAL-SEVERE,8,b7fa3cf640250978,PERSIST,0.19974999999999998,65312520.0,0.0,1188837.0,1750149.5,169114400.0,281331.0,65312520.0,10829238000.0,10376466559.5,10.829238,10.3764665595,594.4185,312674304.0,298.189453125,1.6690726280212402,161.28005981445312
248,R5,LOCAL_TREE-GRADUAL-SEVERE,8,b7fa3cf640250978,POPULATION-RESEED,0.20224999999999999,65312520.0,1749.0,1156449.5,1989081.0,200703038.0,283788.0,65314269.0,10643597000.0,10301571175.5,10.643597,10.3015711755,578.22475,340951040.0,325.15625,1.8969354629516602,191.40533256530762
249,R5,LOCAL_TREE-GRADUAL-SEVERE,9,42a9adc952b5fafa,CHAMPION-RESEED,0.203,65312520.0,14.0,1227629.5,2779222.5,223268126.5,321457.0,65312534.0,10833058000.0,10195272966.0,10.833058,10.195272966,613.81475,337496064.0,321.861328125,2.650473117828369,212.92507791519165
249,R5,LOCAL_TREE-GRADUAL-SEVERE,9,42a9adc952b5fafa,PERSIST,0.203,65312520.0,0.0,1228457.5,1950830.0,179093262.5,295656.5,65312520.0,10499746000.0,9789929252.5,10.499746,9.7899292525,614.22875,313997312.0,299.451171875,1.8604564666748047,170.7966446876526
249,R5,LOCAL_TREE-GRADUAL-SEVERE,9,42a9adc952b5fafa,POPULATION-RESEED,0.2125,65312520.0,2085.0,1139665.5,2605227.5,218281366.5,306656.5,65314605.0,10541599500.0,9929986014.5,10.5415995,9.9299860145,569.83275,345276416.0,329.28125,2.4845385551452637,208.16933298110962
250,R5,LOCAL_TREE-GRADUAL-SEVERE,10,989d4df24567aa86,CHAMPION-RESEED,0.20750000000000002,65312520.0,16.0,1206236.0,2920030.5,242611269.5,343409.5,65312536.0,11079439500.0,10508223190.5,11.0794395,10.5082231905,603.118,368963584.0,351.87109375,2.7847580909729004,231.372136592865
250,R5,LOCAL_TREE-GRADUAL-SEVERE,10,989d4df24567aa86,PERSIST,0.20224999999999999,65312520.0,0.0,1173444.5,3033331.0,210009004.0,335323.5,65312520.0,11116196000.0,10462121574.5,11.116196,10.4621215745,586.72225,332800000.0,317.3828125,2.8928098678588867,200.28019332885742
250,R5,LOCAL_TREE-GRADUAL-SEVERE,10,989d4df24567aa86,POPULATION-RESEED,0.1875,65312520.0,2232.0,1198808.0,3107445.5,242329782.5,334969.0,65314752.0,11110816000.0,10516575496.5,11.110816,10.5165754965,599.404,375560192.0,358.162109375,2.9634909629821777,231.10368967056274
251,R5,LOCAL_TREE-GRADUAL-SEVERE,11,6789fd59f085d95c,CHAMPION-RESEED,0.20750000000000002,65312520.0,17.0,1176427.0,3050761.0,245424076.5,348702.0,65312537.0,11204870500.0,10602067410.0,11.2048705,10.60206741,588.2135,335579136.0,320.033203125,2.9094324111938477,234.0546383857727
251,R5,LOCAL_TREE-GRADUAL-SEVERE,11,6789fd59f085d95c,PERSIST,0.21475,65312520.0,0.0,1287725.0,2133584.5,187797161.0,304663.5,65312520.0,10611938000.0,9978903275.5,10.611938,9.9789032755,643.8625,319385600.0,304.58984375,2.0347447395324707,179.09732913970947
251,R5,LOCAL_TREE-GRADUAL-SEVERE,11,6789fd59f085d95c,POPULATION-RESEED,0.21600000000000003,65312520.0,2008.0,1210806.0,2186705.0,218968254.5,305120.5,65314528.0,10728243000.0,10200436839.5,10.728243,10.2004368395,605.403,345376768.0,329.376953125,2.085404396057129,208.82440042495728
252,R5,LOCAL_TREE-GRADUAL-SEVERE,12,439320795a035b6e,CHAMPION-RESEED,0.1845,65312520.0,17.0,1256954.0,2601842.5,265685358.5,376152.5,65312537.0,11907595500.0,11351770594.0,11.9075955,11.351770594,628.477,348188672.0,332.05859375,2.4813103675842285,253.37730264663696
252,R5,LOCAL_TREE-GRADUAL-SEVERE,12,439320795a035b6e,PERSIST,0.187,65312520.0,0.0,1212242.5,2159461.5,219107869.5,351068.5,65312520.0,11375002000.0,10775960889.0,11.375002,10.775960889,606.12125,340451328.0,324.6796875,2.0594229698181152,208.95754766464233
252,R5,LOCAL_TREE-GRADUAL-SEVERE,12,439320795a035b6e,POPULATION-RESEED,0.19325,65312520.0,2416.0,1219040.0,2324483.0,250434803.0,347862.5,65314936.0,11653501000.0,11072132484.5,11.653501,11.0721324845,609.52,360474624.0,343.775390625,2.216799736022949,238.8332395553589
253,R5,LOCAL_TREE-GRADUAL-SEVERE,13,75d6d915f3b2d327,CHAMPION-RESEED,0.18575,65312520.0,12.0,1194681.5,2327519.0,232189459.0,332214.0,65312532.0,11207683500.0,10533182597.5,11.2076835,10.5331825975,597.34075,319805440.0,304.990234375,2.2196950912475586,221.433123588562
253,R5,LOCAL_TREE-GRADUAL-SEVERE,13,75d6d915f3b2d327,PERSIST,0.18825,65312520.0,0.0,1329501.5,1719733.0,176197305.0,287371.0,65312520.0,10670280500.0,10061333964.5,10.6702805,10.0613339645,664.75075,310501376.0,296.1171875,1.6400651931762695,168.03484439849854
253,R5,LOCAL_TREE-GRADUAL-SEVERE,13,75d6d915f3b2d327,POPULATION-RESEED,0.19825,65312520.0,1891.0,1185102.0,2594559.5,223478068.5,311812.5,65314411.0,10895568000.0,10308205538.0,10.895568,10.308205538,592.551,341364736.0,325.55078125,2.474364757537842,213.1252942085266
254,R5,LOCAL_TREE-GRADUAL-SEVERE,14,3ae44e4f4b4129b7,CHAMPION-RESEED,0.2,65312520.0,15.0,1211199.5,2192518.5,251304127.0,357115.0,65312535.0,11198029500.0,10697808512.5,11.1980295,10.6978085125,605.59975,406908928.0,388.05859375,2.0909485816955566,239.66229152679443
254,R5,LOCAL_TREE-GRADUAL-SEVERE,14,3ae44e4f4b4129b7,PERSIST,0.1945,65312520.0,0.0,1123791.0,3176975.5,218690800.5,349512.0,65312520.0,11159313000.0,10629897988.0,11.159313,10.629897988,561.8955,398997504.0,380.513671875,3.0297999382019043,208.5597996711731
254,R5,LOCAL_TREE-GRADUAL-SEVERE,14,3ae44e4f4b4129b7,POPULATION-RESEED,0.19175,65312520.0,2018.0,1241222.0,2554481.0,243519793.0,338334.0,65314538.0,11427614000.0,10948469797.5,11.427614,10.9484697975,620.611,414945280.0,395.72265625,2.436142921447754,232.2385721206665
255,R5,LOCAL_TREE-GRADUAL-SEVERE,15,bee0a94e0d6526b2,CHAMPION-RESEED,0.1985,65312520.0,13.0,1263388.5,2449727.5,238144905.5,339922.5,65312533.0,10816564500.0,10392593283.5,10.8165645,10.3925932835,631.69425,332941312.0,317.517578125,2.336242198944092,227.1126799583435
255,R5,LOCAL_TREE-GRADUAL-SEVERE,15,bee0a94e0d6526b2,PERSIST,0.19774999999999998,65312520.0,0.0,1225186.0,2305769.0,190823296.5,309781.0,65312520.0,10343069500.0,9864092041.0,10.3430695,9.864092041,612.593,314443776.0,299.876953125,2.1989526748657227,181.98327684402466
255,R5,LOCAL_TREE-GRADUAL-SEVERE,15,bee0a94e0d6526b2,POPULATION-RESEED,0.19725,65312520.0,2002.0,1204709.5,2408789.5,222759807.0,310196.0,65314522.0,10484843500.0,10007578717.0,10.4848435,10.007578717,602.35475,341192704.0,325.38671875,2.2972006797790527,212.44030666351318
256,R5,LOCAL_TREE-GRADUAL-SEVERE,16,8e9c4a6a2860298f,CHAMPION-RESEED,0.19724999999999998,65312520.0,15.0,1249225.5,2511903.5,230522836.0,329369.0,65312535.0,11009403000.0,10531469407.5,11.009403,10.5314694075,624.61275,325974016.0,310.873046875,2.395537853240967,219.84370803833008
256,R5,LOCAL_TREE-GRADUAL-SEVERE,16,8e9c4a6a2860298f,PERSIST,0.18975,65312520.0,0.0,1281756.5,1810626.0,175453919.0,286495.0,65312520.0,10479873500.0,9931410795.5,10.4798735,9.9314107955,640.87825,310398976.0,296.01953125,1.7267475128173828,167.32589626312256
256,R5,LOCAL_TREE-GRADUAL-SEVERE,16,8e9c4a6a2860298f,POPULATION-RESEED,0.19225,65312520.0,1914.0,1197666.5,2252395.5,209019821.5,292686.5,65314434.0,10587542500.0,10077299097.5,10.5875425,10.0772990975,598.83325,331120640.0,315.78125,2.1480517387390137,199.3368353843689
257,R5,LOCAL_TREE-GRADUAL-SEVERE,17,a23135a56695751b,CHAMPION-RESEED,0.1805,65312520.0,10.0,1258165.0,1601849.5,168925563.5,249577.0,65312530.0,9364813000.0,9024439095.5,9.364813,9.0244390955,629.0825,323006464.0,308.04296875,1.5276427268981934,161.09997129440308
257,R5,LOCAL_TREE-GRADUAL-SEVERE,17,a23135a56695751b,PERSIST,0.1815,65312520.0,0.0,1396705.5,1246030.0,131609868.0,221476.5,65312520.0,9178779500.0,8740057046.5,9.1787795,8.7400570465,698.35275,317241344.0,302.544921875,1.1883068084716797,125.5129508972168
257,R5,LOCAL_TREE-GRADUAL-SEVERE,17,a23135a56695751b,POPULATION-RESEED,0.181,65312520.0,1245.0,1231117.0,1736836.0,161655680.0,233671.5,65313765.0,9249743000.0,8896637057.0,9.249743,8.896637057,615.5585,331757568.0,316.388671875,1.6563758850097656,154.1668701171875
258,R5,LOCAL_TREE-GRADUAL-SEVERE,18,ffd10e5b14788c06,CHAMPION-RESEED,0.20024999999999998,65312520.0,14.0,1393978.5,2136729.5,224099404.0,321214.0,65312534.0,11030168500.0,10513085066.0,11.0301685,10.513085066,696.98925,384837632.0,367.009765625,2.0377440452575684,213.71784591674805
258,R5,LOCAL_TREE-GRADUAL-SEVERE,18,ffd10e5b14788c06,PERSIST,0.202,65312520.0,0.0,1298467.5,1783002.0,169454300.0,279128.0,65312520.0,10313480000.0,9819338184.5,10.31348,9.8193381845,649.23375,370221056.0,353.0703125,1.7004032135009766,161.6042137145996
258,R5,LOCAL_TREE-GRADUAL-SEVERE,18,ffd10e5b14788c06,POPULATION-RESEED,0.19974999999999998,65312520.0,1782.0,1278541.0,2142433.5,209813886.5,292520.5,65314302.0,10385693000.0,9946692766.5,10.385693,9.9466927665,639.2705,384837632.0,367.009765625,2.0431838035583496,200.09411478042603
259,R5,LOCAL_TREE-GRADUAL-SEVERE,19,dfdc0720133b20e5,CHAMPION-RESEED,0.1895,65312520.0,13.0,1195011.5,2577807.5,250260019.0,356486.0,65312533.0,11570009500.0,10898756331.0,11.5700095,10.898756331,597.50575,325214208.0,310.1484375,2.4583888053894043,238.66655254364014
259,R5,LOCAL_TREE-GRADUAL-SEVERE,19,dfdc0720133b20e5,PERSIST,0.19175,65312520.0,0.0,1243018.0,2167523.0,197440931.5,319289.0,65312520.0,11094098000.0,10413964560.5,11.094098,10.4139645605,621.509,310112256.0,295.74609375,2.067111015319824,188.29434537887573
259,R5,LOCAL_TREE-GRADUAL-SEVERE,19,dfdc0720133b20e5,POPULATION-RESEED,0.1885,65312520.0,1892.0,7229376.0,2301310.0,228996097.0,319309.0,65314412.0,11264631000.0,10621646094.5,11.264631,10.6216460945,3614.688,332904448.0,317.482421875,2.194700241088867,218.38769626617432
260,R5,LOCAL_TREE-GRADUAL-SEVERE,20,917a83ac6309b2a6,CHAMPION-RESEED,0.18025,65312520.0,12.0,1218917.0,2099114.5,218388010.0,313811.0,65312532.0,11099388500.0,10370929442.0,11.0993885,10.370929442,609.4585,395409408.0,377.091796875,2.0018715858459473,208.2710361480713
260,R5,LOCAL_TREE-GRADUAL-SEVERE,20,917a83ac6309b2a6,PERSIST,0.1905,65312520.0,0.0,1200856.5,1981289.0,174838131.5,285506.5,65312520.0,10585434000.0,9911251795.0,10.585434,9.911251795,600.42825,388311040.0,370.322265625,1.8895044326782227,166.73863554000854
260,R5,LOCAL_TREE-GRADUAL-SEVERE,20,917a83ac6309b2a6,POPULATION-RESEED,0.18325000000000002,65312520.0,1753.0,1224102.5,2491659.5,213872051.5,298996.0,65314273.0,10896131500.0,10207196767.5,10.8961315,10.2071967675,612.05125,404252672.0,385.525390625,2.3762316703796387,203.9642825126648
261,R5,LOCAL_TREE-GRADUAL-SEVERE,21,b1755548d5c422a3,CHAMPION-RESEED,0.20425,65312520.0,22.0,6081171.5,2951248.5,271831431.5,381299.0,65312542.0,12942157000.0,12120632002.0,12.942157,12.120632002,3040.58575,398868480.0,380.390625,2.8145298957824707,259.2386546134949
261,R5,LOCAL_TREE-GRADUAL-SEVERE,21,b1755548d5c422a3,PERSIST,0.2015,65312520.0,0.0,1289747.5,2306346.5,212786876.5,339463.5,65312520.0,11923500000.0,11213357861.0,11.9235,11.213357861,644.87375,386904064.0,368.98046875,2.1995034217834473,202.92937898635864
261,R5,LOCAL_TREE-GRADUAL-SEVERE,21,b1755548d5c422a3,POPULATION-RESEED,0.20425,65312520.0,2915.0,1222439.5,2754064.0,256087287.5,352152.0,65315435.0,12593404000.0,11900538754.0,12.593404,11.900538754,611.21975,403232768.0,384.552734375,2.6264801025390625,244.2238688468933
262,R5,LOCAL_TREE-GRADUAL-SEVERE,22,070bb0d3c9e3f6f2,CHAMPION-RESEED,0.19724999999999998,65312520.0,13.0,1287220.5,2426741.0,229059774.0,328115.0,65312533.0,12226535500.0,11551904123.0,12.2265355,11.551904123,643.61025,333039616.0,317.611328125,2.3143205642700195,218.44842338562012
262,R5,LOCAL_TREE-GRADUAL-SEVERE,22,070bb0d3c9e3f6f2,PERSIST,0.193,65312520.0,0.0,1335310.0,2046425.0,189041399.5,306535.0,65312520.0,11669907500.0,10993299689.5,11.6699075,10.9932996895,667.655,326348800.0,311.23046875,1.9516229629516602,180.2839274406433
262,R5,LOCAL_TREE-GRADUAL-SEVERE,22,070bb0d3c9e3f6f2,POPULATION-RESEED,0.19025,65312520.0,1927.0,1209721.5,2697889.0,231239697.5,321195.0,65314447.0,11789977000.0,11144888934.5,11.789977,11.1448889345,604.86075,348860416.0,332.69921875,2.5729074478149414,220.52736043930054
263,R5,LOCAL_TREE-GRADUAL-SEVERE,23,96ae07ddce4985f9,CHAMPION-RESEED,0.1965,65312520.0,16.0,1242604.5,2718653.0,244911182.0,347407.0,65312536.0,12274849000.0,11559288698.0,12.274849,11.559288698,621.30225,343357440.0,327.451171875,2.592709541320801,233.56550407409668
263,R5,LOCAL_TREE-GRADUAL-SEVERE,23,96ae07ddce4985f9,PERSIST,0.19624999999999998,65312520.0,0.0,1252325.0,2423102.5,196464918.0,315024.5,65312520.0,11689351000.0,11024509575.5,11.689351,11.0245095755,626.1625,329623552.0,314.353515625,2.3108506202697754,187.36354637145996
263,R5,LOCAL_TREE-GRADUAL-SEVERE,23,96ae07ddce4985f9,POPULATION-RESEED,0.198,65312520.0,1972.0,1234964.5,2613206.0,229538243.5,318096.0,65314492.0,11863090000.0,11190881775.0,11.86309,11.190881775,617.48225,357672960.0,341.103515625,2.492147445678711,218.90472745895386
264,R5,LOCAL_TREE-GRADUAL-SEVERE,24,195778fab004db49,CHAMPION-RESEED,0.20174999999999998,65312520.0,14.0,1153497.5,2697854.5,229603846.5,327622.0,65312534.0,11536060500.0,10856150957.0,11.5360605,10.856150957,576.74875,320399360.0,305.556640625,2.5728745460510254,218.96729135513306
264,R5,LOCAL_TREE-GRADUAL-SEVERE,24,195778fab004db49,PERSIST,0.1945,65312520.0,0.0,1214938.5,2826131.5,213083322.5,342627.5,65312520.0,11814188000.0,11100009678.5,11.814188,11.1000096785,607.46925,315219968.0,300.6171875,2.69520902633667,203.21209192276
264,R5,LOCAL_TREE-GRADUAL-SEVERE,24,195778fab004db49,POPULATION-RESEED,0.19425,65312520.0,2060.0,1164690.5,2929181.5,238330635.5,330360.0,65314580.0,11390872000.0,10751086992.0,11.390872,10.751086992,582.34525,330016768.0,314.728515625,2.793485164642334,227.28980588912964
265,R5,LOCAL_TREE-GRADUAL-SEVERE,25,19fa47c48eeea6f7,CHAMPION-RESEED,0.18825,65312520.0,12.0,1239854.0,2315988.0,235136886.0,336175.5,65312532.0,11436625000.0,10823964801.5,11.436625,10.8239648015,619.927,328372224.0,313.16015625,2.208698272705078,224.24400901794434
265,R5,LOCAL_TREE-GRADUAL-SEVERE,25,19fa47c48eeea6f7,PERSIST,0.18475,65312519.5,0.0,1301371.0,2025637.5,179756234.0,292119.0,65312519.5,10903958500.0,10237900089.5,10.9039585,10.2379000895,650.6855,311795712.0,297.3515625,1.9317984580993652,171.4289035797119
265,R5,LOCAL_TREE-GRADUAL-SEVERE,25,19fa47c48eeea6f7,POPULATION-RESEED,0.1875,65312520.0,1794.0,1224418.5,2226433.5,208559599.5,291502.0,65314314.0,10652983500.0,10050977415.0,10.6529835,10.050977415,612.20925,336041984.0,320.474609375,2.1232924461364746,198.89793348312378
266,R5,LOCAL_TREE-GRADUAL-SEVERE,26,c8a0d43d653a78df,CHAMPION-RESEED,0.20124999999999998,65312520.0,15.0,1240492.0,2727313.0,227371302.5,324047.5,65312535.0,11472774000.0,10833199829.5,11.472774,10.8331998295,620.246,384591872.0,366.775390625,2.600968360900879,216.83817148208618
266,R5,LOCAL_TREE-GRADUAL-SEVERE,26,c8a0d43d653a78df,PERSIST,0.19974999999999998,65312520.0,0.0,1302550.0,2253059.5,174938976.0,283109.5,65312520.0,10723458000.0,10079653845.0,10.723458,10.079653845,651.275,364488704.0,347.603515625,2.1486849784851074,166.83480834960938
266,R5,LOCAL_TREE-GRADUAL-SEVERE,26,c8a0d43d653a78df,POPULATION-RESEED,0.20224999999999999,65312520.0,2177.0,1202102.5,2584884.5,208399587.5,290367.0,65314697.0,10664025500.0,10098890744.0,10.6640255,10.098890744,601.05125,388405248.0,370.412109375,2.4651379585266113,198.74533414840698
267,R5,LOCAL_TREE-GRADUAL-SEVERE,27,00be3484bc37278c,CHAMPION-RESEED,0.1975,65312520.0,19.0,1185174.5,3630032.0,294552576.0,412095.5,65312539.0,12963041500.0,12193792477.5,12.9630415,12.1937924775,592.58725,349810688.0,333.60546875,3.4618682861328125,280.9072265625
267,R5,LOCAL_TREE-GRADUAL-SEVERE,27,00be3484bc37278c,PERSIST,0.203,65312520.0,0.0,1224829.5,2412883.5,195595511.5,313480.0,65312520.0,11286839000.0,10581938305.5,11.286839,10.5819383055,612.41475,324186112.0,309.16796875,2.30110502243042,186.5344157218933
267,R5,LOCAL_TREE-GRADUAL-SEVERE,27,00be3484bc37278c,POPULATION-RESEED,0.20074999999999998,65312520.0,2559.0,1154225.0,2937320.0,240560247.0,333491.0,65315079.0,11730309500.0,11003197409.5,11.7303095,11.0031974095,577.1125,362889216.0,346.078125,2.8012466430664062,229.41612911224365
268,R5,LOCAL_TREE-GRADUAL-SEVERE,28,e22aad2a85cfbf0d,CHAMPION-RESEED,0.20274999999999999,65312520.0,14.0,1237657.5,2639556.5,217918277.5,310821.0,65312534.0,11215935500.0,10465371841.0,11.2159355,10.465371841,618.82875,341960704.0,326.119140625,2.517277240753174,207.82306432724
268,R5,LOCAL_TREE-GRADUAL-SEVERE,28,e22aad2a85cfbf0d,PERSIST,0.19725,65312519.5,0.0,1281076.0,2007844.0,175598675.5,284808.5,65312519.5,11054091500.0,10266520045.0,11.0540915,10.266520045,640.538,330979328.0,315.646484375,1.9148292541503906,167.46394681930542
268,R5,LOCAL_TREE-GRADUAL-SEVERE,28,e22aad2a85cfbf0d,POPULATION-RESEED,0.19824999999999998,65312520.0,2133.0,1199892.0,2696045.5,224045566.0,310724.5,65314653.0,11394651000.0,10598690365.0,11.394651,10.598690365,599.946,350453760.0,334.21875,2.5711493492126465,213.66650199890137
269,R5,LOCAL_TREE-GRADUAL-SEVERE,29,4aec2fd9356f40dd,CHAMPION-RESEED,0.20450000000000002,65312520.0,14.0,1168335.0,2708649.5,232756815.5,330982.0,65312534.0,11232364000.0,10633805165.5,11.232364,10.6338051655,584.1675,379602944.0,362.017578125,2.583169460296631,221.97419691085815
269,R5,LOCAL_TREE-GRADUAL-SEVERE,29,4aec2fd9356f40dd,PERSIST,0.20375,65312520.0,0.0,1287301.0,2623526.5,192028771.5,310755.5,65312520.0,10858262500.0,10273741542.0,10.8582625,10.273741542,643.6505,375570432.0,358.171875,2.5019898414611816,183.13290739059448
269,R5,LOCAL_TREE-GRADUAL-SEVERE,29,4aec2fd9356f40dd,POPULATION-RESEED,0.20700000000000002,65312520.0,2083.0,1134967.5,2522377.0,221219999.0,307037.0,65314603.0,10902736500.0,10407253823.5,10.9027365,10.4072538235,567.48375,392347648.0,374.171875,2.4055261611938477,210.9718313217163
270,R5,LOCAL_TREE-GRADUAL-SEVERE,30,2d5bca54cfe83bb5,CHAMPION-RESEED,0.19575,65312520.0,13.0,1166038.0,2417280.0,213828604.0,307202.0,65312533.0,10629420500.0,10158793698.0,10.6294205,10.158793698,583.019,320507904.0,305.66015625,2.3052978515625,203.92284774780273
270,R5,LOCAL_TREE-GRADUAL-SEVERE,30,2d5bca54cfe83bb5,PERSIST,0.18025,65312520.0,0.0,1221500.0,2296102.5,187203196.0,302683.0,65312520.0,10743803500.0,10211018122.5,10.7438035,10.2110181225,610.75,306094080.0,291.9140625,2.1897339820861816,178.53087997436523
270,R5,LOCAL_TREE-GRADUAL-SEVERE,30,2d5bca54cfe83bb5,POPULATION-RESEED,0.19575,65312520.0,1847.0,1142685.5,2237401.0,211672936.5,296316.5,65314367.0,10564619500.0,10053865315.5,10.5646195,10.0538653155,571.34275,322004992.0,307.087890625,2.13375186920166,201.86704301834106
271,R5,LOCAL_TREE-GRADUAL-SEVERE,31,0b4c033a45326e06,CHAMPION-RESEED,0.1985,65312520.0,16.0,1152691.0,2753090.5,244101523.0,345932.0,65312536.0,11375617500.0,10758733333.0,11.3756175,10.758733333,576.3455,383559680.0,365.791015625,2.625551700592041,232.7933530807495
271,R5,LOCAL_TREE-GRADUAL-SEVERE,31,0b4c033a45326e06,PERSIST,0.196,65312520.0,0.0,1233952.5,1964840.0,178833314.0,289106.5,65312520.0,10542452000.0,9925414837.0,10.542452,9.925414837,616.97625,371945472.0,354.71484375,1.8738174438476562,170.54873847961426
271,R5,LOCAL_TREE-GRADUAL-SEVERE,31,0b4c033a45326e06,POPULATION-RESEED,0.19725,65312520.0,2280.0,1112387.0,2617231.5,229399179.5,318105.5,65314800.0,11238404000.0,10627310258.5,11.238404,10.6273102585,556.1935,387813376.0,369.84765625,2.4959864616394043,218.77210569381714
272,R5,LOCAL_TREE-GRADUAL-SEVERE,32,ae3d5064fb64394a,CHAMPION-RESEED,0.187,65312520.0,16.0,1221376.5,2450558.5,223560418.0,317988.5,65312536.0,10649250500.0,10124698073.0,10.6492505,10.124698073,610.68825,333363200.0,317.919921875,2.3370347023010254,213.2038288116455
272,R5,LOCAL_TREE-GRADUAL-SEVERE,32,ae3d5064fb64394a,PERSIST,0.19025,65312520.0,0.0,1266566.5,2224535.5,179301812.0,291016.0,65312520.0,10320605500.0,9739361431.0,10.3206055,9.739361431,633.28325,320565248.0,305.71484375,2.1214823722839355,170.99553298950195
272,R5,LOCAL_TREE-GRADUAL-SEVERE,32,ae3d5064fb64394a,POPULATION-RESEED,0.186,65312520.0,2319.0,4831761.5,2463993.5,214230825.5,298748.0,65314839.0,10284854500.0,9850949629.0,10.2848545,9.850949629,2415.88075,348264448.0,332.130859375,2.3498473167419434,204.30643606185913
273,R5,LOCAL_TREE-GRADUAL-SEVERE,33,653135d1940c7f7c,CHAMPION-RESEED,0.1955,65312520.0,15.0,5485122.0,2523624.5,253410343.5,361402.0,65312535.0,11404270500.0,10710509536.5,11.4042705,10.7105095365,2742.561,329779200.0,314.501953125,2.4067158699035645,241.6709361076355
273,R5,LOCAL_TREE-GRADUAL-SEVERE,33,653135d1940c7f7c,PERSIST,0.1835,65312520.0,0.0,1231718.0,2716730.5,196123298.0,316976.5,65312520.0,10753404500.0,10061095296.0,10.7534045,10.061095296,615.859,312178688.0,297.716796875,2.5908761024475098,187.03775215148926
273,R5,LOCAL_TREE-GRADUAL-SEVERE,33,653135d1940c7f7c,POPULATION-RESEED,0.1925,65312520.0,2001.0,1194534.0,3184425.5,244152312.5,339200.0,65314521.0,11138178000.0,10455199704.5,11.138178,10.4551997045,597.267,335751168.0,320.197265625,3.036904811859131,232.84178972244263
274,R5,LOCAL_TREE-GRADUAL-SEVERE,34,b5924b7d12ac082f,CHAMPION-RESEED,0.1955,65312520.0,12.0,1374841.5,2332076.5,222157000.5,319567.0,65312532.0,10490658000.0,9996956979.0,10.490658,9.996956979,687.42075,361973760.0,345.205078125,2.22404146194458,211.86542558670044
274,R5,LOCAL_TREE-GRADUAL-SEVERE,34,b5924b7d12ac082f,PERSIST,0.19775,65312520.0,0.0,1403601.5,1732231.0,170490641.0,279939.0,65312520.0,9879298000.0,9372194699.5,9.879298,9.3721946995,701.80075,351412224.0,335.1328125,1.6519842147827148,162.59254550933838
274,R5,LOCAL_TREE-GRADUAL-SEVERE,34,b5924b7d12ac082f,POPULATION-RESEED,0.1995,65312520.0,1805.0,1306178.0,2418754.0,222347089.0,310242.5,65314325.0,10499460000.0,9920210406.5,10.49946,9.9202104065,653.089,363726848.0,346.876953125,2.306703567504883,212.04670810699463
275,R5,LOCAL_TREE-GRADUAL-SEVERE,35,bfa32064c891b67c,CHAMPION-RESEED,0.2085,65312520.0,16.0,1170133.0,2455507.0,228072556.0,324877.0,65312536.0,10635559500.0,10131204435.5,10.6355595,10.1312044355,585.0665,339361792.0,323.640625,2.3417539596557617,217.50693893432617
275,R5,LOCAL_TREE-GRADUAL-SEVERE,35,bfa32064c891b67c,PERSIST,0.2025,65312520.0,0.0,7662111.0,2334667.0,187386716.5,304067.5,65312520.0,10544391500.0,9956368038.0,10.5443915,9.956368038,3831.0555,323631104.0,308.638671875,2.2265119552612305,178.70589876174927
275,R5,LOCAL_TREE-GRADUAL-SEVERE,35,bfa32064c891b67c,POPULATION-RESEED,0.20725,65312520.0,2247.0,1152335.5,2636950.5,228327534.0,316076.5,65314767.0,10612308500.0,10063220887.0,10.6123085,10.063220887,576.16775,340416512.0,324.646484375,2.514791965484619,217.7501049041748
276,R5,LOCAL_TREE-GRADUAL-SEVERE,36,4e1727b24126ed88,CHAMPION-RESEED,0.19974999999999998,65312520.0,14.0,1186248.0,2448322.0,213074336.5,305069.5,65312534.0,10687536000.0,10185615930.0,10.687536,10.18561593,593.124,325306368.0,310.236328125,2.334901809692383,203.20352220535278
276,R5,LOCAL_TREE-GRADUAL-SEVERE,36,4e1727b24126ed88,PERSIST,0.19874999999999998,65312520.0,0.0,1238318.5,2152280.0,189838541.0,305322.0,65312520.0,10764235000.0,10286477576.5,10.764235,10.2864775765,619.15925,317069312.0,302.380859375,2.0525741577148438,181.04414081573486
276,R5,LOCAL_TREE-GRADUAL-SEVERE,36,4e1727b24126ed88,POPULATION-RESEED,0.20325,65312519.5,2134.0,1131330.0,2450911.5,222309496.0,309584.5,65314653.5,10729398000.0,10220353988.0,10.729398,10.220353988,565.665,325306368.0,310.236328125,2.337371349334717,212.01085662841797
277,R5,LOCAL_TREE-GRADUAL-SEVERE,37,16ae9cc58ae87d05,CHAMPION-RESEED,0.1985,65312520.0,13.0,1266083.5,2535117.0,250095815.5,356488.5,65312533.0,11546006500.0,10934136449.0,11.5460065,10.934136449,633.04175,400998400.0,382.421875,2.4176759719848633,238.50995588302612
277,R5,LOCAL_TREE-GRADUAL-SEVERE,37,16ae9cc58ae87d05,PERSIST,0.192,65312520.0,0.0,1351655.5,2053447.0,189589280.5,307967.0,65312520.0,11088641000.0,10500971200.0,11.088641,10.5009712,675.82775,392404992.0,374.2265625,1.9583196640014648,180.80642747879028
277,R5,LOCAL_TREE-GRADUAL-SEVERE,37,16ae9cc58ae87d05,POPULATION-RESEED,0.20575,65312520.0,1899.0,1183833.5,2349156.5,224793944.5,312964.0,65314419.0,10766782000.0,10264704967.0,10.766782,10.264704967,591.91675,407343104.0,388.47265625,2.240330219268799,214.380211353302
278,R5,LOCAL_TREE-GRADUAL-SEVERE,38,7d6ab3a02975a80d,CHAMPION-RESEED,0.18625,65312520.0,18.0,1199116.0,2806411.5,257107530.5,364932.5,65312538.0,11616242500.0,11018485117.5,11.6162425,11.0184851175,599.558,346269696.0,330.228515625,2.6764025688171387,245.19684839248657
278,R5,LOCAL_TREE-GRADUAL-SEVERE,38,7d6ab3a02975a80d,PERSIST,0.19775,65312520.0,0.0,1115855.0,2084594.0,190345848.0,310103.5,65312520.0,10486212000.0,9915144721.5,10.486212,9.9151447215,557.9275,329005056.0,313.763671875,1.9880237579345703,181.52794647216797
278,R5,LOCAL_TREE-GRADUAL-SEVERE,38,7d6ab3a02975a80d,POPULATION-RESEED,0.20075,65312520.0,1936.0,1111401.5,2316809.5,231193811.0,321305.0,65314456.0,11006609500.0,10371258503.5,11.0066095,10.3712585035,555.70075,362784768.0,345.978515625,2.209481716156006,220.48359966278076
279,R5,LOCAL_TREE-GRADUAL-SEVERE,39,9b3f1a6e48c58e0f,CHAMPION-RESEED,0.2105,65312520.0,15.0,1161588.0,2712540.5,248855458.0,354084.0,65312535.0,11217715000.0,10761974353.0,11.217715,10.761974353,580.794,411680768.0,392.609375,2.5868802070617676,237.32705879211426
279,R5,LOCAL_TREE-GRADUAL-SEVERE,39,9b3f1a6e48c58e0f,PERSIST,0.21325,65312520.0,0.0,1199600.5,2385615.0,204835942.5,330029.5,65312520.0,11027896000.0,10456558127.5,11.027896,10.4565581275,599.80025,402751488.0,384.09375,2.275099754333496,195.34677743911743
279,R5,LOCAL_TREE-GRADUAL-SEVERE,39,9b3f1a6e48c58e0f,POPULATION-RESEED,0.20625,65312520.0,2120.0,1173303.0,2904617.0,238390076.5,331062.5,65314640.0,10873469500.0,10452753292.5,10.8734695,10.4527532925,586.6515,423229440.0,403.623046875,2.7700586318969727,227.34649324417114
280,R5,LOCAL_TREE-GRADUAL-SEVERE,40,dadd27001b745bc9,CHAMPION-RESEED,0.16375,65312520.0,14.0,1172824.0,2741328.5,244600412.0,348500.5,65312534.0,11626233000.0,10962103282.0,11.626233,10.962103282,586.412,397010944.0,378.619140625,2.6143345832824707,233.2691307067871
280,R5,LOCAL_TREE-GRADUAL-SEVERE,40,dadd27001b745bc9,PERSIST,0.183,65312520.0,0.0,1243172.5,1983431.0,175045596.0,287554.5,65312520.0,10631463000.0,10028947349.0,10.631463,10.028947349,621.58625,385447936.0,367.591796875,1.8915472030639648,166.9364891052246
280,R5,LOCAL_TREE-GRADUAL-SEVERE,40,dadd27001b745bc9,POPULATION-RESEED,0.1805,65312520.0,1796.0,1159183.0,2596961.5,212769226.0,296423.5,65314316.0,10721672000.0,10222920358.5,10.721672,10.2229203585,579.5915,404699136.0,385.951171875,2.4766554832458496,202.9125461578369
281,R5,LOCAL_TREE-GRADUAL-SEVERE,41,93c36c8b439a90af,CHAMPION-RESEED,0.19525,65312520.0,12.0,1195350.5,2112676.0,224404154.5,322016.0,65312532.0,10307380000.0,9880900757.5,10.30738,9.8809007575,597.67525,327905280.0,312.71484375,2.0148048400878906,214.00847864151
281,R5,LOCAL_TREE-GRADUAL-SEVERE,41,93c36c8b439a90af,PERSIST,0.201,65312520.0,0.0,1166079.5,1689053.5,170099475.5,279786.5,65312520.0,9934826500.0,9390032128.0,9.9348265,9.390032128,583.03975,300875776.0,286.9375,1.610806941986084,162.21950101852417
281,R5,LOCAL_TREE-GRADUAL-SEVERE,41,93c36c8b439a90af,POPULATION-RESEED,0.20024999999999998,65312520.0,1777.0,1120390.0,2445843.0,210494648.5,293971.0,65314297.0,10002535000.0,9581060599.0,10.002535,9.581060599,560.195,337436672.0,321.8046875,2.3325376510620117,200.74334001541138
282,R5,LOCAL_TREE-GRADUAL-SEVERE,42,ae9b07add359a8d1,CHAMPION-RESEED,0.188,65312520.0,15.0,1097419.5,2537857.5,245771644.0,350106.0,65312535.0,10948743500.0,10398844028.5,10.9487435,10.3988440285,548.70975,386537472.0,368.630859375,2.4202895164489746,234.38610458374023
282,R5,LOCAL_TREE-GRADUAL-SEVERE,42,ae9b07add359a8d1,PERSIST,0.1925,65312520.0,0.0,1127027.5,2109915.5,186639203.5,302975.0,65312520.0,10191276000.0,9639798475.5,10.191276,9.6397984755,563.51375,372348928.0,355.099609375,2.012172222137451,177.99301481246948
282,R5,LOCAL_TREE-GRADUAL-SEVERE,42,ae9b07add359a8d1,POPULATION-RESEED,0.19674999999999998,65312520.0,1905.0,1145728.0,2263621.0,231742800.5,322488.5,65314425.0,10619068500.0,10101038060.5,10.6190685,10.1010380605,572.864,389486592.0,371.443359375,2.158757209777832,221.00715684890747
283,R5,LOCAL_TREE-GRADUAL-SEVERE,43,80e68a62a9f2079f,CHAMPION-RESEED,0.19275,65312520.0,12.0,1127297.0,2620643.5,235300680.0,336175.5,65312532.0,10722847500.0,10181351398.0,10.7228475,10.181351398,563.6485,321136640.0,306.259765625,2.4992403984069824,224.40021514892578
283,R5,LOCAL_TREE-GRADUAL-SEVERE,43,80e68a62a9f2079f,PERSIST,0.19275,65312520.0,0.0,1166085.5,1987517.5,179701649.5,292798.0,65312520.0,10104555500.0,9553141980.5,10.1045555,9.5531419805,583.04275,305012736.0,290.8828125,1.895444393157959,171.37684774398804
283,R5,LOCAL_TREE-GRADUAL-SEVERE,43,80e68a62a9f2079f,POPULATION-RESEED,0.18725,65312520.0,1819.0,1192817.5,2392210.5,217266010.5,303283.0,65314339.0,10360091500.0,9833126886.5,10.3600915,9.8331268865,596.40875,333756416.0,318.294921875,2.2813897132873535,207.20101404190063
284,R5,LOCAL_TREE-GRADUAL-SEVERE,44,22f02fabc17430cc,CHAMPION-RESEED,0.2025,65312520.0,12.0,1140993.0,2106479.0,217124484.5,311824.0,65312532.0,10335777500.0,9800151597.0,10.3357775,9.800151597,570.4965,341383168.0,325.568359375,2.008894920349121,207.06604433059692
284,R5,LOCAL_TREE-GRADUAL-SEVERE,44,22f02fabc17430cc,PERSIST,0.199,65312520.0,0.0,1168543.0,1841576.5,175974123.0,286739.0,65312520.0,9903565500.0,9404753303.0,9.9035655,9.404753303,584.2715,330747904.0,315.42578125,1.7562642097473145,167.82200145721436
284,R5,LOCAL_TREE-GRADUAL-SEVERE,44,22f02fabc17430cc,POPULATION-RESEED,0.20700000000000002,65312520.0,1817.0,1085595.5,2386411.0,226054085.0,315160.0,65314337.0,10389776500.0,9915047096.0,10.3897765,9.915047096,542.79775,349554688.0,333.361328125,2.2758588790893555,215.58197498321533
285,R5,LOCAL_TREE-GRADUAL-SEVERE,45,8c0d43f96057f434,CHAMPION-RESEED,0.19824999999999998,65312520.0,13.0,1197576.0,2132709.0,227630488.5,325396.5,65312533.0,10533862000.0,10018115196.5,10.533862,10.0181151965,598.788,336846848.0,321.2421875,2.033909797668457,217.08535051345825
285,R5,LOCAL_TREE-GRADUAL-SEVERE,45,8c0d43f96057f434,PERSIST,0.19925,65312520.0,0.0,1229778.0,1699390.0,177658629.0,289111.5,65312520.0,10137848500.0,9560024852.5,10.1378485,9.5600248525,614.889,317847552.0,303.123046875,1.6206645965576172,169.42847156524658
285,R5,LOCAL_TREE-GRADUAL-SEVERE,45,8c0d43f96057f434,POPULATION-RESEED,0.1955,65312520.0,2000.0,1189244.0,2984750.5,248225745.0,343733.0,65314520.0,10849099500.0,10335296579.0,10.8490995,10.335296579,594.622,362733568.0,345.9296875,2.846479892730713,236.72651767730713
286,R5,LOCAL_TREE-GRADUAL-SEVERE,46,bb1fdb696a0d50a3,CHAMPION-RESEED,0.18775,65312520.0,15.0,1175355.5,2256447.5,222899144.5,317889.5,65312535.0,10455323000.0,9952729136.0,10.455323,9.952729136,587.67775,385155072.0,367.3125,2.151916027069092,212.57318925857544
286,R5,LOCAL_TREE-GRADUAL-SEVERE,46,bb1fdb696a0d50a3,PERSIST,0.188,65312520.0,0.0,1179738.0,2174923.0,178782219.5,290319.0,65312520.0,10081770000.0,9560846019.5,10.08177,9.5608460195,589.869,369750016.0,352.62109375,2.0741682052612305,170.50001096725464
286,R5,LOCAL_TREE-GRADUAL-SEVERE,46,bb1fdb696a0d50a3,POPULATION-RESEED,0.1925,65312520.0,2340.0,1166814.0,2924001.5,221679774.5,306871.0,65314860.0,10395457500.0,9861033546.0,10.3954575,9.861033546,583.407,395573248.0,377.248046875,2.7885451316833496,211.41030740737915
287,R5,LOCAL_TREE-GRADUAL-SEVERE,47,12078578a134948f,CHAMPION-RESEED,0.20575,65312520.0,13.0,1174136.0,2726983.0,258741797.5,368075.5,65312533.0,11193994000.0,10713628538.5,11.193994,10.7136285385,587.068,411422720.0,392.36328125,2.600653648376465,246.75540685653687
287,R5,LOCAL_TREE-GRADUAL-SEVERE,47,12078578a134948f,PERSIST,0.21375,65312520.0,0.0,1172711.0,2067940.5,193327318.0,312414.0,65312520.0,10340395500.0,9855194912.0,10.3403955,9.855194912,586.3555,401661952.0,383.0546875,1.9721417427062988,184.3712978363037
287,R5,LOCAL_TREE-GRADUAL-SEVERE,47,12078578a134948f,POPULATION-RESEED,0.20925,65312520.0,2359.0,1111489.0,2206994.0,229898015.0,320034.5,65314879.0,10380479000.0,9975444930.0,10.380479,9.97544493,555.7445,421142528.0,401.6328125,2.1047534942626953,219.2478322982788
288,R5,LOCAL_TREE-GRADUAL-SEVERE,48,3263d593419288a1,CHAMPION-RESEED,0.1895,65312520.0,15.0,1224852.0,2753936.0,237139360.0,336609.0,65312535.0,10832211500.0,10322090814.0,10.8322115,10.322090814,612.426,347107328.0,331.02734375,2.6263580322265625,226.15371704101562
288,R5,LOCAL_TREE-GRADUAL-SEVERE,48,3263d593419288a1,PERSIST,0.1975,65312520.0,0.0,1178260.0,2374421.5,180357018.0,291804.0,65312520.0,10149860500.0,9611936391.5,10.1498605,9.6119363915,589.13,329918464.0,314.634765625,2.2644248008728027,172.00185585021973
288,R5,LOCAL_TREE-GRADUAL-SEVERE,48,3263d593419288a1,POPULATION-RESEED,0.19824999999999998,65312520.0,2102.0,1225379.0,2541948.5,222406910.0,308809.5,65314622.0,10478236500.0,9931686694.0,10.4782365,9.931686694,612.6895,357711872.0,341.140625,2.4241909980773926,212.10375785827637
289,R5,LOCAL_TREE-GRADUAL-SEVERE,49,5b2d409b12925168,CHAMPION-RESEED,0.2005,65312520.0,8.0,1247146.5,1960027.5,165694419.0,246201.0,65312528.0,9293984500.0,8904236298.0,9.2939845,8.904236298,623.57325,363890688.0,347.033203125,1.8692278861999512,158.01851177215576
289,R5,LOCAL_TREE-GRADUAL-SEVERE,49,5b2d409b12925168,PERSIST,0.202,65312520.0,0.0,1208962.0,1648187.0,137048860.0,230278.5,65312520.0,9072015000.0,8662905470.0,9.072015,8.66290547,604.481,355227648.0,338.771484375,1.571833610534668,130.69997787475586
289,R5,LOCAL_TREE-GRADUAL-SEVERE,49,5b2d409b12925168,POPULATION-RESEED,0.19075,65312520.0,1199.0,1195627.0,1847300.0,161382945.5,233075.5,65313719.0,9069106500.0,8737651116.0,9.0691065,8.737651116,597.8135,366966784.0,349.966796875,1.7617225646972656,153.9067702293396
290,R5,LOCAL_TREE-GRADUAL-SEVERE,50,e520e7c1c5944b3d,CHAMPION-RESEED,0.19975,65312520.0,16.0,1251354.5,2449760.5,236037906.0,335664.0,65312536.0,10693174500.0,10264101345.0,10.6931745,10.264101345,625.67725,374550528.0,357.19921875,2.336273670196533,225.1032886505127
290,R5,LOCAL_TREE-GRADUAL-SEVERE,50,e520e7c1c5944b3d,PERSIST,0.2005,65312520.0,0.0,1295576.0,2196149.0,195283614.0,315946.5,65312520.0,10427847000.0,9914721784.5,10.427847,9.9147217845,647.788,361134080.0,344.404296875,2.0944108963012695,186.236967086792
290,R5,LOCAL_TREE-GRADUAL-SEVERE,50,e520e7c1c5944b3d,POPULATION-RESEED,0.20800000000000002,65312520.0,2268.0,1275854.5,2215969.5,232043371.0,322125.0,65314788.0,10573533500.0,10104139172.5,10.5735335,10.1041391725,637.92725,377477120.0,359.990234375,2.1133131980895996,221.29380321502686
291,R5,LOCAL_TREE-GRADUAL-SEVERE,51,3d10a8a37d838e4b,CHAMPION-RESEED,0.19475,65312520.0,12.0,1120539.0,2256749.5,224870044.0,322551.5,65312532.0,10748376000.0,10192566393.5,10.748376,10.1925663935,560.2695,323571712.0,308.58203125,2.1522040367126465,214.45278549194336
291,R5,LOCAL_TREE-GRADUAL-SEVERE,51,3d10a8a37d838e4b,PERSIST,0.20024999999999998,65312520.0,0.0,1157557.5,1810960.5,174360076.5,283928.0,65312520.0,10171386000.0,9544839841.0,10.171386,9.544839841,578.77875,308944896.0,294.6328125,1.7270665168762207,166.28272676467896
291,R5,LOCAL_TREE-GRADUAL-SEVERE,51,3d10a8a37d838e4b,POPULATION-RESEED,0.197,65312520.0,1816.0,1127917.0,2316310.0,216683560.0,303021.5,65314336.0,10707727000.0,10013454218.0,10.707727,10.013454218,563.9585,334446592.0,318.953125,2.209005355834961,206.64554595947266
292,R5,LOCAL_TREE-GRADUAL-SEVERE,52,2ed4a37612b890f2,CHAMPION-RESEED,0.192,65312520.0,15.0,1194090.5,2619450.5,225015510.0,320470.0,65312535.0,10979624500.0,10317463505.0,10.9796245,10.317463505,597.04525,329531392.0,314.265625,2.4981026649475098,214.5915126800537
292,R5,LOCAL_TREE-GRADUAL-SEVERE,52,2ed4a37612b890f2,PERSIST,0.19075,65312520.0,0.0,1219750.5,2028107.5,178628854.0,290191.0,65312520.0,10386044000.0,9718819816.0,10.386044,9.718819816,609.87525,309608448.0,295.265625,1.9341540336608887,170.35375022888184
292,R5,LOCAL_TREE-GRADUAL-SEVERE,52,2ed4a37612b890f2,POPULATION-RESEED,0.1865,65312520.0,2198.0,1119781.5,2237546.0,207352334.0,288970.0,65314718.0,10309775500.0,9751116441.5,10.3097755,9.7511164415,559.89075,337043456.0,321.4296875,2.133890151977539,197.74659538269043
293,R5,LOCAL_TREE-GRADUAL-SEVERE,53,0772b71631462f2b,CHAMPION-RESEED,0.196,65312520.0,19.0,1380306.5,2538988.0,237998905.5,337245.0,65312539.0,10951509000.0,10431341891.5,10.951509,10.4313418915,690.15325,335564800.0,320.01953125,2.421367645263672,226.9734435081482
293,R5,LOCAL_TREE-GRADUAL-SEVERE,53,0772b71631462f2b,PERSIST,0.201,65312520.0,0.0,5727945.5,2101053.5,182200232.5,295478.0,65312520.0,10248323500.0,9724986518.5,10.2483235,9.7249865185,2863.97275,314953728.0,300.36328125,2.003720760345459,173.75968217849731
293,R5,LOCAL_TREE-GRADUAL-SEVERE,53,0772b71631462f2b,POPULATION-RESEED,0.19625,65312520.0,2376.0,1196621.0,2760253.0,223827553.5,309851.5,65314896.0,10678382500.0,10234508830.0,10.6783825,10.23450883,598.3105,342349824.0,326.490234375,2.632382392883301,213.45858907699585
294,R5,LOCAL_TREE-GRADUAL-SEVERE,54,8ca66511420e73b2,CHAMPION-RESEED,0.189,65312520.0,14.0,7361347.5,2578938.5,219195759.0,312989.5,65312534.0,10372859500.0,9929772974.0,10.3728595,9.929772974,3680.67375,388501504.0,370.50390625,2.4594674110412598,209.04136562347412
294,R5,LOCAL_TREE-GRADUAL-SEVERE,54,8ca66511420e73b2,PERSIST,0.1885,65312520.0,0.0,1202923.5,2253254.5,185076969.5,299342.0,65312520.0,10326036500.0,9775476456.5,10.3260365,9.7754764565,601.46175,373766144.0,356.451171875,2.1488709449768066,176.50315237045288
294,R5,LOCAL_TREE-GRADUAL-SEVERE,54,8ca66511420e73b2,POPULATION-RESEED,0.19025,65312520.0,2074.0,1154148.0,2817929.5,218252538.5,303670.0,65314594.0,10482754000.0,9939124144.5,10.482754,9.9391241445,577.074,391540736.0,373.40234375,2.687386989593506,208.14184045791626
295,R5,LOCAL_TREE-GRADUAL-SEVERE,55,c2f8d0e2e4ae26ab,CHAMPION-RESEED,0.193,65312520.0,13.0,1274279.0,3066063.5,252853581.0,360287.5,65312533.0,11378891500.0,10797215862.0,11.3788915,10.797215862,637.1395,349001728.0,332.833984375,2.9240260124206543,241.13996601104736
295,R5,LOCAL_TREE-GRADUAL-SEVERE,55,c2f8d0e2e4ae26ab,PERSIST,0.1835,65312520.0,0.0,1336581.5,2248304.0,188845553.5,305654.0,65312520.0,10489677000.0,9893265130.0,10.489677,9.89326513,668.29075,317272064.0,302.57421875,2.1441497802734375,180.0971541404724
295,R5,LOCAL_TREE-GRADUAL-SEVERE,55,c2f8d0e2e4ae26ab,POPULATION-RESEED,0.18575,65312520.0,1997.0,1275109.5,2131159.0,221173624.0,309217.0,65314517.0,10713295500.0,10143344679.5,10.7132955,10.1433446795,637.55475,370104320.0,352.958984375,2.0324316024780273,210.92760467529297
296,R5,LOCAL_TREE-GRADUAL-SEVERE,56,d2c565bc84259a81,CHAMPION-RESEED,0.193,65312520.0,12.0,1207376.0,2100755.0,229233751.5,328057.0,65312532.0,10723517500.0,10237408035.5,10.7235175,10.2374080355,603.688,337192960.0,321.572265625,2.0034360885620117,218.61434125900269
296,R5,LOCAL_TREE-GRADUAL-SEVERE,56,d2c565bc84259a81,PERSIST,0.191,65312520.0,0.0,1215838.0,1667729.0,171853025.0,281635.0,65312520.0,10218801500.0,9616790958.0,10.2188015,9.616790958,607.919,320397312.0,305.5546875,1.590470314025879,163.8918161392212
296,R5,LOCAL_TREE-GRADUAL-SEVERE,56,d2c565bc84259a81,POPULATION-RESEED,0.19624999999999998,65312520.0,1883.0,1169127.5,2310178.0,214280040.0,299704.0,65314403.0,10371238000.0,9888764399.0,10.371238,9.888764399,584.56375,344559616.0,328.59765625,2.203157424926758,204.3533706665039
297,R5,LOCAL_TREE-GRADUAL-SEVERE,57,8a0ed711f68be66b,CHAMPION-RESEED,0.20125,65312520.0,12.0,5610477.0,2074031.5,211942677.0,304849.0,65312532.0,10140162000.0,9747124315.0,10.140162,9.747124315,2805.2385,346318848.0,330.275390625,1.9779505729675293,202.12428760528564
297,R5,LOCAL_TREE-GRADUAL-SEVERE,57,8a0ed711f68be66b,PERSIST,0.19725,65312520.0,0.0,1120396.5,1833129.5,171632876.0,280524.0,65312520.0,9923590500.0,9487612594.0,9.9235905,9.487612594,560.19825,335063040.0,319.541015625,1.7482085227966309,163.68186569213867
297,R5,LOCAL_TREE-GRADUAL-SEVERE,57,8a0ed711f68be66b,POPULATION-RESEED,0.188,65312520.0,1931.0,1098182.5,1933009.0,203491603.5,284566.0,65314451.0,9913296500.0,9531749287.0,9.9132965,9.531749287,549.09125,361990144.0,345.220703125,1.843461036682129,194.06471586227417
298,R5,LOCAL_TREE-GRADUAL-SEVERE,58,5b9bfb7740354c63,CHAMPION-RESEED,0.199,65312520.0,13.0,1210890.5,2742521.0,241781042.5,344918.5,65312533.0,10893139000.0,10345157445.0,10.893139,10.345157445,605.44525,370249728.0,353.09765625,2.615471839904785,230.58037042617798
298,R5,LOCAL_TREE-GRADUAL-SEVERE,58,5b9bfb7740354c63,PERSIST,0.2005,65312520.0,0.0,7518758.5,1960705.5,187616839.0,305244.0,65312520.0,10339191000.0,9810595688.5,10.339191,9.8105956885,3759.37925,357283840.0,340.732421875,1.8698744773864746,178.92536067962646
298,R5,LOCAL_TREE-GRADUAL-SEVERE,58,5b9bfb7740354c63,POPULATION-RESEED,0.184,65312520.0,1900.0,1159527.0,3343298.0,241708111.0,335227.5,65314420.0,10930916000.0,10340692175.5,10.930916,10.3406921755,579.7635,373106688.0,355.822265625,3.188417434692383,230.510817527771
299,R5,LOCAL_TREE-GRADUAL-SEVERE,59,620b81e65f413edf,CHAMPION-RESEED,0.21175,65312520.0,12.0,4877810.0,2721573.0,228485902.5,327351.5,65312532.0,10764018500.0,10199275972.5,10.7640185,10.1992759725,2438.905,316770304.0,302.095703125,2.595494270324707,217.9011368751526
299,R5,LOCAL_TREE-GRADUAL-SEVERE,59,620b81e65f413edf,PERSIST,0.20400000000000001,65312520.0,0.0,7068840.5,2017104.0,189985262.5,307589.5,65312520.0,10266395500.0,9736536062.5,10.2663955,9.7365360625,3534.42025,309686272.0,295.33984375,1.9236602783203125,181.18406534194946
299,R5,LOCAL_TREE-GRADUAL-SEVERE,59,620b81e65f413edf,POPULATION-RESEED,0.23099999999999998,65312520.0,1755.0,1227096.5,2000404.5,203891529.5,285671.0,65314275.0,10007077500.0,9502358467.0,10.0070775,9.502358467,613.54825,330500096.0,315.189453125,1.9077343940734863,194.44611501693726
300,R5,LOCAL_TREE-GRADUAL-SEVERE,60,8d84da411bf4ec2a,CHAMPION-RESEED,0.194,65312520.0,18.0,1195303.5,2562571.0,238341992.5,338556.5,65312538.0,11408294000.0,10707877866.0,11.408294,10.707877866,597.65175,317116416.0,302.42578125,2.4438581466674805,227.30063676834106
300,R5,LOCAL_TREE-GRADUAL-SEVERE,60,8d84da411bf4ec2a,PERSIST,0.19274999999999998,65312520.0,0.0,1213245.0,2204039.0,182204161.0,294548.0,65312520.0,10687176000.0,10034692954.0,10.687176,10.034692954,606.6225,302944256.0,288.91015625,2.101935386657715,173.76342868804932
300,R5,LOCAL_TREE-GRADUAL-SEVERE,60,8d84da411bf4ec2a,POPULATION-RESEED,0.194,65312520.0,2068.0,1187933.0,2490674.5,222321847.0,309303.0,65314588.0,11089111500.0,10431920410.0,11.0891115,10.43192041,593.9665,328734720.0,313.505859375,2.3752923011779785,212.0226354598999
301,R5,LOCAL_TREE-GRADUAL-SEVERE,61,a04a236edd28df31,CHAMPION-RESEED,0.188,65312520.0,12.0,1187899.5,2211995.0,215566918.5,309918.5,65312532.0,10359184500.0,9900719678.0,10.3591845,9.900719678,593.94975,373024768.0,355.744140625,2.109522819519043,205.5806336402893
301,R5,LOCAL_TREE-GRADUAL-SEVERE,61,a04a236edd28df31,PERSIST,0.20074999999999998,65312520.0,0.0,1206375.5,1706092.0,170758254.5,280365.5,65312520.0,9774338500.0,9347504021.5,9.7743385,9.3475040215,603.18775,367796224.0,350.7578125,1.6270561218261719,162.84776163101196
301,R5,LOCAL_TREE-GRADUAL-SEVERE,61,a04a236edd28df31,POPULATION-RESEED,0.19524999999999998,65312520.0,1763.0,1179965.5,2270491.5,209455887.0,292180.0,65314283.0,10175706500.0,9739299886.0,10.1757065,9.739299886,589.98275,380100608.0,362.4921875,2.165309429168701,199.75269985198975
302,R5,LOCAL_TREE-GRADUAL-SEVERE,62,2af5ac286d96a58a,CHAMPION-RESEED,0.19225,65312520.0,13.0,1158190.5,3078138.0,242653493.5,345600.0,65312533.0,11079042000.0,10432839037.0,11.079042,10.432839037,579.09525,381315072.0,363.650390625,2.9355411529541016,231.41240453720093
302,R5,LOCAL_TREE-GRADUAL-SEVERE,62,2af5ac286d96a58a,PERSIST,0.1935,65312520.0,0.0,1200898.0,1656472.0,171899374.0,282662.5,65312520.0,10169915000.0,9558126256.0,10.169915,9.558126256,600.449,373100544.0,355.81640625,1.5797348022460938,163.9360179901123
302,R5,LOCAL_TREE-GRADUAL-SEVERE,62,2af5ac286d96a58a,POPULATION-RESEED,0.195,65312520.0,1795.0,1198107.5,2027580.0,210452607.0,294027.0,65314315.0,10404790000.0,9825865947.5,10.40479,9.8258659475,599.05375,388958208.0,370.939453125,1.9336509704589844,200.70324611663818
303,R5,LOCAL_TREE-GRADUAL-SEVERE,63,c7cb935a6ce36a73,CHAMPION-RESEED,0.19175,65312520.0,12.0,1153792.5,2178383.5,238295942.5,340341.5,65312532.0,10997068000.0,10313278223.5,10.997068,10.3132782235,576.89625,322639872.0,307.693359375,2.0774683952331543,227.25672006607056
303,R5,LOCAL_TREE-GRADUAL-SEVERE,63,c7cb935a6ce36a73,PERSIST,0.195,65312520.0,0.0,1235577.5,1848460.0,174547003.0,286445.0,65312520.0,10104614500.0,9495936904.0,10.1046145,9.495936904,617.78875,315566080.0,300.947265625,1.7628288269042969,166.46099376678467
303,R5,LOCAL_TREE-GRADUAL-SEVERE,63,c7cb935a6ce36a73,POPULATION-RESEED,0.18375,65312520.0,1824.0,1134682.0,2432933.0,218012499.5,303708.5,65314344.0,10371972000.0,9794045416.0,10.371972,9.794045416,567.341,335347712.0,319.8125,2.320225715637207,207.91292142868042
304,R5,LOCAL_TREE-GRADUAL-SEVERE,64,b1b2006b78b35692,CHAMPION-RESEED,0.1955,65312520.0,15.0,1194185.5,2537159.0,253562913.0,360303.5,65312535.0,11245964500.0,10666387037.0,11.2459645,10.666387037,597.09275,346232832.0,330.193359375,2.419623374938965,241.81643772125244
304,R5,LOCAL_TREE-GRADUAL-SEVERE,64,b1b2006b78b35692,PERSIST,0.19075,65312520.0,0.0,1189192.0,1858802.5,185023832.5,301631.5,65312520.0,10450760500.0,9878296879.5,10.4507605,9.8782968795,594.596,322103296.0,307.181640625,1.7726922035217285,176.452476978302
304,R5,LOCAL_TREE-GRADUAL-SEVERE,64,b1b2006b78b35692,POPULATION-RESEED,0.19025,65312520.0,2032.0,1212814.5,2400511.0,225759840.0,314800.5,65314552.0,11176913500.0,10667480781.5,11.1769135,10.6674807815,606.40725,350744576.0,334.49609375,2.2893056869506836,215.30136108398438
305,R5,LOCAL_TREE-GRADUAL-SEVERE,65,db2147382ebbe173,CHAMPION-RESEED,0.18975,65312520.0,12.0,1165952.5,2364546.0,226611155.5,324819.5,65312532.0,10564566500.0,10059604957.0,10.5645665,10.059604957,582.97625,383813632.0,366.033203125,2.255006790161133,216.11323881149292
305,R5,LOCAL_TREE-GRADUAL-SEVERE,65,db2147382ebbe173,PERSIST,0.19375,65312520.0,0.0,1190102.0,1819337.5,173848457.0,284383.0,65312520.0,10058237000.0,9526041030.0,10.058237,9.52604103,595.051,367640576.0,350.609375,1.7350554466247559,165.79480838775635
305,R5,LOCAL_TREE-GRADUAL-SEVERE,65,db2147382ebbe173,POPULATION-RESEED,0.2005,65312520.0,1794.0,1160468.5,2153425.0,209116748.5,292485.0,65314314.0,10077611500.0,9626560027.0,10.0776115,9.626560027,580.23425,386670592.0,368.7578125,2.053666114807129,199.4292721748352
306,R5,LOCAL_TREE-GRADUAL-SEVERE,66,f88e9e4ce909e7af,CHAMPION-RESEED,0.19225,65312520.0,14.0,1317784.0,2159127.5,234765249.0,335352.5,65312534.0,11033117500.0,10507077210.0,11.0331175,10.50707721,658.892,401080320.0,382.5,2.0591044425964355,223.88958835601807
306,R5,LOCAL_TREE-GRADUAL-SEVERE,66,f88e9e4ce909e7af,PERSIST,0.187,65312520.0,0.0,1275868.5,2554409.0,208055725.5,334614.5,65312520.0,10985575500.0,10366666160.5,10.9855755,10.3666661605,637.93425,388956160.0,370.9375,2.4360742568969727,198.4174017906189
306,R5,LOCAL_TREE-GRADUAL-SEVERE,66,f88e9e4ce909e7af,POPULATION-RESEED,0.17875,65312520.0,1994.0,1227503.0,2516464.0,229245802.5,319740.5,65314514.0,12066098000.0,11488350768.5,12.066098,11.4883507685,613.7515,405106688.0,386.33984375,2.3998870849609375,218.6258339881897
307,R5,LOCAL_TREE-GRADUAL-SEVERE,67,5bc0f55488001a0c,CHAMPION-RESEED,0.20475,65312520.0,16.0,1120541.0,2955268.5,243319582.0,344477.5,65312536.0,11109688500.0,10536965898.0,11.1096885,10.536965898,560.2705,345567232.0,329.55859375,2.818363666534424,232.0476360321045
307,R5,LOCAL_TREE-GRADUAL-SEVERE,67,5bc0f55488001a0c,PERSIST,0.195,65312520.0,0.0,1238511.0,2104145.5,177876166.5,288584.5,65312520.0,10372025000.0,9796945481.0,10.372025,9.796945481,619.2555,316846080.0,302.16796875,2.006669521331787,169.6359314918518
307,R5,LOCAL_TREE-GRADUAL-SEVERE,67,5bc0f55488001a0c,POPULATION-RESEED,0.1955,65312519.5,2087.0,1162827.5,2409591.5,207316381.5,288330.0,65314606.5,10262256500.0,9845687689.5,10.2622565,9.8456876895,581.41375,356851712.0,340.3203125,2.2979655265808105,197.71230840682983
308,R5,LOCAL_TREE-GRADUAL-SEVERE,68,62a12321aa5f1724,CHAMPION-RESEED,0.1915,65312520.0,13.0,6263965.0,2389305.5,238013108.5,340872.5,65312533.0,11814765500.0,11277210450.5,11.8147655,11.2772104505,3131.9825,330184704.0,314.888671875,2.2786192893981934,226.9869885444641
308,R5,LOCAL_TREE-GRADUAL-SEVERE,68,62a12321aa5f1724,PERSIST,0.199,65312520.0,0.0,1182059.5,1799344.0,187164522.0,303649.0,65312520.0,10818930000.0,10248699144.5,10.81893,10.2486991445,591.02975,312076288.0,297.619140625,1.7159881591796875,178.49399757385254
308,R5,LOCAL_TREE-GRADUAL-SEVERE,68,62a12321aa5f1724,POPULATION-RESEED,0.20400000000000001,65312520.0,2000.0,1153612.5,2372143.0,231896941.5,323113.5,65314520.0,11635938000.0,11082704491.0,11.635938,11.082704491,576.80625,336459776.0,320.873046875,2.262251853942871,221.15415716171265
309,R5,LOCAL_TREE-GRADUAL-SEVERE,69,7bcfdc7f2f8e94e6,CHAMPION-RESEED,0.194,65312520.0,11.0,1118722.0,2264836.0,204958368.0,296631.0,65312531.0,10265325500.0,9789006762.0,10.2653255,9.789006762,559.361,349929472.0,333.71875,2.1599159240722656,195.46353149414062
309,R5,LOCAL_TREE-GRADUAL-SEVERE,69,7bcfdc7f2f8e94e6,PERSIST,0.19425,65312520.0,0.0,1135130.5,2387823.0,170980293.5,280350.5,65312520.0,10046210000.0,9505231582.5,10.04621,9.5052315825,567.56525,337338368.0,321.7109375,2.277205467224121,163.0595145225525
309,R5,LOCAL_TREE-GRADUAL-SEVERE,69,7bcfdc7f2f8e94e6,POPULATION-RESEED,0.19725,65312520.0,1629.0,1106595.5,2067782.5,193043892.0,272555.0,65314149.0,9918361000.0,9466291122.0,9.918361,9.466291122,553.29775,352129024.0,335.81640625,1.9719910621643066,184.10100173950195
310,R5,LOCAL_TREE-GRADUAL-SEVERE,70,4de3ad0d73cbb802,CHAMPION-RESEED,0.20525,65312520.0,18.0,1243273.5,2835763.0,252117727.5,356494.0,65312538.0,11547137500.0,10843063473.0,11.5471375,10.843063473,621.63675,338507776.0,322.826171875,2.7043943405151367,240.43820142745972
310,R5,LOCAL_TREE-GRADUAL-SEVERE,70,4de3ad0d73cbb802,PERSIST,0.2055,65312520.0,0.0,1312626.5,2497370.5,187587032.5,303810.5,65312520.0,10815775000.0,10127878885.5,10.815775,10.1278788855,656.31325,324030464.0,309.01953125,2.3816781044006348,178.8969349861145
310,R5,LOCAL_TREE-GRADUAL-SEVERE,70,4de3ad0d73cbb802,POPULATION-RESEED,0.20124999999999998,65312520.0,2374.0,1178454.0,3222992.5,232316609.0,321515.5,65314894.0,11114065500.0,10424216725.0,11.1140655,10.424216725,589.227,339429376.0,323.705078125,3.0736851692199707,221.55438327789307
311,R5,LOCAL_TREE-GRADUAL-SEVERE,71,77e77bf35231a14b,CHAMPION-RESEED,0.203,65312520.0,14.0,5281786.0,2718867.0,247472546.5,351985.5,65312534.0,11690007000.0,11107789312.0,11.690007,11.107789312,2640.893,409178112.0,390.22265625,2.5929136276245117,236.00821161270142
311,R5,LOCAL_TREE-GRADUAL-SEVERE,71,77e77bf35231a14b,PERSIST,0.203,65312520.0,0.0,1296743.0,2016583.5,198709092.5,324942.5,65312520.0,11395081500.0,10814872861.0,11.3950815,10.814872861,648.3715,397463552.0,379.05078125,1.923163890838623,189.5037579536438
311,R5,LOCAL_TREE-GRADUAL-SEVERE,71,77e77bf35231a14b,POPULATION-RESEED,0.202,65312520.0,2054.0,1244842.5,2424366.5,236608553.5,328028.0,65314574.0,11295929000.0,10733551220.0,11.295929,10.73355122,622.42125,415590400.0,396.337890625,2.312056064605713,225.64750051498413
312,R5,LOCAL_TREE-GRADUAL-SEVERE,72,525d388a17ced18c,CHAMPION-RESEED,0.21050000000000002,65312520.0,14.0,1263361.0,2287746.0,243993552.0,347718.5,65312534.0,11307409500.0,10691719459.5,11.3074095,10.6917194595,631.6805,320716800.0,305.859375,2.181764602661133,232.6903839111328
312,R5,LOCAL_TREE-GRADUAL-SEVERE,72,525d388a17ced18c,PERSIST,0.206,65312520.0,0.0,1165360.0,1839620.5,181152239.0,294506.0,65312520.0,10381517000.0,9829395127.0,10.381517,9.829395127,582.68,311484416.0,297.0546875,1.7543988227844238,172.76023769378662
312,R5,LOCAL_TREE-GRADUAL-SEVERE,72,525d388a17ced18c,POPULATION-RESEED,0.2075,65312520.0,1791.0,1148054.5,2301947.5,219219345.0,306341.5,65314311.0,10473581000.0,10006854095.5,10.473581,10.0068540955,574.02725,341946368.0,326.10546875,2.195308208465576,209.06385898590088
313,R5,LOCAL_TREE-GRADUAL-SEVERE,73,39547549773d38d5,CHAMPION-RESEED,0.203,65312520.0,17.0,1200302.0,2549627.5,248366649.5,353258.0,65312537.0,11333093000.0,10736236188.0,11.333093,10.736236188,600.151,325156864.0,310.09375,2.431514263153076,236.8608946800232
313,R5,LOCAL_TREE-GRADUAL-SEVERE,73,39547549773d38d5,PERSIST,0.20725,65312520.0,0.0,1214179.5,2022269.5,189274849.0,309140.0,65312520.0,10613691000.0,10019885729.5,10.613691,10.0198857295,607.08975,312309760.0,297.841796875,1.928586483001709,180.5065622329712
313,R5,LOCAL_TREE-GRADUAL-SEVERE,73,39547549773d38d5,POPULATION-RESEED,0.1965,65312520.0,1988.0,1254851.0,2470307.0,227884651.5,317372.0,65314508.0,10928838000.0,10320576498.5,10.928838,10.3205764985,627.4255,325156864.0,310.09375,2.355868339538574,217.327739238739
314,R5,LOCAL_TREE-GRADUAL-SEVERE,74,f0a1da9acc8c66e8,CHAMPION-RESEED,0.195,65312520.0,14.0,1458034.5,3181932.5,256598998.5,365264.0,65312534.0,11671492500.0,11057882263.0,11.6714925,11.057882263,729.01725,375896064.0,358.482421875,3.03452730178833,244.71187448501587
314,R5,LOCAL_TREE-GRADUAL-SEVERE,74,f0a1da9acc8c66e8,PERSIST,0.19524999999999998,65312520.0,0.0,1396659.5,2619679.0,224288176.5,360322.0,65312520.0,11279019500.0,10715312132.5,11.2790195,10.7153121325,698.32975,371560448.0,354.34765625,2.4983205795288086,213.89787340164185
314,R5,LOCAL_TREE-GRADUAL-SEVERE,74,f0a1da9acc8c66e8,POPULATION-RESEED,0.191,65312520.0,2239.0,1325206.5,3128094.0,262430952.5,363131.5,65314759.0,11525250000.0,10961394144.0,11.52525,10.961394144,662.60325,376385536.0,358.94921875,2.983182907104492,250.27365922927856
315,R5,LOCAL_TREE-GRADUAL-SEVERE,75,d0dea601c2d4911b,CHAMPION-RESEED,0.1855,65312520.0,12.0,5574970.5,2125605.5,213909399.0,307872.0,65312532.0,10952253500.0,10463420536.5,10.9522535,10.4634205365,2787.48525,329795584.0,314.517578125,2.0271353721618652,203.99989986419678
315,R5,LOCAL_TREE-GRADUAL-SEVERE,75,d0dea601c2d4911b,PERSIST,0.1805,65312520.0,0.0,1323729.5,1682522.0,166285408.0,274101.5,65312520.0,10662905000.0,10097368626.5,10.662905,10.0973686265,661.86475,314087424.0,299.537109375,1.6045780181884766,158.58212280273438
315,R5,LOCAL_TREE-GRADUAL-SEVERE,75,d0dea601c2d4911b,POPULATION-RESEED,0.1815,65312520.0,1778.0,1459538.0,2196685.5,208798672.0,291370.0,65314298.0,10661411000.0,10196634491.5,10.661411,10.1966344915,729.769,333965312.0,318.494140625,2.0949225425720215,199.1259307861328
316,R5,LOCAL_TREE-GRADUAL-SEVERE,76,5bc7ea1982533909,CHAMPION-RESEED,0.20925,65312520.0,14.0,1248306.5,2336522.5,241160584.0,344610.5,65312534.0,11031714500.0,10459972592.5,11.0317145,10.4599725925,624.15325,337565696.0,321.927734375,2.2282814979553223,229.98865509033203
316,R5,LOCAL_TREE-GRADUAL-SEVERE,76,5bc7ea1982533909,PERSIST,0.203,65312520.0,0.0,1269113.0,1889115.0,186222982.0,302895.5,65312520.0,10352761000.0,9780345294.5,10.352761,9.7803452945,634.5565,327462912.0,312.29296875,1.801600456237793,177.5960750579834
316,R5,LOCAL_TREE-GRADUAL-SEVERE,76,5bc7ea1982533909,POPULATION-RESEED,0.20375,65312520.0,2055.0,1182608.5,2581528.5,246241330.5,342345.5,65314575.0,11012904500.0,10493597329.0,11.0129045,10.493597329,591.30425,349700096.0,333.5,2.461937427520752,234.83403253555298
317,R5,LOCAL_TREE-GRADUAL-SEVERE,77,ba5c2f9770038c16,CHAMPION-RESEED,0.181,65312520.0,12.0,1285028.0,2713654.0,229303039.5,327991.0,65312532.0,10750879500.0,10195705409.5,10.7508795,10.1957054095,642.514,326840320.0,311.69921875,2.587942123413086,218.68041944503784
317,R5,LOCAL_TREE-GRADUAL-SEVERE,77,ba5c2f9770038c16,PERSIST,0.19174999999999998,65312520.0,0.0,1242114.5,1963837.5,175271015.0,286694.0,65312520.0,10137960500.0,9647593592.0,10.1379605,9.647593592,621.05725,316082176.0,301.439453125,1.872861385345459,167.1514654159546
317,R5,LOCAL_TREE-GRADUAL-SEVERE,77,ba5c2f9770038c16,POPULATION-RESEED,0.192,65312520.0,1791.0,1205712.0,2391941.0,216197777.0,301450.5,65314311.0,10495932500.0,10031146551.5,10.4959325,10.0311465515,602.856,335065088.0,319.54296875,2.281132698059082,206.18226718902588
318,R5,LOCAL_TREE-GRADUAL-SEVERE,78,7ae7a77795bd5b0f,CHAMPION-RESEED,0.1965,65312520.0,15.0,1233935.0,2786846.0,248126505.0,353262.5,65312535.0,11336499500.0,10756389196.5,11.3364995,10.7563891965,616.9675,334440448.0,318.947265625,2.657743453979492,236.63187503814697
318,R5,LOCAL_TREE-GRADUAL-SEVERE,78,7ae7a77795bd5b0f,PERSIST,0.1935,65312520.0,0.0,1259826.0,2998050.5,212886643.0,342081.5,65312520.0,11120253000.0,10488984119.5,11.120253,10.4889841195,629.913,327067648.0,311.916015625,2.859163761138916,203.0245237350464
318,R5,LOCAL_TREE-GRADUAL-SEVERE,78,7ae7a77795bd5b0f,POPULATION-RESEED,0.187,65312520.0,1937.0,1192553.5,2471938.5,225613048.5,314068.0,65314457.0,11042106000.0,10459356217.0,11.042106,10.459356217,596.27675,340307968.0,324.54296875,2.357424259185791,215.16136980056763
319,R5,LOCAL_TREE-GRADUAL-SEVERE,79,96f4031b0397b299,CHAMPION-RESEED,0.20124999999999998,65312520.0,14.0,1117105.5,2620469.5,225566761.0,321420.0,65312534.0,10943885000.0,10288288534.0,10.943885,10.288288534,558.55275,321249280.0,306.3671875,2.4990744590759277,215.11722660064697
319,R5,LOCAL_TREE-GRADUAL-SEVERE,79,96f4031b0397b299,PERSIST,0.202,65312520.0,0.0,1172328.5,2237221.5,168873241.5,275888.0,65312520.0,10307523000.0,9690939730.5,10.307523,9.6909397305,586.16425,307365888.0,293.126953125,2.1335806846618652,161.05007314682007
319,R5,LOCAL_TREE-GRADUAL-SEVERE,79,96f4031b0397b299,POPULATION-RESEED,0.20400000000000001,65312520.0,2087.0,1131319.0,2903595.5,209349459.5,290864.5,65314607.0,10612622000.0,9958008872.5,10.612622,9.9580088725,565.6595,322592768.0,307.6484375,2.7690844535827637,199.65120267868042
320,R5,LOCAL_TREE-RECURRENT-MILD,0,89af370fa0768174,CHAMPION-RESEED,0.14325,65312520.0,16.0,1154912.5,2162172.5,246824972.0,355402.5,65312536.0,11151924000.0,10591455650.5,11.151924,10.5914556505,577.45625,324798464.0,309.751953125,2.0620083808898926,235.3906364440918
320,R5,LOCAL_TREE-RECURRENT-MILD,0,89af370fa0768174,PERSIST,0.14575,65312520.0,0.0,6109915.5,1792965.5,193327974.0,313297.0,65312520.0,10534024500.0,9974259243.5,10.5340245,9.9742592435,3054.95775,315897856.0,301.263671875,1.7099051475524902,184.37192344665527
320,R5,LOCAL_TREE-RECURRENT-MILD,0,89af370fa0768174,POPULATION-RESEED,0.153,65312520.0,2024.0,1192069.5,2253104.0,235595677.5,332818.5,65314544.0,11256234500.0,10635128702.5,11.2562345,10.6351287025,596.03475,326432768.0,311.310546875,2.1487274169921875,224.68154668807983
321,R5,LOCAL_TREE-RECURRENT-MILD,1,8dfe4b2b6b0791d6,CHAMPION-RESEED,0.1335,65312520.0,13.0,1318482.5,3101172.5,278221314.5,399203.0,65312533.0,11799239500.0,11241779065.5,11.7992395,11.2417790655,659.24125,406458368.0,387.62890625,2.9575085639953613,265.3325219154358
321,R5,LOCAL_TREE-RECURRENT-MILD,1,8dfe4b2b6b0791d6,PERSIST,0.1405,65312520.0,0.0,1281009.0,1721086.5,185243653.5,302615.5,65312520.0,10654687500.0,10115899231.0,10.6546875,10.115899231,640.5045,393340928.0,375.119140625,1.6413559913635254,176.66211462020874
321,R5,LOCAL_TREE-RECURRENT-MILD,1,8dfe4b2b6b0791d6,POPULATION-RESEED,0.13474999999999998,65312520.0,1910.0,1269733.5,2102371.0,220579156.0,312670.0,65314430.0,10583267500.0,10184423890.0,10.5832675,10.18442389,634.86675,413986816.0,394.80859375,2.004977226257324,210.36067581176758
322,R5,LOCAL_TREE-RECURRENT-MILD,2,8577045392dd3ce8,CHAMPION-RESEED,0.13724999999999998,65312520.0,11.0,1180359.0,1793015.0,212384958.5,309993.5,65312531.0,10430072000.0,9935844187.5,10.430072,9.9358441875,590.1795,331134976.0,315.794921875,1.7099523544311523,202.54608011245728
322,R5,LOCAL_TREE-RECURRENT-MILD,2,8577045392dd3ce8,PERSIST,0.1405,65312520.0,0.0,1218038.5,1553518.5,166855301.5,275428.0,65312520.0,9875053000.0,9417676932.5,9.875053,9.4176769325,609.01925,320544768.0,305.6953125,1.481550693511963,159.12561559677124
322,R5,LOCAL_TREE-RECURRENT-MILD,2,8577045392dd3ce8,POPULATION-RESEED,0.13574999999999998,65312520.0,1609.0,1119440.5,1707309.0,196341643.5,280929.0,65314129.0,9940905500.0,9601227686.5,9.9409055,9.6012276865,559.72025,333977600.0,318.505859375,1.6282167434692383,187.24598264694214
323,R5,LOCAL_TREE-RECURRENT-MILD,3,72d8a10a1588dfdd,CHAMPION-RESEED,0.13775,65312520.0,16.0,1289311.0,1703661.0,215723087.5,313147.5,65312536.0,10490595000.0,10067018046.0,10.490595,10.067018046,644.6555,374104064.0,356.7734375,1.6247377395629883,205.72956800460815
323,R5,LOCAL_TREE-RECURRENT-MILD,3,72d8a10a1588dfdd,PERSIST,0.13924999999999998,65312520.0,0.0,1240931.0,1554924.0,184357290.5,301179.0,65312520.0,10405739000.0,9933196212.0,10.405739,9.933196212,620.4655,365361152.0,348.435546875,1.4828910827636719,175.81681299209595
323,R5,LOCAL_TREE-RECURRENT-MILD,3,72d8a10a1588dfdd,POPULATION-RESEED,0.13974999999999999,65312520.0,2563.0,1204116.0,1816927.5,214508307.5,304272.0,65315083.0,10383019500.0,9974142004.5,10.3830195,9.9741420045,602.058,391677952.0,373.533203125,1.7327570915222168,204.57106351852417
324,R5,LOCAL_TREE-RECURRENT-MILD,4,86271f7ef86557fd,CHAMPION-RESEED,0.1315,65312520.0,17.0,1190332.5,2010745.0,230211942.0,332523.5,65312537.0,10813804500.0,10273172994.0,10.8138045,10.273172994,595.16625,322357248.0,307.423828125,1.9175958633422852,219.54721641540527
324,R5,LOCAL_TREE-RECURRENT-MILD,4,86271f7ef86557fd,PERSIST,0.13424999999999998,65312520.0,0.0,1301651.5,1511823.5,181853016.5,297140.5,65312520.0,10529105000.0,9979447934.5,10.529105,9.9794479345,650.82575,309952512.0,295.59375,1.4417872428894043,173.428551197052
324,R5,LOCAL_TREE-RECURRENT-MILD,4,86271f7ef86557fd,POPULATION-RESEED,0.13174999999999998,65312520.0,2399.0,1211239.0,1700136.0,208446272.5,296351.5,65314919.0,10316885500.0,9809341201.0,10.3168855,9.809341201,605.6195,339191808.0,323.478515625,1.6213760375976562,198.7898564338684
325,R5,LOCAL_TREE-RECURRENT-MILD,5,6cf05bfa27a16c99,CHAMPION-RESEED,0.13474999999999998,65312520.0,14.0,1237739.0,1570001.0,206508652.5,301053.0,65312534.0,10235021500.0,9774914142.5,10.2350215,9.7749141425,618.8695,333445120.0,317.998046875,1.497269630432129,196.94199800491333
325,R5,LOCAL_TREE-RECURRENT-MILD,5,6cf05bfa27a16c99,PERSIST,0.1385,65312520.0,0.0,1246735.0,1588466.0,181431488.5,297639.0,65312520.0,10356439000.0,9755950879.5,10.356439,9.7559508795,623.3675,318175232.0,303.435546875,1.5148792266845703,173.0265507698059
325,R5,LOCAL_TREE-RECURRENT-MILD,5,6cf05bfa27a16c99,POPULATION-RESEED,0.13974999999999999,65312520.0,2073.0,1169999.5,1672791.0,200804216.5,286390.0,65314593.0,10066631000.0,9625837359.0,10.066631,9.625837359,584.99975,341637120.0,325.810546875,1.5952978134155273,191.50182390213013
326,R5,LOCAL_TREE-RECURRENT-MILD,6,a0ebc53bff8ca909,CHAMPION-RESEED,0.128,65312520.0,13.0,1314114.5,2100312.0,238013478.5,342995.5,65312533.0,11351113000.0,10769282502.0,11.351113,10.769282502,657.05725,347340800.0,331.25,2.0030136108398438,226.98734140396118
326,R5,LOCAL_TREE-RECURRENT-MILD,6,a0ebc53bff8ca909,PERSIST,0.133,65312520.0,0.0,1270574.5,1547559.5,182509721.0,298028.0,65312520.0,10593093000.0,10035021053.0,10.593093,10.035021053,635.28725,331851776.0,316.478515625,1.475867748260498,174.0548334121704
326,R5,LOCAL_TREE-RECURRENT-MILD,6,a0ebc53bff8ca909,POPULATION-RESEED,0.13075,65312520.0,2170.0,1173444.5,2456358.0,231275218.5,325072.5,65314690.0,11155864000.0,10593461276.0,11.155864,10.593461276,586.72225,388530176.0,370.53125,2.3425655364990234,220.5612359046936
327,R5,LOCAL_TREE-RECURRENT-MILD,7,27bf80120ba73035,CHAMPION-RESEED,0.14250000000000002,65312520.0,13.0,1160397.5,1766169.5,218503664.5,317367.0,65312533.0,10354823000.0,9917315762.0,10.354823,9.917315762,580.19875,396457984.0,378.091796875,1.6843504905700684,208.3813328742981
327,R5,LOCAL_TREE-RECURRENT-MILD,7,27bf80120ba73035,PERSIST,0.14425,65312520.0,0.0,1168811.5,1589781.5,178594373.5,291558.5,65312520.0,9938181500.0,9505058359.5,9.9381815,9.5050583595,584.40575,390555648.0,372.462890625,1.5161337852478027,170.320867061615
327,R5,LOCAL_TREE-RECURRENT-MILD,7,27bf80120ba73035,POPULATION-RESEED,0.13474999999999998,65312520.0,2038.0,1147947.0,2500596.0,265404544.0,372917.0,65314558.0,11369792500.0,10837817826.5,11.3697925,10.8378178265,573.9735,398774272.0,380.30078125,2.384754180908203,253.1094970703125
328,R5,LOCAL_TREE-RECURRENT-MILD,8,100b432f82722f76,CHAMPION-RESEED,0.13275,65312520.0,19.0,7920121.5,2141132.5,247236010.0,354442.0,65312539.0,12486588000.0,11726125477.5,12.486588,11.7261254775,3960.06075,297089024.0,283.326171875,2.041943073272705,235.7826328277588
328,R5,LOCAL_TREE-RECURRENT-MILD,8,100b432f82722f76,PERSIST,0.1235,65312520.0,0.0,1412930.5,1712021.5,198857635.0,323809.0,65312520.0,11690189000.0,11010966989.5,11.690189,11.0109669895,706.46525,286967808.0,273.673828125,1.6327109336853027,189.64541912078857
328,R5,LOCAL_TREE-RECURRENT-MILD,8,100b432f82722f76,POPULATION-RESEED,0.1305,65312520.0,2081.0,1290316.5,1734224.5,217942856.0,308207.0,65314601.0,11631390500.0,10956204786.0,11.6313905,10.956204786,645.15825,305940480.0,291.767578125,1.6538853645324707,207.84650421142578
329,R5,LOCAL_TREE-RECURRENT-MILD,9,0bba394adf423295,CHAMPION-RESEED,0.13824999999999998,65312520.0,14.0,1206069.0,2075527.5,226658028.5,328577.5,65312534.0,11208558500.0,10622939648.5,11.2085585,10.6229396485,603.0345,359241728.0,342.599609375,1.979377269744873,216.15794038772583
329,R5,LOCAL_TREE-RECURRENT-MILD,9,0bba394adf423295,PERSIST,0.1395,65312520.0,0.0,1304261.5,1794437.0,174897996.0,286907.0,65312520.0,10400472500.0,9873659386.0,10.4004725,9.873659386,652.13075,347553792.0,331.453125,1.711308479309082,166.79572677612305
329,R5,LOCAL_TREE-RECURRENT-MILD,9,0bba394adf423295,POPULATION-RESEED,0.13824999999999998,65312520.0,1650.0,1247199.0,2805396.5,216129833.0,306288.0,65314170.0,10781261000.0,10283175993.5,10.781261,10.2831759935,623.5995,362029056.0,345.2578125,2.6754345893859863,206.11747074127197
330,R5,LOCAL_TREE-RECURRENT-MILD,10,dedba40f909d3b91,CHAMPION-RESEED,0.1345,65312520.0,14.0,1226845.0,1867101.5,216979621.5,312335.5,65312534.0,10509565000.0,9986165806.5,10.509565,9.9861658065,613.4225,330645504.0,315.328125,1.780606746673584,206.92789220809937
330,R5,LOCAL_TREE-RECURRENT-MILD,10,dedba40f909d3b91,PERSIST,0.136,65312520.0,0.0,1267861.0,2060330.5,197668067.0,316429.5,65312520.0,10657487500.0,10089754304.0,10.6574875,10.089754304,633.9305,324634624.0,309.595703125,1.9648842811584473,188.51095867156982
330,R5,LOCAL_TREE-RECURRENT-MILD,10,dedba40f909d3b91,POPULATION-RESEED,0.137,65312520.0,1931.0,1162486.0,2533217.0,262990728.5,365289.0,65314451.0,11583329500.0,10910563175.0,11.5833295,10.910563175,581.243,331071488.0,315.734375,2.4158639907836914,250.8075032234192
331,R5,LOCAL_TREE-RECURRENT-MILD,11,1729de6f37eb3b65,CHAMPION-RESEED,0.1305,65312520.0,16.0,5289788.0,1696898.0,232626474.5,332930.5,65312536.0,10933597500.0,10381881921.5,10.9335975,10.3818819215,2644.894,398911488.0,380.431640625,1.6182880401611328,221.84989404678345
331,R5,LOCAL_TREE-RECURRENT-MILD,11,1729de6f37eb3b65,PERSIST,0.13275,65312520.0,0.0,1247476.5,1552980.0,175731541.5,286378.5,65312520.0,10321746500.0,9777638571.0,10.3217465,9.777638571,623.73825,386289664.0,368.39453125,1.4810371398925781,167.59065771102905
331,R5,LOCAL_TREE-RECURRENT-MILD,11,1729de6f37eb3b65,POPULATION-RESEED,0.14350000000000002,65312520.0,2095.0,1217792.0,1921417.0,218183252.0,306929.0,65314615.0,10538720500.0,10047133179.0,10.5387205,10.047133179,608.896,414734336.0,395.521484375,1.8324060440063477,208.07576370239258
332,R5,LOCAL_TREE-RECURRENT-MILD,12,9c92ed4683b6b9de,CHAMPION-RESEED,0.1275,65312520.0,13.0,1299291.0,2264876.5,242134275.5,346258.0,65312533.0,11324302000.0,10801972563.0,11.324302,10.801972563,649.6455,384892928.0,367.0625,2.15995454788208,230.9172396659851
332,R5,LOCAL_TREE-RECURRENT-MILD,12,9c92ed4683b6b9de,PERSIST,0.14450000000000002,65312520.0,0.0,1245847.5,1631400.0,200178726.0,320510.0,65312520.0,10570723000.0,10066926485.0,10.570723,10.066926485,622.92375,372334592.0,355.0859375,1.5558242797851562,190.90530967712402
332,R5,LOCAL_TREE-RECURRENT-MILD,12,9c92ed4683b6b9de,POPULATION-RESEED,0.14250000000000002,65312520.0,1979.0,1216798.5,1941098.0,215429091.0,303894.5,65314499.0,10449135500.0,9935062604.0,10.4491355,9.935062604,608.39925,384892928.0,367.0625,1.851175308227539,205.44919109344482
333,R5,LOCAL_TREE-RECURRENT-MILD,13,ca9a82757d5b18d5,CHAMPION-RESEED,0.13624999999999998,65312520.0,14.0,1279890.0,2169934.0,243061671.5,347712.0,65312534.0,11147517500.0,10563196452.0,11.1475175,10.563196452,639.945,338876416.0,323.177734375,2.0694103240966797,231.801673412323
333,R5,LOCAL_TREE-RECURRENT-MILD,13,ca9a82757d5b18d5,PERSIST,0.14675,65312520.0,0.0,1258196.5,1614843.5,178653677.5,289239.5,65312520.0,10196253000.0,9668048524.5,10.196253,9.6680485245,629.09825,324278272.0,309.255859375,1.5400347709655762,170.37742376327515
333,R5,LOCAL_TREE-RECURRENT-MILD,13,ca9a82757d5b18d5,POPULATION-RESEED,0.14650000000000002,65312520.0,1908.0,1192256.0,1890708.5,210411178.5,296403.5,65314428.0,10398771500.0,9899311479.0,10.3987715,9.899311479,596.128,351076352.0,334.8125,1.8031201362609863,200.66373682022095
334,R5,LOCAL_TREE-RECURRENT-MILD,14,2fc0b2d2dee2f2cd,CHAMPION-RESEED,0.136,65312520.0,13.0,1204943.0,1907861.0,235460861.5,337866.0,65312533.0,11101041500.0,10566365364.5,11.1010415,10.5663653645,602.4715,396455936.0,378.08984375,1.8194780349731445,224.5529761314392
334,R5,LOCAL_TREE-RECURRENT-MILD,14,2fc0b2d2dee2f2cd,PERSIST,0.134,65312520.0,0.0,1224326.5,2168725.5,209562080.0,334294.0,65312520.0,10958984000.0,10348413544.0,10.958984,10.348413544,612.16325,383272960.0,365.517578125,2.0682578086853027,199.85397338867188
334,R5,LOCAL_TREE-RECURRENT-MILD,14,2fc0b2d2dee2f2cd,POPULATION-RESEED,0.134,65312520.0,2013.0,1245551.0,2322855.5,244402529.0,342207.0,65314533.0,10938793500.0,10488762927.5,10.9387935,10.4887629275,622.7755,398422016.0,379.96484375,2.215247631072998,233.0804147720337
335,R5,LOCAL_TREE-RECURRENT-MILD,15,ee688ee2066700eb,CHAMPION-RESEED,0.15475,65312520.0,15.0,1093054.0,1607133.0,220058510.5,316946.0,65312535.0,10655701000.0,10161495675.5,10.655701,10.1614956755,546.527,382853120.0,365.1171875,1.5326814651489258,209.8641495704651
335,R5,LOCAL_TREE-RECURRENT-MILD,15,ee688ee2066700eb,PERSIST,0.14725,65312520.0,0.0,1140744.0,2034964.5,203518481.5,324905.0,65312520.0,10800313500.0,10295687147.5,10.8003135,10.2956871475,570.372,379375616.0,361.80078125,1.9406933784484863,194.09034872055054
335,R5,LOCAL_TREE-RECURRENT-MILD,15,ee688ee2066700eb,POPULATION-RESEED,0.154,65312520.0,2023.0,1164885.5,1899618.0,213656383.0,300384.5,65314543.0,10337177000.0,9915818462.5,10.337177,9.9158184625,582.44275,387602432.0,369.646484375,1.8116168975830078,203.75860500335693
336,R5,LOCAL_TREE-RECURRENT-MILD,16,95eb153a34ee6500,CHAMPION-RESEED,0.14300000000000002,65312520.0,13.0,6176959.0,2274453.5,249609104.5,356247.5,65312533.0,11199839000.0,10632274385.5,11.199839,10.6322743855,3088.4795,337043456.0,321.4296875,2.1690878868103027,238.04579210281372
336,R5,LOCAL_TREE-RECURRENT-MILD,16,95eb153a34ee6500,PERSIST,0.14400000000000002,65312520.0,0.0,1202510.0,1653272.0,187961520.5,301675.0,65312520.0,10616447500.0,9985482947.5,10.6164475,9.9854829475,601.255,325255168.0,310.1875,1.5766830444335938,179.25407457351685
336,R5,LOCAL_TREE-RECURRENT-MILD,16,95eb153a34ee6500,POPULATION-RESEED,0.1385,65312520.0,1899.0,1172507.5,2184126.5,235998209.5,329889.5,65314419.0,10958340000.0,10438204190.0,10.95834,10.43820419,586.25375,342646784.0,326.7734375,2.0829453468322754,225.06543111801147
337,R5,LOCAL_TREE-RECURRENT-MILD,17,f160fa8e830678bb,CHAMPION-RESEED,0.14350000000000002,65312520.0,15.0,1181722.5,1858327.5,217642879.0,313725.0,65312535.0,10511005000.0,10095290625.0,10.511005,10.095290625,590.86125,418566144.0,399.17578125,1.7722392082214355,207.56042385101318
337,R5,LOCAL_TREE-RECURRENT-MILD,17,f160fa8e830678bb,PERSIST,0.14625,65312520.0,0.0,1193663.0,1637161.0,190518598.5,304862.5,65312520.0,10475544500.0,9981218314.5,10.4755445,9.9812183145,596.8315,411353088.0,392.296875,1.5613183975219727,181.6926941871643
337,R5,LOCAL_TREE-RECURRENT-MILD,17,f160fa8e830678bb,POPULATION-RESEED,0.1385,65312520.0,1903.0,9296525.0,2523382.5,244209060.0,341364.5,65314423.0,11190213500.0,10728646525.0,11.1902135,10.728646525,4648.2625,430958592.0,410.994140625,2.406485080718994,232.8959083557129
338,R5,LOCAL_TREE-RECURRENT-MILD,18,ad23a18a6d1cc3c1,CHAMPION-RESEED,0.137,65312520.0,14.0,1229127.5,1580680.0,219703481.0,316167.0,65312534.0,10697128500.0,10279308505.0,10.6971285,10.279308505,614.56375,398415872.0,379.958984375,1.5074539184570312,209.52556705474854
338,R5,LOCAL_TREE-RECURRENT-MILD,18,ad23a18a6d1cc3c1,PERSIST,0.134,65312520.0,0.0,1158100.5,1686376.0,174729383.5,283894.0,65312520.0,10292477500.0,9798977682.5,10.2924775,9.7989776825,579.05025,388452352.0,370.45703125,1.6082534790039062,166.634925365448
338,R5,LOCAL_TREE-RECURRENT-MILD,18,ad23a18a6d1cc3c1,POPULATION-RESEED,0.14325,65312520.0,1854.0,1174816.0,1933122.5,199608126.0,282224.0,65314374.0,10063421500.0,9676676949.5,10.0634215,9.6766769495,587.408,409348096.0,390.384765625,1.843569278717041,190.36114311218262
339,R5,LOCAL_TREE-RECURRENT-MILD,19,329c5be337aa9979,CHAMPION-RESEED,0.13524999999999998,65312520.0,15.0,1146843.0,1660133.0,223964072.5,321868.0,65312535.0,10782163500.0,10314164688.0,10.7821635,10.314164688,573.4215,345036800.0,329.052734375,1.583226203918457,213.58878374099731
339,R5,LOCAL_TREE-RECURRENT-MILD,19,329c5be337aa9979,PERSIST,0.138,65312520.0,0.0,1312545.0,1814650.5,195193582.5,313798.0,65312520.0,10652223500.0,10129763726.5,10.6522235,10.1297637265,656.2725,333395968.0,317.951171875,1.7305855751037598,186.15110635757446
339,R5,LOCAL_TREE-RECURRENT-MILD,19,329c5be337aa9979,POPULATION-RESEED,0.13524999999999998,65312520.0,2152.0,1133319.0,2101639.5,235065593.5,328549.0,65314672.0,10889237000.0,10355071826.0,10.889237,10.355071826,566.6595,345036800.0,329.052734375,2.004279613494873,224.17601919174194
340,R5,LOCAL_TREE-RECURRENT-MILD,20,f9139b926fe70f09,CHAMPION-RESEED,0.14,65312520.0,13.0,1316420.0,2916182.5,276711309.0,392462.5,65312533.0,13533342500.0,12785401139.0,13.5333425,12.785401139,658.21,326938624.0,311.79296875,2.781088352203369,263.8924684524536
340,R5,LOCAL_TREE-RECURRENT-MILD,20,f9139b926fe70f09,PERSIST,0.15425,65312520.0,0.0,1300453.0,1747789.0,184587948.0,298622.0,65312520.0,11327376500.0,10709235645.0,11.3273765,10.709235645,650.2265,311156736.0,296.7421875,1.6668214797973633,176.03678512573242
340,R5,LOCAL_TREE-RECURRENT-MILD,20,f9139b926fe70f09,POPULATION-RESEED,0.14600000000000002,65312520.0,1913.0,1240220.0,2165037.5,230090683.5,322061.0,65314433.0,11732030500.0,11128640301.0,11.7320305,11.128640301,620.11,334657536.0,319.154296875,2.0647406578063965,219.43157529830933
341,R5,LOCAL_TREE-RECURRENT-MILD,21,f2d2032056a616a0,CHAMPION-RESEED,0.1365,65312520.0,15.0,1309245.0,2121623.0,235246424.5,336774.5,65312535.0,11557120000.0,10937496599.5,11.55712,10.9374965995,654.6225,352647168.0,336.310546875,2.0233373641967773,224.348473072052
341,R5,LOCAL_TREE-RECURRENT-MILD,21,f2d2032056a616a0,PERSIST,0.14125,65312520.0,0.0,1273386.5,2029596.0,209971169.5,335456.5,65312520.0,11601113000.0,10943625456.5,11.601113,10.9436254565,636.69325,326266880.0,311.15234375,1.9355735778808594,200.24411153793335
341,R5,LOCAL_TREE-RECURRENT-MILD,21,f2d2032056a616a0,POPULATION-RESEED,0.13724999999999998,65312520.0,2167.0,1167871.5,2136726.0,220343653.5,308953.0,65314687.0,11117694500.0,10607119219.0,11.1176945,10.607119219,583.93575,359415808.0,342.765625,2.037740707397461,210.13608312606812
342,R5,LOCAL_TREE-RECURRENT-MILD,22,52f7f763cfb0aea4,CHAMPION-RESEED,0.14450000000000002,65312520.0,16.0,1175761.0,2048306.0,236731050.0,339095.0,65312536.0,11204437000.0,10696448327.5,11.204437,10.6964483275,587.8805,324847616.0,309.798828125,1.9534168243408203,225.7643222808838
342,R5,LOCAL_TREE-RECURRENT-MILD,22,52f7f763cfb0aea4,PERSIST,0.14975,65312520.0,0.0,1247018.5,2166374.0,197272573.0,316792.0,65312520.0,10666338000.0,10183554182.0,10.666338,10.183554182,623.50925,318916608.0,304.142578125,2.0660152435302734,188.13378620147705
342,R5,LOCAL_TREE-RECURRENT-MILD,22,52f7f763cfb0aea4,POPULATION-RESEED,0.1405,65312520.0,2059.0,1134570.5,2135796.0,232471832.0,324953.5,65314579.0,10845854500.0,10358875059.5,10.8458545,10.3588750595,567.28525,326094848.0,310.98828125,2.036853790283203,221.7024154663086
343,R5,LOCAL_TREE-RECURRENT-MILD,23,a5ea7ae1113f4041,CHAMPION-RESEED,0.14024999999999999,65312520.0,15.0,1215643.5,1635110.5,222570029.5,319059.5,65312535.0,10652413500.0,10134516709.5,10.6524135,10.1345167095,607.82175,387696640.0,369.736328125,1.5593628883361816,212.2593207359314
343,R5,LOCAL_TREE-RECURRENT-MILD,23,a5ea7ae1113f4041,PERSIST,0.1385,65312520.0,0.0,1240139.0,1383038.0,160023251.5,263262.5,65312520.0,9935576000.0,9459899706.0,9.935576,9.459899706,620.0695,380954624.0,363.306640625,1.3189678192138672,152.61006498336792
343,R5,LOCAL_TREE-RECURRENT-MILD,23,a5ea7ae1113f4041,POPULATION-RESEED,0.13075,65312520.0,1783.0,1194336.0,1917710.5,201894381.5,284652.5,65314303.0,10083280500.0,9662829355.5,10.0832805,9.6628293555,597.168,398481408.0,380.021484375,1.828871250152588,192.54148626327515
344,R5,LOCAL_TREE-RECURRENT-MILD,24,c1d0a81711329b52,CHAMPION-RESEED,0.14950000000000002,65312520.0,15.0,1155487.0,2220510.0,242564503.0,345703.5,65312535.0,11120651500.0,10653801614.0,11.1206515,10.653801614,577.7435,382703616.0,364.974609375,2.117643356323242,231.32753658294678
344,R5,LOCAL_TREE-RECURRENT-MILD,24,c1d0a81711329b52,PERSIST,0.14950000000000002,65312520.0,0.0,1181928.5,2017100.5,203965459.5,326130.0,65312520.0,10845400500.0,10309253474.0,10.8454005,10.309253474,590.96425,367077376.0,350.072265625,1.923656940460205,194.51662015914917
344,R5,LOCAL_TREE-RECURRENT-MILD,24,c1d0a81711329b52,POPULATION-RESEED,0.1535,65312520.0,2202.0,1176504.5,2637123.5,253363937.0,350735.5,65314722.0,11563397000.0,10987799852.5,11.563397,10.9877998525,588.25225,385619968.0,367.755859375,2.5149569511413574,241.6266794204712
345,R5,LOCAL_TREE-RECURRENT-MILD,25,4fa1378800f6aa78,CHAMPION-RESEED,0.1345,65312520.0,13.0,1227640.5,1906625.5,216499179.0,310929.5,65312533.0,11197330500.0,10562785217.5,11.1973305,10.5627852175,613.82025,329398272.0,314.138671875,1.8182997703552246,206.46970653533936
345,R5,LOCAL_TREE-RECURRENT-MILD,25,4fa1378800f6aa78,PERSIST,0.13924999999999998,65312520.0,0.0,1328010.5,1805464.5,190046599.5,305669.5,65312520.0,11053279500.0,10449424945.0,11.0532795,10.449424945,664.00525,324147200.0,309.130859375,1.721825122833252,181.24256086349487
345,R5,LOCAL_TREE-RECURRENT-MILD,25,4fa1378800f6aa78,POPULATION-RESEED,0.1405,65312520.0,1942.0,1196381.0,1934232.5,221031589.0,308840.0,65314462.0,11362657000.0,10671057964.5,11.362657,10.6710579645,598.1905,330694656.0,315.375,1.844627857208252,210.7921495437622
346,R5,LOCAL_TREE-RECURRENT-MILD,26,4f11f168baba6009,CHAMPION-RESEED,0.14425,65312520.0,16.0,1259162.0,2056599.0,247705338.0,353037.5,65312536.0,11887902500.0,11205119745.0,11.8879025,11.205119745,629.581,392130560.0,373.96484375,1.9613256454467773,236.2302188873291
346,R5,LOCAL_TREE-RECURRENT-MILD,26,4f11f168baba6009,PERSIST,0.13874999999999998,65312520.0,0.0,1297787.5,1545431.0,196092215.5,314495.5,65312520.0,11300217000.0,10640725542.5,11.300217,10.6407255425,648.89375,379250688.0,361.681640625,1.4738378524780273,187.00810956954956
346,R5,LOCAL_TREE-RECURRENT-MILD,26,4f11f168baba6009,POPULATION-RESEED,0.13824999999999998,65312520.0,2302.0,1215283.0,1927139.5,253567087.5,353179.5,65314822.0,11934347500.0,11284788862.5,11.9343475,11.2847888625,607.6415,398239744.0,379.791015625,1.8378634452819824,241.82041883468628
347,R5,LOCAL_TREE-RECURRENT-MILD,27,fb601bcfefd66aa8,CHAMPION-RESEED,0.1355,65312520.0,13.0,1182886.0,1682344.0,210768282.5,304584.5,65312533.0,10936324000.0,10436584239.5,10.936324,10.4365842395,591.443,377716736.0,360.21875,1.6044082641601562,201.00429773330688
347,R5,LOCAL_TREE-RECURRENT-MILD,27,fb601bcfefd66aa8,PERSIST,0.1375,65312520.0,0.0,1260782.0,1488813.5,167664310.0,274813.0,65312520.0,10167438500.0,9760535902.0,10.1674385,9.760535902,630.391,370796544.0,353.619140625,1.4198431968688965,159.8971462249756
347,R5,LOCAL_TREE-RECURRENT-MILD,27,fb601bcfefd66aa8,POPULATION-RESEED,0.14024999999999999,65312520.0,1789.0,1171128.0,1840112.0,202498838.5,285445.0,65314309.0,10324781500.0,9898560421.0,10.3247815,9.898560421,585.564,380397568.0,362.775390625,1.7548675537109375,193.11794137954712
348,R5,LOCAL_TREE-RECURRENT-MILD,28,7ef112bd5c022945,CHAMPION-RESEED,0.125,65312520.0,12.0,1326767.0,1960096.5,223091401.0,320403.5,65312532.0,10944021500.0,10378523670.5,10.9440215,10.3785236705,663.3835,393592832.0,375.359375,1.8692936897277832,212.7565393447876
348,R5,LOCAL_TREE-RECURRENT-MILD,28,7ef112bd5c022945,PERSIST,0.14150000000000001,65312520.0,0.0,1320811.0,1562450.5,178345311.5,289921.0,65312520.0,10618657500.0,10034606527.5,10.6186575,10.0346065275,660.4055,389246976.0,371.21484375,1.4900689125061035,170.08334302902222
348,R5,LOCAL_TREE-RECURRENT-MILD,28,7ef112bd5c022945,POPULATION-RESEED,0.1365,65312520.0,1923.0,1248431.5,2058245.5,223749639.0,312609.5,65314443.0,10856606000.0,10324802839.5,10.856606,10.3248028395,624.21575,401592320.0,382.98828125,1.9628958702087402,213.38428401947021
349,R5,LOCAL_TREE-RECURRENT-MILD,29,f08be1aab4f2f196,CHAMPION-RESEED,0.13624999999999998,65312520.0,11.0,1200902.0,1293578.0,175357114.0,258384.5,65312531.0,9638067500.0,9285754824.0,9.6380675,9.285754824,600.451,310059008.0,295.6953125,1.233652114868164,167.23357582092285
349,R5,LOCAL_TREE-RECURRENT-MILD,29,f08be1aab4f2f196,PERSIST,0.137,65312520.0,0.0,1299150.0,1303330.5,155014115.0,255200.0,65312520.0,9706357000.0,9230841826.5,9.706357,9.2308418265,649.575,301791232.0,287.810546875,1.242952823638916,147.83298015594482
349,R5,LOCAL_TREE-RECURRENT-MILD,29,f08be1aab4f2f196,POPULATION-RESEED,0.13475,65312520.0,1768.0,1147378.0,1668510.0,188760486.5,269381.0,65314288.0,9946822000.0,9550525530.5,9.946822,9.5505255305,573.689,316903424.0,302.22265625,1.5912151336669922,180.01602792739868
350,R5,LOCAL_TREE-RECURRENT-MILD,30,4ff4e88d34b7e77c,CHAMPION-RESEED,0.14725,65312520.0,12.0,1141293.5,1832611.0,217784416.0,313411.5,65312532.0,10439598500.0,10011400447.0,10.4395985,10.011400447,570.64675,291901440.0,278.37890625,1.7477140426635742,207.69540405273438
350,R5,LOCAL_TREE-RECURRENT-MILD,30,4ff4e88d34b7e77c,PERSIST,0.14600000000000002,65312520.0,0.0,1135270.0,1893194.0,184952598.5,299193.0,65312520.0,10186730500.0,9730490198.5,10.1867305,9.7304901985,567.635,286420992.0,273.15234375,1.805490493774414,176.38454294204712
350,R5,LOCAL_TREE-RECURRENT-MILD,30,4ff4e88d34b7e77c,POPULATION-RESEED,0.14625,65312520.0,1782.0,1154561.5,1825782.5,196365439.0,277256.0,65314302.0,9979270000.0,9558275393.5,9.97927,9.5582753935,577.28075,293515264.0,279.91796875,1.7412018775939941,187.26867580413818
351,R5,LOCAL_TREE-RECURRENT-MILD,31,04366ff3fcfa859c,CHAMPION-RESEED,0.13675,65312520.0,11.0,1207415.0,1824384.5,212961659.0,307998.0,65312531.0,10755583500.0,10284812595.5,10.7555835,10.2848125955,603.7075,311265280.0,296.845703125,1.7398686408996582,203.09606456756592
351,R5,LOCAL_TREE-RECURRENT-MILD,31,04366ff3fcfa859c,PERSIST,0.13425,65312520.0,0.0,1186169.0,1685859.5,172228130.0,280703.0,65312520.0,10074099000.0,9656413200.0,10.074099,9.6564132,593.0845,305743872.0,291.580078125,1.6077609062194824,164.24954414367676
351,R5,LOCAL_TREE-RECURRENT-MILD,31,04366ff3fcfa859c,POPULATION-RESEED,0.1355,65312520.0,1600.0,1158762.5,1999097.5,220571027.5,309825.5,65314120.0,10567074500.0,10124564116.5,10.5670745,10.1245641165,579.38125,312047616.0,297.591796875,1.9064879417419434,210.35292387008667
352,R5,LOCAL_TREE-RECURRENT-MILD,32,e840c321d80c9555,CHAMPION-RESEED,0.14250000000000002,65312520.0,15.0,5963854.5,2223048.5,231949880.5,332835.0,65312535.0,10772169500.0,10271588961.0,10.7721695,10.271588961,2981.92725,376907776.0,359.447265625,2.1200642585754395,221.20464372634888
352,R5,LOCAL_TREE-RECURRENT-MILD,32,e840c321d80c9555,PERSIST,0.14150000000000001,65312520.0,0.0,1245508.0,1660896.0,180447068.5,290843.5,65312520.0,10206254500.0,9656241204.0,10.2062545,9.656241204,622.754,367292416.0,350.27734375,1.583953857421875,172.08773469924927
352,R5,LOCAL_TREE-RECURRENT-MILD,32,e840c321d80c9555,POPULATION-RESEED,0.14225,65312520.0,2390.0,1235725.0,1757072.0,211933270.5,299565.5,65314910.0,10406232500.0,9919928939.5,10.4062325,9.9199289395,617.8625,392876032.0,374.67578125,1.6756744384765625,202.11531686782837
353,R5,LOCAL_TREE-RECURRENT-MILD,33,3f96cfe5be311fde,CHAMPION-RESEED,0.11574999999999999,65312520.0,14.0,1184715.5,1817699.5,222271984.5,319517.0,65312534.0,10779321500.0,10208941265.0,10.7793215,10.208941265,592.35775,315406336.0,300.794921875,1.7334933280944824,211.9750828742981
353,R5,LOCAL_TREE-RECURRENT-MILD,33,3f96cfe5be311fde,PERSIST,0.1215,65312520.0,0.0,1168761.0,1670786.0,180357092.5,291094.0,65312520.0,10187631500.0,9656460503.0,10.1876315,9.656460503,584.3805,311465984.0,297.037109375,1.5933856964111328,172.0019268989563
353,R5,LOCAL_TREE-RECURRENT-MILD,33,3f96cfe5be311fde,POPULATION-RESEED,0.129,65312520.0,1768.0,1136410.0,1712536.0,207292491.0,291630.0,65314288.0,10305602000.0,9822989695.0,10.305602,9.822989695,568.205,323110912.0,308.142578125,1.6332015991210938,197.68952465057373
354,R5,LOCAL_TREE-RECURRENT-MILD,34,7a163c32b0e1339a,CHAMPION-RESEED,0.14750000000000002,65312520.0,13.0,1219580.5,2386401.5,252473784.0,360552.5,65312533.0,11290616000.0,10750887208.5,11.290616,10.7508872085,609.79025,328558592.0,313.337890625,2.2758498191833496,240.77776336669922
354,R5,LOCAL_TREE-RECURRENT-MILD,34,7a163c32b0e1339a,PERSIST,0.1515,65312520.0,0.0,1204231.0,2113265.0,213751011.0,341274.0,65312520.0,11360658000.0,10688205530.0,11.360658,10.68820553,602.1155,304949248.0,290.822265625,2.015366554260254,203.84884929656982
354,R5,LOCAL_TREE-RECURRENT-MILD,34,7a163c32b0e1339a,POPULATION-RESEED,0.14150000000000001,65312520.0,1991.0,1089804.5,2187739.5,231622220.5,324433.5,65314511.0,10886478000.0,10313797260.0,10.886478,10.31379726,544.90225,333584384.0,318.130859375,2.086390972137451,220.8921627998352
355,R5,LOCAL_TREE-RECURRENT-MILD,35,cd3d92655a6f4bc8,CHAMPION-RESEED,0.14600000000000002,65312520.0,16.0,1246182.5,2389738.5,228043268.5,324767.0,65312536.0,11217273000.0,10685593425.5,11.217273,10.6855934255,623.09125,347230208.0,331.14453125,2.2790322303771973,217.47900819778442
355,R5,LOCAL_TREE-RECURRENT-MILD,35,cd3d92655a6f4bc8,PERSIST,0.14525,65312520.0,0.0,1274477.0,2462719.5,210627167.0,334096.0,65312520.0,11139877000.0,10483184043.5,11.139877,10.4831840435,637.2385,327419904.0,312.251953125,2.348632335662842,200.86971950531006
355,R5,LOCAL_TREE-RECURRENT-MILD,35,cd3d92655a6f4bc8,POPULATION-RESEED,0.14975,65312520.0,2571.0,1200281.0,2271108.5,227912313.5,317704.0,65315091.0,10885401500.0,10299706042.0,10.8854015,10.299706042,600.1405,362846208.0,346.037109375,2.165897846221924,217.35411977767944
356,R5,LOCAL_TREE-RECURRENT-MILD,36,e8a7f8664f1655c9,CHAMPION-RESEED,0.13974999999999999,65312520.0,12.0,1190818.5,2065692.0,225804807.5,324975.5,65312532.0,10661412500.0,10231783924.5,10.6614125,10.2317839245,595.40925,383326208.0,365.568359375,1.9699974060058594,215.34424543380737
356,R5,LOCAL_TREE-RECURRENT-MILD,36,e8a7f8664f1655c9,PERSIST,0.14225,65312520.0,0.0,1133722.0,1476505.5,167566573.0,274714.0,65312520.0,9733234000.0,9332692462.0,9.733234,9.332692462,566.861,372971520.0,355.693359375,1.4081053733825684,159.803936958313
356,R5,LOCAL_TREE-RECURRENT-MILD,36,e8a7f8664f1655c9,POPULATION-RESEED,0.14075,65312520.0,1740.0,1157033.0,2328474.5,224794121.0,313982.0,65314260.0,10631411500.0,10219912643.0,10.6314115,10.219912643,578.5165,399339520.0,380.83984375,2.2206063270568848,214.38037967681885
357,R5,LOCAL_TREE-RECURRENT-MILD,37,038f80faa552ae99,CHAMPION-RESEED,0.139,65312520.0,12.0,1234492.0,1983284.0,214927170.5,309516.5,65312532.0,10424814000.0,10054302136.5,10.424814,10.0543021365,617.246,395094016.0,376.791015625,1.8914070129394531,204.97052240371704
357,R5,LOCAL_TREE-RECURRENT-MILD,37,038f80faa552ae99,PERSIST,0.1295,65312520.0,0.0,1190665.5,1653262.0,171949838.0,279170.0,65312520.0,10219100500.0,9742131650.0,10.2191005,9.74213165,595.33275,381067264.0,363.4140625,1.5766735076904297,163.98414421081543
357,R5,LOCAL_TREE-RECURRENT-MILD,37,038f80faa552ae99,POPULATION-RESEED,0.12725,65312520.0,1771.0,1159715.5,2141988.0,217527982.5,304383.5,65314291.0,10608443500.0,10206433755.5,10.6084435,10.2064337555,579.85775,406151168.0,387.3359375,2.0427589416503906,207.4508500099182
358,R5,LOCAL_TREE-RECURRENT-MILD,38,ce909f1a01bcf35f,CHAMPION-RESEED,0.14350000000000002,65312520.0,15.0,1300677.0,1946518.5,231287114.0,332616.5,65312535.0,11071446500.0,10478314514.5,11.0714465,10.4783145145,650.3385,382881792.0,365.14453125,1.8563446998596191,220.5725803375244
358,R5,LOCAL_TREE-RECURRENT-MILD,38,ce909f1a01bcf35f,PERSIST,0.1335,65312520.0,0.0,1268256.0,2065931.5,223994357.5,354419.0,65312520.0,11386326500.0,10740495568.5,11.3863265,10.7404955685,634.128,379656192.0,362.068359375,1.9702258110046387,213.61766576766968
358,R5,LOCAL_TREE-RECURRENT-MILD,38,ce909f1a01bcf35f,POPULATION-RESEED,0.13324999999999998,65312520.0,1996.0,1168148.5,1907830.0,211110190.0,297660.0,65314516.0,10344076500.0,9857254283.5,10.3440765,9.8572542835,584.07425,390907904.0,372.798828125,1.819448471069336,201.33036613464355
359,R5,LOCAL_TREE-RECURRENT-MILD,39,99864ea88df7327c,CHAMPION-RESEED,0.1315,65312520.0,15.0,1129241.5,1762668.5,216849408.0,311403.5,65312535.0,10494064000.0,10005604123.5,10.494064,10.0056041235,564.62075,325748736.0,310.658203125,1.68101167678833,206.8037109375
359,R5,LOCAL_TREE-RECURRENT-MILD,39,99864ea88df7327c,PERSIST,0.1355,65312520.0,0.0,1169325.0,1682872.0,181906445.0,295194.5,65312520.0,10337741000.0,9748781817.5,10.337741,9.7487818175,584.6625,306067456.0,291.888671875,1.6049118041992188,173.4795045852661
359,R5,LOCAL_TREE-RECURRENT-MILD,39,99864ea88df7327c,POPULATION-RESEED,0.133,65312520.0,1838.0,1128680.0,2235599.5,227667511.0,318201.0,65314358.0,10805209000.0,10224846749.5,10.805209,10.2248467495,564.34,328269824.0,313.0625,2.1320338249206543,217.1206579208374
360,R5,LOCAL_TREE-RECURRENT-MILD,40,47103c7e52d064ac,CHAMPION-RESEED,0.1325,65312520.0,12.0,1338993.5,1894366.0,213325765.0,307776.5,65312532.0,10693613500.0,10124464305.0,10.6936135,10.124464305,669.49675,321026048.0,306.154296875,1.8066082000732422,203.44330310821533
360,R5,LOCAL_TREE-RECURRENT-MILD,40,47103c7e52d064ac,PERSIST,0.14,65312520.0,0.0,1252021.0,1596760.5,176032762.0,285700.5,65312520.0,10205856000.0,9656505537.0,10.205856,9.656505537,626.0105,312737792.0,298.25,1.522789478302002,167.8779239654541
360,R5,LOCAL_TREE-RECURRENT-MILD,40,47103c7e52d064ac,POPULATION-RESEED,0.13825,65312520.0,1767.0,1151060.0,1954244.0,211342017.0,297592.5,65314287.0,10333989000.0,9891005485.5,10.333989,9.8910054855,575.53,340074496.0,324.3203125,1.8637123107910156,201.55145359039307
361,R5,LOCAL_TREE-RECURRENT-MILD,41,b81edc5749e33dc0,CHAMPION-RESEED,0.1275,65312520.0,11.0,1201940.0,1580762.5,203675741.5,294758.5,65312531.0,10435563500.0,9895474200.0,10.4355635,9.8954742,600.97,388395008.0,370.40234375,1.5075325965881348,194.24032354354858
361,R5,LOCAL_TREE-RECURRENT-MILD,41,b81edc5749e33dc0,PERSIST,0.1335,65312520.0,0.0,1160958.0,1536336.0,165894865.5,270833.5,65312520.0,10006477500.0,9408017243.5,10.0064775,9.4080172435,580.479,376758272.0,359.3046875,1.4651641845703125,158.2096724510193
361,R5,LOCAL_TREE-RECURRENT-MILD,41,b81edc5749e33dc0,POPULATION-RESEED,0.1315,65312520.0,1615.0,1257828.5,1662271.5,191238756.5,271020.0,65314135.0,10315596000.0,9695364796.5,10.315596,9.6953647965,628.91425,389906432.0,371.84375,1.5852656364440918,182.3794903755188
362,R5,LOCAL_TREE-RECURRENT-MILD,42,9b2e66c0abb5809b,CHAMPION-RESEED,0.14175,65312520.0,14.0,1248071.0,1803615.0,237705298.0,339901.0,65312534.0,11187882500.0,10627760383.5,11.1878825,10.6277603835,624.0355,320139264.0,305.30859375,1.7200613021850586,226.69343757629395
362,R5,LOCAL_TREE-RECURRENT-MILD,42,9b2e66c0abb5809b,PERSIST,0.137,65312520.0,0.0,1345360.0,2025705.5,202195680.0,325365.5,65312520.0,10972229000.0,10372521004.0,10.972229,10.372521004,672.68,312688640.0,298.203125,1.9318633079528809,192.82882690429688
362,R5,LOCAL_TREE-RECURRENT-MILD,42,9b2e66c0abb5809b,POPULATION-RESEED,0.13574999999999998,65312520.0,2064.0,1263115.5,1724315.0,217924842.5,305612.5,65314584.0,10776284500.0,10197828854.0,10.7762845,10.197828854,631.55775,320819200.0,305.95703125,1.644434928894043,207.8293251991272
363,R5,LOCAL_TREE-RECURRENT-MILD,43,bd9f7c8f683ccce0,CHAMPION-RESEED,0.14475,65312520.0,14.0,1163531.0,1908976.0,217606485.5,312907.5,65312534.0,10642390500.0,10116395273.5,10.6423905,10.1163952735,581.7655,334741504.0,319.234375,1.8205413818359375,207.52571630477905
363,R5,LOCAL_TREE-RECURRENT-MILD,43,bd9f7c8f683ccce0,PERSIST,0.14850000000000002,65312520.0,0.0,1176212.0,1631917.5,178947079.0,289813.0,65312520.0,10191687500.0,9653405695.0,10.1916875,9.653405695,588.106,316579840.0,301.9140625,1.5563178062438965,170.65723323822021
363,R5,LOCAL_TREE-RECURRENT-MILD,43,bd9f7c8f683ccce0,POPULATION-RESEED,0.14250000000000002,65312520.0,2062.0,1181270.5,2514039.0,247760300.0,345063.5,65314582.0,11212919000.0,10666430632.0,11.212919,10.666430632,590.63525,340133888.0,324.376953125,2.3975744247436523,236.28263473510742
364,R5,LOCAL_TREE-RECURRENT-MILD,44,dff569c9a995c4b1,CHAMPION-RESEED,0.136,65312520.0,12.0,1264592.0,2078798.0,217620908.0,313095.0,65312532.0,10800460000.0,10217546210.0,10.80046,10.21754621,632.296,334718976.0,319.212890625,1.9824962615966797,207.53947067260742
364,R5,LOCAL_TREE-RECURRENT-MILD,44,dff569c9a995c4b1,PERSIST,0.14500000000000002,65312520.0,0.0,1254563.0,1489962.5,164832575.5,269567.5,65312520.0,10450494500.0,9836350467.0,10.4504945,9.836350467,627.2815,317843456.0,303.119140625,1.4209389686584473,157.1965937614441
364,R5,LOCAL_TREE-RECURRENT-MILD,44,dff569c9a995c4b1,POPULATION-RESEED,0.13624999999999998,65312520.0,1784.0,1178171.0,2125780.5,208548521.0,293286.0,65314304.0,10402779000.0,9828165789.5,10.402779,9.8281657895,589.0855,350699520.0,334.453125,2.0273022651672363,198.88736820220947
365,R5,LOCAL_TREE-RECURRENT-MILD,45,4d2919273e7618d0,CHAMPION-RESEED,0.14075,65312520.0,13.0,1191495.5,1819059.5,221138841.0,318386.5,65312533.0,10834893500.0,10305238160.0,10.8348935,10.30523816,595.74775,335613952.0,320.06640625,1.734790325164795,210.8944330215454
365,R5,LOCAL_TREE-RECURRENT-MILD,45,4d2919273e7618d0,PERSIST,0.13874999999999998,65312520.0,0.0,1302773.0,2227366.5,201530424.5,323991.0,65312520.0,10945822000.0,10348051575.5,10.945822,10.3480515755,651.3865,322637824.0,307.69140625,2.1241822242736816,192.19438982009888
365,R5,LOCAL_TREE-RECURRENT-MILD,45,4d2919273e7618d0,POPULATION-RESEED,0.14525,65312520.0,1952.0,1164351.5,1987934.0,207549054.0,292500.5,65314472.0,10435937500.0,9902126022.5,10.4359375,9.9021260225,582.17575,339314688.0,323.595703125,1.8958415985107422,197.93420219421387
366,R5,LOCAL_TREE-RECURRENT-MILD,46,8a1aa5914d8b83a5,CHAMPION-RESEED,0.135,65312520.0,14.0,1466515.5,2093359.5,251080810.5,358322.0,65312534.0,11690613000.0,11148044142.5,11.690613,11.1480441425,733.25775,312891392.0,298.396484375,1.9963831901550293,239.4493203163147
366,R5,LOCAL_TREE-RECURRENT-MILD,46,8a1aa5914d8b83a5,PERSIST,0.14350000000000002,65312520.0,0.0,1374900.0,1662892.0,192028102.0,310059.0,65312520.0,10816348000.0,10311453312.5,10.816348,10.3114533125,687.45,308289536.0,294.0078125,1.5858573913574219,183.13226890563965
366,R5,LOCAL_TREE-RECURRENT-MILD,46,8a1aa5914d8b83a5,POPULATION-RESEED,0.14024999999999999,65312520.0,2068.0,1201205.5,1823578.5,222363833.5,311065.0,65314588.0,10813577500.0,10332058798.5,10.8135775,10.3320587985,600.60275,315267072.0,300.662109375,1.7390999794006348,212.0626769065857
367,R5,LOCAL_TREE-RECURRENT-MILD,47,7f69eae5406df36e,CHAMPION-RESEED,0.13724999999999998,65312520.0,13.0,1185357.0,1788404.0,223203209.0,321275.0,65312533.0,11019066000.0,10593076886.0,11.019066,10.593076886,592.6785,340834304.0,325.044921875,1.7055549621582031,212.86316776275635
367,R5,LOCAL_TREE-RECURRENT-MILD,47,7f69eae5406df36e,PERSIST,0.1405,65312520.0,0.0,1318215.0,2338203.0,196284526.5,313555.5,65312520.0,10704467500.0,10228515605.0,10.7044675,10.228515605,659.1075,333479936.0,318.03125,2.229884147644043,187.19151163101196
367,R5,LOCAL_TREE-RECURRENT-MILD,47,7f69eae5406df36e,POPULATION-RESEED,0.13824999999999998,65312520.0,1916.0,1262814.0,1805094.5,209792839.0,295935.0,65314436.0,10586144000.0,10167048579.0,10.586144,10.167048579,631.407,351096832.0,334.83203125,1.7214722633361816,200.07404232025146
368,R5,LOCAL_TREE-RECURRENT-MILD,48,433187ca2ef6e44e,CHAMPION-RESEED,0.13674999999999998,65312520.0,16.0,1343916.0,1950626.0,236953849.0,338660.0,65312536.0,11403489000.0,10830539122.5,11.403489,10.8305391225,671.958,326256640.0,311.142578125,1.8602619171142578,225.97679996490479
368,R5,LOCAL_TREE-RECURRENT-MILD,48,433187ca2ef6e44e,PERSIST,0.14024999999999999,65312520.0,0.0,1232152.0,2242753.5,219285199.5,347485.5,65312520.0,11451067500.0,10801250366.5,11.4510675,10.8012503665,616.076,314628096.0,300.052734375,2.1388564109802246,209.12666273117065
368,R5,LOCAL_TREE-RECURRENT-MILD,48,433187ca2ef6e44e,POPULATION-RESEED,0.13974999999999999,65312520.0,2008.0,1208589.5,1897562.0,211850559.0,298192.0,65314528.0,10817556500.0,10344839986.0,10.8175565,10.344839986,604.29475,337594368.0,321.955078125,1.8096561431884766,202.03643703460693
369,R5,LOCAL_TREE-RECURRENT-MILD,49,09eafb2751157ced,CHAMPION-RESEED,0.14525,65312520.0,14.0,1206361.0,1760797.5,224581253.0,322137.0,65312534.0,11433102000.0,10893718409.5,11.433102,10.8937184095,603.1805,378210304.0,360.689453125,1.679227352142334,214.17737293243408
369,R5,LOCAL_TREE-RECURRENT-MILD,49,09eafb2751157ced,PERSIST,0.14625,65312520.0,0.0,1137083.5,1678531.5,189235358.0,304519.5,65312520.0,11124100000.0,10660717003.5,11.1241,10.6607170035,568.54175,367673344.0,350.640625,1.6007723808288574,180.468900680542
369,R5,LOCAL_TREE-RECURRENT-MILD,49,09eafb2751157ced,POPULATION-RESEED,0.14175,65312520.0,1866.0,1142543.5,2063739.0,214039456.0,300180.5,65314386.0,10980899000.0,10504950096.0,10.980899,10.504950096,571.27175,380848128.0,363.205078125,1.968134880065918,204.12393188476562
370,R5,LOCAL_TREE-RECURRENT-MILD,50,b9c35586f3f42890,CHAMPION-RESEED,0.13924999999999998,65312520.0,14.0,1396710.5,1791862.0,235828957.0,338006.5,65312534.0,11692828000.0,11209370153.0,11.692828,11.209370153,698.35525,401879040.0,383.26171875,1.708852767944336,224.90401935577393
370,R5,LOCAL_TREE-RECURRENT-MILD,50,b9c35586f3f42890,PERSIST,0.14525,65312520.0,0.0,1180469.0,1925834.0,200372916.0,320619.5,65312520.0,11075555000.0,10545309204.0,11.075555,10.545309204,590.2345,388896768.0,370.880859375,1.836618423461914,191.09050369262695
370,R5,LOCAL_TREE-RECURRENT-MILD,50,b9c35586f3f42890,POPULATION-RESEED,0.14800000000000002,65312520.0,2390.0,1189127.5,1940804.0,231827481.5,324756.5,65314910.0,11851880000.0,11303217025.5,11.85188,11.3032170255,594.56375,403947520.0,385.234375,1.8508949279785156,221.08791494369507
371,R5,LOCAL_TREE-RECURRENT-MILD,51,b90e0572495f88d9,CHAMPION-RESEED,0.13374999999999998,65312520.0,13.0,1207373.5,1857389.0,228476202.0,327990.0,65312533.0,10890317000.0,10295008986.0,10.890317,10.295008986,603.68675,337405952.0,321.775390625,1.7713441848754883,217.8918857574463
371,R5,LOCAL_TREE-RECURRENT-MILD,51,b90e0572495f88d9,PERSIST,0.1365,65312520.0,0.0,1239397.5,1757818.0,186299996.5,299931.0,65312520.0,10566029000.0,9993919675.0,10.566029,9.993919675,619.69875,323545088.0,308.556640625,1.6763858795166016,177.66952180862427
371,R5,LOCAL_TREE-RECURRENT-MILD,51,b90e0572495f88d9,POPULATION-RESEED,0.14024999999999999,65312520.0,2049.0,1140181.0,2201516.5,221195411.0,310474.0,65314569.0,10577848500.0,10107325812.0,10.5778485,10.107325812,570.0905,355975168.0,339.484375,2.09952974319458,210.9483823776245
372,R5,LOCAL_TREE-RECURRENT-MILD,52,9bda87d3be66bb7c,CHAMPION-RESEED,0.13824999999999998,65312520.0,14.0,1174693.5,1865111.0,241188600.5,345123.0,65312534.0,11383102500.0,10849001652.0,11.3831025,10.849001652,587.34675,334272512.0,318.787109375,1.7787084579467773,230.01537370681763
372,R5,LOCAL_TREE-RECURRENT-MILD,52,9bda87d3be66bb7c,PERSIST,0.14675,65312520.0,0.0,1189731.0,1816346.0,198456320.5,317567.0,65312520.0,10855781500.0,10252658440.0,10.8557815,10.25265844,594.8655,321781760.0,306.875,1.7322025299072266,189.26269578933716
372,R5,LOCAL_TREE-RECURRENT-MILD,52,9bda87d3be66bb7c,POPULATION-RESEED,0.148,65312520.0,2018.0,1159302.0,2153020.0,232521752.0,325566.5,65314538.0,12005590500.0,11471922556.5,12.0055905,11.4719225565,579.651,346750976.0,330.6875,2.0532798767089844,221.7500228881836
373,R5,LOCAL_TREE-RECURRENT-MILD,53,774cc4ec0af77716,CHAMPION-RESEED,0.13524999999999998,65312520.0,14.0,1224520.0,1953587.0,230178198.5,329390.5,65312534.0,11147834500.0,10650404665.0,11.1478345,10.650404665,612.26,349612032.0,333.416015625,1.8630857467651367,219.51503610610962
373,R5,LOCAL_TREE-RECURRENT-MILD,53,774cc4ec0af77716,PERSIST,0.13075,65312520.0,0.0,1356739.5,2115720.5,217842197.5,348024.5,65312520.0,11424838000.0,10802234914.5,11.424838,10.8022349145,678.36975,344489984.0,328.53125,2.0177083015441895,207.7505087852478
373,R5,LOCAL_TREE-RECURRENT-MILD,53,774cc4ec0af77716,POPULATION-RESEED,0.13774999999999998,65312520.0,2298.0,1248820.0,2016388.0,233822065.0,324851.0,65314818.0,11103752500.0,10586873568.5,11.1037525,10.5868735685,624.41,359368704.0,342.720703125,1.9229774475097656,222.99009799957275
374,R5,LOCAL_TREE-RECURRENT-MILD,54,0e8e68fce8b8542b,CHAMPION-RESEED,0.14525,65312520.0,14.0,1174673.5,2249668.0,251699382.5,359042.5,65312534.0,11958685000.0,11185367215.5,11.958685,11.1853672155,587.33675,320681984.0,305.826171875,2.1454505920410156,240.03923654556274
374,R5,LOCAL_TREE-RECURRENT-MILD,54,0e8e68fce8b8542b,PERSIST,0.14750000000000002,65312520.0,0.0,1187754.0,1880655.5,192795000.0,309600.0,65312520.0,11388382000.0,10681434107.5,11.388382,10.6814341075,593.877,305887232.0,291.716796875,1.7935328483581543,183.86363983154297
374,R5,LOCAL_TREE-RECURRENT-MILD,54,0e8e68fce8b8542b,POPULATION-RESEED,0.14400000000000002,65312520.0,2020.0,1170875.0,1885045.0,227390396.5,318575.5,65314540.0,11759342000.0,11110514639.5,11.759342,11.1105146395,585.4375,340797440.0,325.009765625,1.7977190017700195,216.85638093948364
375,R5,LOCAL_TREE-RECURRENT-MILD,55,ad4c24cbd06d72a4,CHAMPION-RESEED,0.13225,65312520.0,14.0,1217571.5,2121465.5,234629651.0,335691.0,65312534.0,12393410500.0,11830773811.5,12.3934105,11.8307738115,608.78575,394278912.0,376.013671875,2.0231871604919434,223.760272026062
375,R5,LOCAL_TREE-RECURRENT-MILD,55,ad4c24cbd06d72a4,PERSIST,0.1285,65312520.0,0.0,1340498.5,1824877.0,184013884.0,297781.5,65312520.0,11375905000.0,10786171506.5,11.375905,10.7861715065,670.24925,377540608.0,360.05078125,1.7403383255004883,175.48931503295898
375,R5,LOCAL_TREE-RECURRENT-MILD,55,ad4c24cbd06d72a4,POPULATION-RESEED,0.13075,65312520.0,2054.0,1289741.5,2119375.5,224033925.0,314076.5,65314574.0,11473788500.0,10899418701.0,11.4737885,10.899418701,644.87075,397635584.0,379.21484375,2.0211939811706543,213.65540027618408
376,R5,LOCAL_TREE-RECURRENT-MILD,56,f31af1b7dc35e356,CHAMPION-RESEED,0.13824999999999998,65312520.0,13.0,1427766.5,1871602.0,237382195.0,340451.5,65312533.0,11396760000.0,10851320668.0,11.39676,10.851320668,713.88325,385251328.0,367.404296875,1.7848987579345703,226.38530254364014
376,R5,LOCAL_TREE-RECURRENT-MILD,56,f31af1b7dc35e356,PERSIST,0.14275,65312520.0,0.0,1289737.0,2015405.0,212518259.0,339131.5,65312520.0,11361976000.0,10701328221.5,11.361976,10.7013282215,644.8685,367466496.0,350.443359375,1.9220399856567383,202.6732053756714
376,R5,LOCAL_TREE-RECURRENT-MILD,56,f31af1b7dc35e356,POPULATION-RESEED,0.14325,65312520.0,2140.0,1310711.5,1893305.5,226021640.5,317389.5,65314660.0,11040141000.0,10483240086.5,11.040141,10.4832400865,655.35575,388055040.0,370.078125,1.8055968284606934,215.5510334968567
377,R5,LOCAL_TREE-RECURRENT-MILD,57,c1489091210daac8,CHAMPION-RESEED,0.13724999999999998,65312520.0,13.0,1135745.5,2704063.0,258099666.5,367673.0,65312533.0,11535197500.0,10938933831.5,11.5351975,10.9389338315,567.87275,385593344.0,367.73046875,2.5787954330444336,246.1430230140686
377,R5,LOCAL_TREE-RECURRENT-MILD,57,c1489091210daac8,PERSIST,0.14325,65312520.0,0.0,1166817.0,1934548.0,197252391.0,316533.5,65312520.0,10715563000.0,10149792783.5,10.715563,10.1497927835,583.4085,376307712.0,358.875,1.8449287414550781,188.11453914642334
377,R5,LOCAL_TREE-RECURRENT-MILD,57,c1489091210daac8,POPULATION-RESEED,0.1405,65312520.0,1885.0,1170827.0,2083660.0,220897323.0,310137.0,65314405.0,10689632000.0,10177745963.0,10.689632,10.177745963,585.4135,398213120.0,379.765625,1.9871330261230469,210.6641035079956
378,R5,LOCAL_TREE-RECURRENT-MILD,58,210501f2f5238610,CHAMPION-RESEED,0.1385,65312520.0,11.0,1203936.5,2361669.5,225960712.5,324365.5,65312531.0,10580311000.0,10159944089.0,10.580311,10.159944089,601.96825,389906432.0,371.84375,2.2522635459899902,215.4929280281067
378,R5,LOCAL_TREE-RECURRENT-MILD,58,210501f2f5238610,PERSIST,0.1365,65312520.0,0.0,1229872.5,1397712.5,161423706.5,266299.0,65312520.0,9723882500.0,9294368801.5,9.7238825,9.2943688015,614.93625,378234880.0,360.712890625,1.3329625129699707,153.94564294815063
378,R5,LOCAL_TREE-RECURRENT-MILD,58,210501f2f5238610,POPULATION-RESEED,0.13475,65312520.0,1629.0,1229880.5,1635344.5,189133809.0,268386.0,65314149.0,9865150500.0,9445994609.0,9.8651505,9.445994609,614.94025,393175040.0,374.9609375,1.5595860481262207,180.37205600738525
379,R5,LOCAL_TREE-RECURRENT-MILD,59,45e36d5794210d32,CHAMPION-RESEED,0.13375,65312520.0,13.0,1182282.5,1820483.5,226997298.5,326262.5,65312533.0,11227977500.0,10721997278.0,11.2279775,10.721997278,591.14125,381784064.0,364.09765625,1.7361483573913574,216.48149347305298
379,R5,LOCAL_TREE-RECURRENT-MILD,59,45e36d5794210d32,PERSIST,0.14225,65312520.0,0.0,1336753.5,1635354.5,181542463.0,293159.0,65312520.0,11181965500.0,10672431788.0,11.1819655,10.672431788,668.37675,375060480.0,357.685546875,1.5595955848693848,173.13238430023193
379,R5,LOCAL_TREE-RECURRENT-MILD,59,45e36d5794210d32,POPULATION-RESEED,0.1385,65312520.0,1938.0,1161698.5,1728697.0,215721499.5,303836.5,65314458.0,10476440000.0,10062463066.5,10.47644,10.0624630665,580.84925,385947648.0,368.068359375,1.6486139297485352,205.7280535697937
380,R5,LOCAL_TREE-RECURRENT-MILD,60,5ab3b9ee4c6fbd2e,CHAMPION-RESEED,0.13075,65312520.0,14.0,1236400.0,1985483.0,219429530.0,315466.0,65312534.0,11082201000.0,10438159318.0,11.082201,10.438159318,618.2,386240512.0,368.34765625,1.8935041427612305,209.26430702209473
380,R5,LOCAL_TREE-RECURRENT-MILD,60,5ab3b9ee4c6fbd2e,PERSIST,0.131,65312520.0,0.0,1211508.5,1658895.5,169296115.5,276971.0,65312520.0,10173830500.0,9605153368.5,10.1738305,9.6051533685,605.75425,381884416.0,364.193359375,1.5820460319519043,161.45335721969604
380,R5,LOCAL_TREE-RECURRENT-MILD,60,5ab3b9ee4c6fbd2e,POPULATION-RESEED,0.129,65312520.0,1638.0,1241744.0,1954873.5,199507774.5,281545.0,65314158.0,10421454500.0,9843878243.0,10.4214545,9.843878243,620.872,391505920.0,373.369140625,1.8643126487731934,190.26544046401978
381,R5,LOCAL_TREE-RECURRENT-MILD,61,2dc94e0dafcdec2e,CHAMPION-RESEED,0.14925,65312520.0,12.0,1139697.0,1689769.0,199507772.5,289474.5,65312532.0,10193756000.0,9730617534.0,10.193756,9.730617534,569.8485,305475584.0,291.32421875,1.6114892959594727,190.26543855667114
381,R5,LOCAL_TREE-RECURRENT-MILD,61,2dc94e0dafcdec2e,PERSIST,0.14775,65312520.0,0.0,1264753.0,1445237.0,171836162.5,279503.0,65312520.0,10036551000.0,9563202001.5,10.036551,9.5632020015,632.3765,293746688.0,280.138671875,1.3782854080200195,163.8757348060608
381,R5,LOCAL_TREE-RECURRENT-MILD,61,2dc94e0dafcdec2e,POPULATION-RESEED,0.14150000000000001,65312520.0,1791.0,1155319.5,1973945.5,204199195.5,286890.5,65314311.0,10205438000.0,9748827263.5,10.205438,9.7488272635,577.65975,305903616.0,291.732421875,1.8825011253356934,194.7395281791687
382,R5,LOCAL_TREE-RECURRENT-MILD,62,6a898bf5b01729e7,CHAMPION-RESEED,0.13974999999999999,65312520.0,12.0,1255154.5,1824421.0,223653397.0,321106.5,65312532.0,11014309000.0,10454537222.5,11.014309,10.4545372225,627.57725,329994240.0,314.70703125,1.739903450012207,213.29250049591064
382,R5,LOCAL_TREE-RECURRENT-MILD,62,6a898bf5b01729e7,PERSIST,0.14300000000000002,65312520.0,0.0,1199425.5,1598810.5,169797333.0,277273.0,65312520.0,10267883000.0,9716811782.5,10.267883,9.7168117825,599.71275,318820352.0,304.05078125,1.5247445106506348,161.9313554763794
382,R5,LOCAL_TREE-RECURRENT-MILD,62,6a898bf5b01729e7,POPULATION-RESEED,0.14500000000000002,65312520.0,1780.0,1161371.0,1744433.0,213818548.0,299706.5,65314300.0,11057561500.0,10547537162.0,11.0575615,10.547537162,580.6855,345497600.0,329.4921875,1.663620948791504,203.91325759887695
383,R5,LOCAL_TREE-RECURRENT-MILD,63,9a8998c49f8857b8,CHAMPION-RESEED,0.12925,65312520.0,12.0,1182947.5,2029961.5,242452937.0,346805.5,65312532.0,11418487500.0,10845634572.5,11.4184875,10.8456345725,591.47375,341233664.0,325.42578125,1.9359221458435059,231.2211389541626
383,R5,LOCAL_TREE-RECURRENT-MILD,63,9a8998c49f8857b8,PERSIST,0.133,65312520.0,0.0,1200453.0,1778989.5,181922327.0,294628.0,65312520.0,10647519000.0,10084817774.0,10.647519,10.084817774,600.2265,319182848.0,304.396484375,1.6965765953063965,173.49465084075928
383,R5,LOCAL_TREE-RECURRENT-MILD,63,9a8998c49f8857b8,POPULATION-RESEED,0.12875,65312520.0,1777.0,1132885.5,2175747.5,214918936.5,301899.5,65314297.0,10567361500.0,10067687431.5,10.5673615,10.0676874315,566.44275,349356032.0,333.171875,2.0749545097351074,204.96266984939575
384,R5,LOCAL_TREE-RECURRENT-MILD,64,e30ebaa158c55546,CHAMPION-RESEED,0.1325,65312520.0,12.0,1176546.0,1578686.0,203273042.5,294005.0,65312532.0,10927332500.0,10292188033.5,10.9273325,10.2921880335,588.273,380946432.0,363.298828125,1.5055522918701172,193.8562798500061
384,R5,LOCAL_TREE-RECURRENT-MILD,64,e30ebaa158c55546,PERSIST,0.14,65312520.0,0.0,1171208.5,1405493.0,165072029.0,270617.0,65312520.0,10346998500.0,9731414456.5,10.3469985,9.7314144565,585.60425,376111104.0,358.6875,1.3403825759887695,157.42495441436768
384,R5,LOCAL_TREE-RECURRENT-MILD,64,e30ebaa158c55546,POPULATION-RESEED,0.133,65312520.0,1732.0,1153421.0,1883729.0,208255545.0,293154.5,65314252.0,10643867500.0,10071915141.5,10.6438675,10.0719151415,576.7105,386752512.0,368.8359375,1.796463966369629,198.60796451568604
385,R5,LOCAL_TREE-RECURRENT-MILD,65,a479c09bdb9d20cc,CHAMPION-RESEED,0.13575,65312520.0,14.0,1244138.0,2131169.0,237624983.5,339662.5,65312534.0,11547542500.0,10810857068.0,11.5475425,10.810857068,622.069,340811776.0,325.0234375,2.0324411392211914,226.61684370040894
385,R5,LOCAL_TREE-RECURRENT-MILD,65,a479c09bdb9d20cc,PERSIST,0.14,65312520.0,0.0,1306132.0,1522110.5,176413841.0,285364.5,65312520.0,10537975500.0,9902662636.5,10.5379755,9.9026626365,653.066,332484608.0,317.08203125,1.4515976905822754,168.24134922027588
385,R5,LOCAL_TREE-RECURRENT-MILD,65,a479c09bdb9d20cc,POPULATION-RESEED,0.13474999999999998,65312520.0,1959.0,1248242.0,2133600.0,228832915.0,321558.0,65314479.0,11576503500.0,10908432021.5,11.5765035,10.9084320215,624.121,351350784.0,335.07421875,2.034759521484375,218.2320737838745
386,R5,LOCAL_TREE-RECURRENT-MILD,66,283da020c9a7d285,CHAMPION-RESEED,0.13424999999999998,65312520.0,16.0,1371492.5,1872478.5,237098063.5,339700.0,65312536.0,12170832500.0,11559983341.0,12.1708325,11.559983341,685.74625,346126336.0,330.091796875,1.7857346534729004,226.11433362960815
386,R5,LOCAL_TREE-RECURRENT-MILD,66,283da020c9a7d285,PERSIST,0.12675,65312520.0,0.0,1556771.0,2258944.0,207283030.5,331246.0,65312520.0,12106790500.0,11365674946.5,12.1067905,11.3656749465,778.3855,330145792.0,314.8515625,2.154296875,197.68050241470337
386,R5,LOCAL_TREE-RECURRENT-MILD,66,283da020c9a7d285,POPULATION-RESEED,0.136,65312520.0,2487.0,11066585.5,2151662.5,239807182.0,334529.5,65315007.0,12161542500.0,11548426354.0,12.1615425,11.548426354,5533.29275,364879872.0,347.9765625,2.051985263824463,228.69795036315918
387,R5,LOCAL_TREE-RECURRENT-MILD,67,e43ecfc495ec9aa7,CHAMPION-RESEED,0.137,65312520.0,13.0,1419404.5,2060301.5,232034193.0,332919.5,65312533.0,11213748500.0,10622846246.0,11.2137485,10.622846246,709.70225,308387840.0,294.1015625,1.9648566246032715,221.28505039215088
387,R5,LOCAL_TREE-RECURRENT-MILD,67,e43ecfc495ec9aa7,PERSIST,0.13774999999999998,65312520.0,0.0,1340045.5,2399566.0,206033568.5,329235.0,65312520.0,11339973000.0,10711951159.0,11.339973,10.711951159,670.02275,301348864.0,287.388671875,2.2884044647216797,196.48892259597778
387,R5,LOCAL_TREE-RECURRENT-MILD,67,e43ecfc495ec9aa7,POPULATION-RESEED,0.13774999999999998,65312520.0,1788.0,1250950.5,1894505.0,202604237.5,285959.0,65314308.0,10487296000.0,10005559142.0,10.487296,10.005559142,625.47525,327507968.0,312.3359375,1.8067407608032227,193.21845769882202
388,R5,LOCAL_TREE-RECURRENT-MILD,68,4ba88fc07967552c,CHAMPION-RESEED,0.13874999999999998,65312520.0,12.0,1263632.0,1749445.5,209140456.0,301531.0,65312532.0,10778159500.0,10366947391.0,10.7781595,10.366947391,631.816,389011456.0,370.990234375,1.6684012413024902,199.4518814086914
388,R5,LOCAL_TREE-RECURRENT-MILD,68,4ba88fc07967552c,PERSIST,0.13025,65312520.0,0.0,1242975.0,1649038.5,174981324.5,284427.0,65312520.0,10582215000.0,10113427286.0,10.582215,10.113427286,621.4875,376055808.0,358.634765625,1.572645664215088,166.8751950263977
388,R5,LOCAL_TREE-RECURRENT-MILD,68,4ba88fc07967552c,POPULATION-RESEED,0.14375,65312520.0,1754.0,1262311.5,1655517.0,198484836.0,280321.5,65314274.0,10718407500.0,10323063570.5,10.7184075,10.3230635705,631.15575,394022912.0,375.76953125,1.5788240432739258,189.28989028930664
389,R5,LOCAL_TREE-RECURRENT-MILD,69,4e276ab264849484,CHAMPION-RESEED,0.132,65312520.0,13.0,1165928.0,2142073.5,220522501.0,316478.0,65312533.0,10728903500.0,10097396185.5,10.7289035,10.0973961855,582.964,320655360.0,305.80078125,2.0428404808044434,210.30664539337158
389,R5,LOCAL_TREE-RECURRENT-MILD,69,4e276ab264849484,PERSIST,0.133,65312520.0,0.0,1301791.0,1643991.5,184486769.5,297878.5,65312520.0,10580337500.0,9966484104.0,10.5803375,9.966484104,650.8955,306644992.0,292.439453125,1.5678324699401855,175.9402937889099
389,R5,LOCAL_TREE-RECURRENT-MILD,69,4e276ab264849484,POPULATION-RESEED,0.1285,65312520.0,1798.0,1137607.0,2413257.0,205263896.5,289001.0,65314318.0,10288318500.0,9722620967.5,10.2883185,9.7226209675,568.8035,333903872.0,318.435546875,2.3014612197875977,195.75490617752075
390,R5,LOCAL_TREE-RECURRENT-MILD,70,1a01f41329698e34,CHAMPION-RESEED,0.13074999999999998,65312520.0,12.0,1235397.0,1970741.0,235233777.0,336689.5,65312532.0,11069292000.0,10445265024.5,11.069292,10.4452650245,617.6985,300705792.0,286.775390625,1.8794450759887695,224.33641147613525
390,R5,LOCAL_TREE-RECURRENT-MILD,70,1a01f41329698e34,PERSIST,0.1445,65312520.0,0.0,1201860.5,1555328.0,168123811.0,274316.5,65312520.0,10119004500.0,9526215201.5,10.1190045,9.5262152015,600.93025,288878592.0,275.49609375,1.4832763671875,160.33536052703857
390,R5,LOCAL_TREE-RECURRENT-MILD,70,1a01f41329698e34,POPULATION-RESEED,0.149,65312520.0,1771.0,1198921.5,1626766.5,196866067.0,278615.0,65314291.0,10308878000.0,9723036296.0,10.308878,9.723036296,599.46075,313249792.0,298.73828125,1.551405429840088,187.746111869812
391,R5,LOCAL_TREE-RECURRENT-MILD,71,71006046d41cacfc,CHAMPION-RESEED,0.1295,65312520.0,10.0,1197474.5,1834630.0,195472823.0,284760.0,65312530.0,9945870500.0,9508660683.5,9.9458705,9.5086606835,598.73725,316399616.0,301.7421875,1.7496395111083984,186.4174108505249
391,R5,LOCAL_TREE-RECURRENT-MILD,71,71006046d41cacfc,PERSIST,0.13175,65312520.0,0.0,1121181.5,1457681.0,154483106.0,253443.5,65312520.0,9441932000.0,9015567901.5,9.441932,9.0155679015,560.59075,305006592.0,290.876953125,1.390152931213379,147.32657051086426
391,R5,LOCAL_TREE-RECURRENT-MILD,71,71006046d41cacfc,POPULATION-RESEED,0.1355,65312520.0,1603.0,1110162.5,1494359.5,180232095.5,257104.0,65314123.0,9402571500.0,9086815692.0,9.4025715,9.086815692,555.08125,318861312.0,304.08984375,1.4251322746276855,171.88272047042847
392,R5,LOCAL_TREE-RECURRENT-MILD,72,32b814e6f93581f3,CHAMPION-RESEED,0.136,65312520.0,12.0,1155729.0,1619212.5,204704442.5,295939.5,65312532.0,10206693500.0,9788417094.0,10.2066935,9.788417094,577.8645,293644288.0,280.041015625,1.544201374053955,195.22136926651
392,R5,LOCAL_TREE-RECURRENT-MILD,72,32b814e6f93581f3,PERSIST,0.14125,65312520.0,0.0,1188577.5,1457112.5,169923841.5,278086.0,65312520.0,9820547500.0,9411036127.0,9.8205475,9.411036127,594.28875,285016064.0,271.8125,1.389610767364502,162.05200338363647
392,R5,LOCAL_TREE-RECURRENT-MILD,72,32b814e6f93581f3,POPULATION-RESEED,0.14450000000000002,65312520.0,1742.0,1099402.0,2193500.0,220875662.0,309520.0,65314262.0,10419003500.0,9961645133.5,10.4190035,9.9616451335,549.701,299196416.0,285.3359375,2.0918846130371094,210.64344596862793
393,R5,LOCAL_TREE-RECURRENT-MILD,73,592023d9edfffc39,CHAMPION-RESEED,0.14475,65312520.0,15.0,1128123.0,2351662.0,247097855.5,352180.5,65312535.0,11173970000.0,10590745112.5,11.17397,10.5907451125,564.0615,335644672.0,320.095703125,2.2427196502685547,235.65087842941284
393,R5,LOCAL_TREE-RECURRENT-MILD,73,592023d9edfffc39,PERSIST,0.158,65312520.0,0.0,1195668.5,1739153.5,190105930.5,305101.5,65312520.0,10392788000.0,9838273673.0,10.392788,9.838273673,597.83425,326010880.0,310.908203125,1.658586025238037,181.29914331436157
393,R5,LOCAL_TREE-RECURRENT-MILD,73,592023d9edfffc39,POPULATION-RESEED,0.1495,65312520.0,2090.0,1134930.0,1967422.0,237360678.5,332194.5,65314610.0,10985072000.0,10381586597.0,10.985072,10.381586597,567.465,336130048.0,320.55859375,1.8762798309326172,226.36478281021118
394,R5,LOCAL_TREE-RECURRENT-MILD,74,75f465b3bf0e7966,CHAMPION-RESEED,0.14425,65312520.0,14.0,1156038.5,1855033.0,227242985.0,326062.0,65312534.0,10660610500.0,10089235778.5,10.6606105,10.0892357785,578.01925,364052480.0,347.1875,1.7690973281860352,216.71579837799072
394,R5,LOCAL_TREE-RECURRENT-MILD,74,75f465b3bf0e7966,PERSIST,0.13474999999999998,65312520.0,0.0,1253008.0,1962399.5,217185217.5,345743.0,65312520.0,11350758500.0,10601153976.5,11.3507585,10.6011539765,626.504,355602432.0,339.12890625,1.8714900016784668,207.12396383285522
394,R5,LOCAL_TREE-RECURRENT-MILD,74,75f465b3bf0e7966,POPULATION-RESEED,0.14750000000000002,65312520.0,2128.0,1121333.0,1818106.0,221869028.5,310665.0,65314648.0,10626161500.0,9980553463.5,10.6261615,9.9805534635,560.6665,388980736.0,370.9609375,1.7338809967041016,211.5907940864563
395,R5,LOCAL_TREE-RECURRENT-MILD,75,bb4ff5530f18fe8c,CHAMPION-RESEED,0.1495,65312520.0,16.0,1183294.0,2033129.5,233888265.0,334723.0,65312536.0,10857515000.0,10453965104.0,10.857515,10.453965104,591.647,400148480.0,381.611328125,1.9389433860778809,223.05323123931885
395,R5,LOCAL_TREE-RECURRENT-MILD,75,bb4ff5530f18fe8c,PERSIST,0.1545,65312520.0,0.0,1176829.0,1800413.5,195458238.0,313254.5,65312520.0,10720148000.0,10199501769.5,10.720148,10.1995017695,588.4145,385595392.0,367.732421875,1.717008113861084,186.40350151062012
395,R5,LOCAL_TREE-RECURRENT-MILD,75,bb4ff5530f18fe8c,POPULATION-RESEED,0.14525,65312520.0,1952.0,1092210.0,2448512.5,224965105.5,316029.0,65314472.0,10499221500.0,10067440518.5,10.4992215,10.0674405185,546.105,408737792.0,389.802734375,2.335083484649658,214.5434432029724
396,R5,LOCAL_TREE-RECURRENT-MILD,76,45c91e83ed6286fe,CHAMPION-RESEED,0.13974999999999999,65312520.0,15.0,1263016.5,1774787.5,215703200.5,311278.0,65312535.0,10901581500.0,10328333134.5,10.9015815,10.3283331345,631.50825,372443136.0,355.189453125,1.6925692558288574,205.71060228347778
396,R5,LOCAL_TREE-RECURRENT-MILD,76,45c91e83ed6286fe,PERSIST,0.13924999999999998,65312520.0,0.0,1252878.5,1722520.0,179517985.0,290265.5,65312520.0,10389706000.0,9818878538.0,10.389706,9.818878538,626.43925,366391296.0,349.41796875,1.6427230834960938,171.20169162750244
396,R5,LOCAL_TREE-RECURRENT-MILD,76,45c91e83ed6286fe,POPULATION-RESEED,0.133,65312519.5,2219.0,1117333.0,1737881.5,211492557.5,298408.5,65314738.5,10745702500.0,10222284707.5,10.7457025,10.2222847075,558.6665,378406912.0,360.876953125,1.6573729515075684,201.69502019882202
397,R5,LOCAL_TREE-RECURRENT-MILD,77,1d5127a483fc83e3,CHAMPION-RESEED,0.1345,65312520.0,12.0,1133663.0,1859613.5,222945068.5,320253.0,65312532.0,10645622500.0,10175007455.5,10.6456225,10.1750074555,566.8315,345466880.0,329.462890625,1.773465633392334,212.61698579788208
397,R5,LOCAL_TREE-RECURRENT-MILD,77,1d5127a483fc83e3,PERSIST,0.1295,65312520.0,0.0,1208621.0,1531850.5,168907051.0,276068.5,65312520.0,9918631500.0,9442716420.0,9.9186315,9.44271642,604.3105,334385152.0,318.89453125,1.4608864784240723,161.0823163986206
397,R5,LOCAL_TREE-RECURRENT-MILD,77,1d5127a483fc83e3,POPULATION-RESEED,0.12125,65312520.0,1777.0,1175896.5,2548146.5,226378948.0,315769.5,65314297.0,10756400500.0,10258667070.5,10.7564005,10.2586670705,587.94825,349995008.0,333.78125,2.4301018714904785,215.89178848266602
398,R5,LOCAL_TREE-RECURRENT-MILD,78,4e81220934336ea2,CHAMPION-RESEED,0.13625,65312520.0,14.0,1105330.5,2262426.0,253235236.5,361528.0,65312534.0,11298579500.0,10705352728.5,11.2985795,10.7053527285,552.66525,346333184.0,330.2890625,2.1576175689697266,241.50394105911255
398,R5,LOCAL_TREE-RECURRENT-MILD,78,4e81220934336ea2,PERSIST,0.1355,65312520.0,0.0,1095692.0,2042984.0,209267637.5,333114.0,65312520.0,10853225500.0,10245526891.0,10.8532255,10.245526891,547.846,325787648.0,310.6953125,1.9483413696289062,199.57317113876343
398,R5,LOCAL_TREE-RECURRENT-MILD,78,4e81220934336ea2,POPULATION-RESEED,0.14025,65312520.0,2192.0,1146704.5,2067949.0,230205191.0,322384.0,65314712.0,10807016000.0,10273041194.5,10.807016,10.2730411945,573.35225,354498560.0,338.076171875,1.9721498489379883,219.54077816009521
399,R5,LOCAL_TREE-RECURRENT-MILD,79,d9fce89014a77e22,CHAMPION-RESEED,0.15225,65312520.0,14.0,1240696.0,1763771.0,227147172.5,326118.0,65312534.0,10760830000.0,10335028908.0,10.76083,10.335028908,620.348,339896320.0,324.150390625,1.682063102722168,216.62442445755005
399,R5,LOCAL_TREE-RECURRENT-MILD,79,d9fce89014a77e22,PERSIST,0.14825,65312520.0,0.0,1320426.0,1805662.0,190262626.0,304449.0,65312520.0,10613628500.0,10100969180.5,10.6136285,10.1009691805,660.213,326987776.0,311.83984375,1.7220134735107422,181.448579788208
399,R5,LOCAL_TREE-RECURRENT-MILD,79,d9fce89014a77e22,POPULATION-RESEED,0.14300000000000002,65312520.0,2059.0,1267425.0,2587358.0,240684792.0,335889.5,65314579.0,10858663000.0,10424929642.0,10.858663,10.424929642,633.7125,365025280.0,348.115234375,2.467496871948242,229.53490447998047
400,R5,LOCAL_TREE-RECURRENT-SEVERE,0,d34708c39bc70be7,CHAMPION-RESEED,0.197,65312520.0,14.0,1158547.0,2173157.5,243552818.0,345196.0,65312534.0,11134282500.0,10636498073.5,11.1342825,10.6364980735,579.2735,395466752.0,377.146484375,2.0724844932556152,232.27006721496582
400,R5,LOCAL_TREE-RECURRENT-SEVERE,0,d34708c39bc70be7,PERSIST,0.197,65312520.0,0.0,1242169.5,2528388.5,232875008.5,362709.5,65312520.0,11455822000.0,10881797959.5,11.455822,10.8817979595,621.08475,387624960.0,369.66796875,2.411259174346924,222.08691453933716
400,R5,LOCAL_TREE-RECURRENT-SEVERE,0,d34708c39bc70be7,POPULATION-RESEED,0.20174999999999998,65312520.0,2209.0,1138962.5,2359624.5,237733291.5,329315.5,65314729.0,10888635500.0,10434933776.5,10.8886355,10.4349337765,569.48125,402247680.0,383.61328125,2.2503132820129395,226.72013425827026
401,R5,LOCAL_TREE-RECURRENT-SEVERE,1,75119131053ce3d5,CHAMPION-RESEED,0.20525,65312520.0,12.0,1207429.0,2530614.5,229915277.0,325517.5,65312532.0,10952847500.0,10352976276.0,10.9528475,10.352976276,603.7145,342378496.0,326.517578125,2.413382053375244,219.2642946243286
401,R5,LOCAL_TREE-RECURRENT-SEVERE,1,75119131053ce3d5,PERSIST,0.17175,65312520.0,0.0,1240720.0,2071677.5,199118868.0,315788.0,65312520.0,11103023500.0,10364202059.5,11.1030235,10.3642020595,620.36,318875648.0,304.103515625,1.975705623626709,189.89455032348633
401,R5,LOCAL_TREE-RECURRENT-SEVERE,1,75119131053ce3d5,POPULATION-RESEED,0.20900000000000002,65312520.0,1765.0,1193748.5,2271075.5,223610378.5,310043.5,65314285.0,10697860000.0,10168190793.0,10.69786,10.168190793,596.87425,347551744.0,331.451171875,2.1658663749694824,213.25147485733032
402,R5,LOCAL_TREE-RECURRENT-SEVERE,2,d843f711a3d80ff6,CHAMPION-RESEED,0.173,65312520.0,12.0,1169475.0,1926057.5,231116740.0,328110.5,65312532.0,11145597000.0,10570937524.5,11.145597,10.5709375245,584.7375,349462528.0,333.2734375,1.8368315696716309,220.41009902954102
402,R5,LOCAL_TREE-RECURRENT-SEVERE,2,d843f711a3d80ff6,PERSIST,0.19624999999999998,65312520.0,0.0,7177731.0,2253802.5,193381235.5,304230.0,65312520.0,10832980000.0,10279228818.5,10.83298,10.2792288185,3588.8655,341460992.0,325.642578125,2.1493935585021973,184.42271757125854
402,R5,LOCAL_TREE-RECURRENT-SEVERE,2,d843f711a3d80ff6,POPULATION-RESEED,0.18125,65312520.0,1797.0,1169935.5,2245644.0,229395526.0,317542.5,65314317.0,11071037000.0,10435858425.5,11.071037,10.4358584255,584.96775,349986816.0,333.7734375,2.141613006591797,218.76862144470215
403,R5,LOCAL_TREE-RECURRENT-SEVERE,3,0707fdb88b186bca,CHAMPION-RESEED,0.18775,65312520.0,15.0,1225609.0,2170684.0,270574003.5,380686.5,65312535.0,12128504000.0,11380173419.0,12.128504,11.380173419,612.8045,393512960.0,375.283203125,2.0701255798339844,258.0394778251648
403,R5,LOCAL_TREE-RECURRENT-SEVERE,3,0707fdb88b186bca,PERSIST,0.20274999999999999,65312520.0,0.0,1304621.0,2381942.0,239027708.0,372223.5,65312520.0,12113898000.0,11311479604.5,12.113898,11.3114796045,652.3105,382298112.0,364.587890625,2.271596908569336,227.95458602905273
403,R5,LOCAL_TREE-RECURRENT-SEVERE,3,0707fdb88b186bca,POPULATION-RESEED,0.194,65312520.0,2199.0,1240550.5,2837025.0,267643049.0,367790.5,65314719.0,12102307500.0,11330186425.0,12.1023075,11.330186425,620.27525,394283008.0,376.017578125,2.7055978775024414,255.24430179595947
404,R5,LOCAL_TREE-RECURRENT-SEVERE,4,58f54cb95cb565f4,CHAMPION-RESEED,0.1955,65312520.0,16.0,1230722.5,3108540.5,277975647.5,390259.0,65312536.0,12121146500.0,11402135148.0,12.1211465,11.402135148,615.36125,348708864.0,332.5546875,2.9645352363586426,265.0982356071472
404,R5,LOCAL_TREE-RECURRENT-SEVERE,4,58f54cb95cb565f4,PERSIST,0.226,65312520.0,0.0,1250348.5,2413049.0,222954897.0,350181.5,65312520.0,11348184000.0,10686710799.0,11.348184,10.686710799,625.17425,343771136.0,327.845703125,2.301262855529785,212.62635898590088
404,R5,LOCAL_TREE-RECURRENT-SEVERE,4,58f54cb95cb565f4,POPULATION-RESEED,0.19324999999999998,65312520.0,2124.0,1150982.0,2676112.5,280257730.5,384117.5,65314644.0,11974683000.0,11330511029.5,11.974683,11.3305110295,575.491,380874752.0,363.23046875,2.5521397590637207,267.27459955215454
405,R5,LOCAL_TREE-RECURRENT-SEVERE,5,11a29c8f59bb8d46,CHAMPION-RESEED,0.191,65312520.0,14.0,1188415.0,2284018.5,233517964.5,331038.0,65312534.0,11221330000.0,10635479923.5,11.22133,10.6354799235,594.2075,318425088.0,303.673828125,2.1782097816467285,222.70008516311646
405,R5,LOCAL_TREE-RECURRENT-SEVERE,5,11a29c8f59bb8d46,PERSIST,0.18625,65312520.0,0.0,1212329.0,2583052.0,216390793.0,340430.5,65312520.0,11319787500.0,10664561666.5,11.3197875,10.6645616665,606.1645,312465408.0,297.990234375,2.463390350341797,206.36634159088135
405,R5,LOCAL_TREE-RECURRENT-SEVERE,5,11a29c8f59bb8d46,POPULATION-RESEED,0.19,65312520.0,1914.0,1165432.0,2469003.5,244250908.5,338272.0,65314434.0,11337599500.0,10734332114.5,11.3375995,10.7343321145,582.716,334374912.0,318.884765625,2.3546252250671387,232.93581819534302
406,R5,LOCAL_TREE-RECURRENT-SEVERE,6,2aaaea4fd3cd0fd8,CHAMPION-RESEED,0.19075,65312520.0,15.0,1151775.0,2587654.5,278393241.0,388982.0,65312535.0,12897845000.0,12248335397.5,12.897845,12.2483353975,575.8875,375404544.0,358.013671875,2.4677796363830566,265.4964838027954
406,R5,LOCAL_TREE-RECURRENT-SEVERE,6,2aaaea4fd3cd0fd8,PERSIST,0.182,65312520.0,0.0,1250569.5,1986492.5,199632602.5,316871.0,65312520.0,11617993000.0,11016575603.5,11.617993,11.0165756035,625.28475,362661888.0,345.861328125,1.8944668769836426,190.38448572158813
406,R5,LOCAL_TREE-RECURRENT-SEVERE,6,2aaaea4fd3cd0fd8,POPULATION-RESEED,0.21200000000000002,65312520.0,1841.0,1183501.5,2784586.0,243752832.5,336349.0,65314361.0,11449505500.0,10872896961.5,11.4495055,10.8728969615,591.75075,376774656.0,359.3203125,2.655588150024414,232.46081590652466
407,R5,LOCAL_TREE-RECURRENT-SEVERE,7,814f8a26fcda7c23,CHAMPION-RESEED,0.20224999999999999,65312520.0,14.0,1262391.5,2622050.5,257479907.0,363274.0,65312534.0,13029242000.0,12558743390.5,13.029242,12.5587433905,631.19575,371185664.0,353.990234375,2.500582218170166,245.55197429656982
407,R5,LOCAL_TREE-RECURRENT-SEVERE,7,814f8a26fcda7c23,PERSIST,0.1985,65312520.0,0.0,1164677.0,2823277.0,229557606.0,357785.5,65312520.0,12023395500.0,11423304113.5,12.0233955,11.4233041135,582.3385,355608576.0,339.134765625,2.6924867630004883,218.92319297790527
407,R5,LOCAL_TREE-RECURRENT-SEVERE,7,814f8a26fcda7c23,POPULATION-RESEED,0.20725,65312520.0,2068.0,1249051.5,2428967.0,249915182.5,345955.0,65314588.0,12646043500.0,12032901181.5,12.6460435,12.0329011815,624.52575,373995520.0,356.669921875,2.31644344329834,238.3376908302307
408,R5,LOCAL_TREE-RECURRENT-SEVERE,8,5e2b1841c1f8061d,CHAMPION-RESEED,0.1785,65312520.0,14.0,1176969.0,2560562.5,252138717.5,356630.5,65312534.0,11672885000.0,11063948350.0,11.672885,11.06394835,588.4845,340629504.0,324.849609375,2.4419426918029785,240.45821905136108
408,R5,LOCAL_TREE-RECURRENT-SEVERE,8,5e2b1841c1f8061d,PERSIST,0.20075,65312520.0,0.0,1186844.0,2012199.5,203890168.0,320390.0,65312520.0,11041480000.0,10452427648.0,11.04148,10.452427648,593.422,325122048.0,310.060546875,1.918982982635498,194.44481658935547
408,R5,LOCAL_TREE-RECURRENT-SEVERE,8,5e2b1841c1f8061d,POPULATION-RESEED,0.18525,65312520.0,2149.0,1240682.0,2465917.0,262343444.0,361893.0,65314669.0,12004467500.0,11335038303.5,12.0044675,11.3350383035,620.341,340989952.0,325.193359375,2.351681709289551,250.19020462036133
409,R5,LOCAL_TREE-RECURRENT-SEVERE,9,bb4ed965ada4850b,CHAMPION-RESEED,0.1835,65312520.0,17.0,1139016.0,1920241.5,229020326.0,324880.0,65312537.0,10749909500.0,10203301479.0,10.7499095,10.203301479,569.508,344459264.0,328.501953125,1.831284999847412,218.41080284118652
409,R5,LOCAL_TREE-RECURRENT-SEVERE,9,bb4ed965ada4850b,PERSIST,0.17325000000000002,65312519.5,0.0,1199524.5,1929416.5,198835824.0,313785.5,65312519.5,10717468000.0,10106771932.0,10.717468,10.106771932,599.76225,316307456.0,301.654296875,1.8400349617004395,189.62461853027344
409,R5,LOCAL_TREE-RECURRENT-SEVERE,9,bb4ed965ada4850b,POPULATION-RESEED,0.1795,65312520.0,1803.0,1177207.0,1975013.0,230939735.5,318886.5,65314323.0,10727424500.0,10204868800.0,10.7274245,10.2048688,588.6035,355330048.0,338.869140625,1.883519172668457,220.24129438400269
410,R5,LOCAL_TREE-RECURRENT-SEVERE,10,6750f5ede0a274ba,CHAMPION-RESEED,0.1805,65312520.0,17.0,1251144.0,1929367.0,243225610.0,340430.5,65312537.0,11127986000.0,10594118478.5,11.127986,10.5941184785,625.572,338542592.0,322.859375,1.8399877548217773,231.95801734924316
410,R5,LOCAL_TREE-RECURRENT-SEVERE,10,6750f5ede0a274ba,PERSIST,0.18,65312520.0,0.0,1243063.5,2525880.0,214417994.5,332685.0,65312520.0,11009240000.0,10370398995.5,11.00924,10.3703989955,621.53175,325535744.0,310.455078125,2.4088668823242188,204.48493432998657
410,R5,LOCAL_TREE-RECURRENT-SEVERE,10,6750f5ede0a274ba,POPULATION-RESEED,0.1845,65312520.0,1840.0,1138855.0,1834957.5,220224858.5,302781.0,65314360.0,10554415500.0,9979770074.5,10.5544155,9.9797700745,569.4275,340680704.0,324.8984375,1.7499518394470215,210.02279138565063
411,R5,LOCAL_TREE-RECURRENT-SEVERE,11,e9765bbdfac922d7,CHAMPION-RESEED,0.189,65312520.0,15.0,1366795.0,1758345.0,226166908.0,317930.5,65312535.0,10793119500.0,10243293820.5,10.7931195,10.2432938205,683.3975,316016640.0,301.376953125,1.6768884658813477,215.68957138061523
411,R5,LOCAL_TREE-RECURRENT-SEVERE,11,e9765bbdfac922d7,PERSIST,0.21725,65312520.0,0.0,5667715.0,1700470.0,184532449.0,290368.5,65312520.0,10388581000.0,9839543115.5,10.388581,9.8395431155,2833.8575,309770240.0,295.419921875,1.621694564819336,175.9838571548462
411,R5,LOCAL_TREE-RECURRENT-SEVERE,11,e9765bbdfac922d7,POPULATION-RESEED,0.188,65312520.0,2205.0,1338783.5,2321237.0,257724498.0,350891.0,65314725.0,11573267000.0,10959579816.5,11.573267,10.9595798165,669.39175,327677952.0,312.498046875,2.2137041091918945,245.78523445129395
412,R5,LOCAL_TREE-RECURRENT-SEVERE,12,0c27ae0c6c4647a3,CHAMPION-RESEED,0.193,65312520.0,18.0,1232682.0,2719016.5,293451794.5,405648.5,65312538.0,12120038500.0,11474873094.5,12.1200385,11.4748730945,616.341,354623488.0,338.1953125,2.5930562019348145,279.85743951797485
412,R5,LOCAL_TREE-RECURRENT-SEVERE,12,0c27ae0c6c4647a3,PERSIST,0.18425,65312520.0,0.0,1154907.0,2278107.5,237160037.5,366094.0,65312520.0,11447939500.0,10862256762.0,11.4479395,10.862256762,577.4535,339924992.0,324.177734375,2.172572612762451,226.17343664169312
412,R5,LOCAL_TREE-RECURRENT-SEVERE,12,0c27ae0c6c4647a3,POPULATION-RESEED,0.19424999999999998,65312520.0,2375.0,1159936.5,2544549.5,247828658.5,338734.0,65314895.0,10939309000.0,10485952652.5,10.939309,10.4859526525,579.96825,358832128.0,342.208984375,2.4266715049743652,236.34782648086548
413,R5,LOCAL_TREE-RECURRENT-SEVERE,13,bc92ad430727e7d8,CHAMPION-RESEED,0.19924999999999998,65312520.0,12.0,1190604.0,1827181.5,236139888.5,330690.5,65312532.0,10815347500.0,10190385001.0,10.8153475,10.190385001,595.302,323987456.0,308.978515625,1.7425360679626465,225.2005467414856
413,R5,LOCAL_TREE-RECURRENT-SEVERE,13,bc92ad430727e7d8,PERSIST,0.17425000000000002,65312520.0,0.0,1238378.5,2174798.0,207803509.5,324376.0,65312520.0,10916983000.0,10190198904.0,10.916983,10.190198904,619.18925,310558720.0,296.171875,2.0740489959716797,198.17686986923218
413,R5,LOCAL_TREE-RECURRENT-SEVERE,13,bc92ad430727e7d8,POPULATION-RESEED,0.21425,65312520.0,1772.0,1154624.0,2487558.0,258088321.0,351911.5,65314292.0,11249280000.0,10562446682.5,11.24928,10.5624466825,577.312,325550080.0,310.46875,2.3723201751708984,246.13220310211182
414,R5,LOCAL_TREE-RECURRENT-SEVERE,14,4f4202f3f57ec936,CHAMPION-RESEED,0.16775,65312520.0,12.0,1194362.0,2341509.5,234855742.5,328741.5,65312532.0,10943976500.0,10414164435.0,10.9439765,10.414164435,597.181,346882048.0,330.8125,2.2330374717712402,223.97588968276978
414,R5,LOCAL_TREE-RECURRENT-SEVERE,14,4f4202f3f57ec936,PERSIST,0.196,65312520.0,0.0,1168258.0,2391374.5,210575807.5,327879.0,65312520.0,10859933500.0,10243825040.0,10.8599335,10.24382504,584.129,328640512.0,313.416015625,2.280592441558838,200.8207392692566
414,R5,LOCAL_TREE-RECURRENT-SEVERE,14,4f4202f3f57ec936,POPULATION-RESEED,0.197,65312520.0,1780.0,1144656.0,2679071.5,239064846.5,327185.0,65314300.0,11026283000.0,10392711223.5,11.026283,10.3927112235,572.328,359956480.0,343.28125,2.554961681365967,227.9900040626526
415,R5,LOCAL_TREE-RECURRENT-SEVERE,15,733164791681daa5,CHAMPION-RESEED,0.20875,65312520.0,12.0,1184761.5,2892242.0,267280672.0,371609.0,65312532.0,11649718500.0,11009792990.5,11.6497185,11.0097929905,592.38075,360857600.0,344.140625,2.7582569122314453,254.89871215820312
415,R5,LOCAL_TREE-RECURRENT-SEVERE,15,733164791681daa5,PERSIST,0.21450000000000002,65312520.0,0.0,1229604.5,2447976.5,226329936.5,350105.5,65312520.0,11668305000.0,11039772772.0,11.668305,11.039772772,614.80225,345679872.0,329.666015625,2.3345723152160645,215.84504747390747
415,R5,LOCAL_TREE-RECURRENT-SEVERE,15,733164791681daa5,POPULATION-RESEED,0.21850000000000003,65312520.0,1796.0,1202314.5,3254915.5,254801205.0,348767.0,65314316.0,11394701000.0,10756684937.0,11.394701,10.756684937,601.15725,390830080.0,372.724609375,3.1041293144226074,242.99736499786377
416,R5,LOCAL_TREE-RECURRENT-SEVERE,16,988ac7046e4084d6,CHAMPION-RESEED,0.1785,65312520.0,12.0,1211889.5,2092819.0,231702881.5,325080.0,65312532.0,11078392000.0,10392489244.5,11.078392,10.3924892445,605.94475,322904064.0,307.9453125,1.9958677291870117,220.96908712387085
416,R5,LOCAL_TREE-RECURRENT-SEVERE,16,988ac7046e4084d6,PERSIST,0.178,65312520.0,0.0,1253762.0,1771060.0,177692431.5,280623.5,65312520.0,10099030000.0,9500070302.0,10.09903,9.500070302,626.881,315250688.0,300.646484375,1.6890144348144531,169.4607081413269
416,R5,LOCAL_TREE-RECURRENT-SEVERE,16,988ac7046e4084d6,POPULATION-RESEED,0.18575,65312520.0,1786.0,1228638.0,2952213.5,235920073.5,323434.0,65314306.0,11105176500.0,10453273662.5,11.1051765,10.4532736625,614.319,330663936.0,315.345703125,2.8154501914978027,224.99091482162476
417,R5,LOCAL_TREE-RECURRENT-SEVERE,17,af996521335016cd,CHAMPION-RESEED,0.19924999999999998,65312520.0,12.0,1284477.0,2242846.0,238582674.5,334002.5,65312532.0,10860365500.0,10313647196.5,10.8603655,10.3136471965,642.2385,357425152.0,340.8671875,2.138944625854492,227.53016901016235
417,R5,LOCAL_TREE-RECURRENT-SEVERE,17,af996521335016cd,PERSIST,0.18225,65312520.0,0.0,6029095.5,2152325.0,217814247.5,337475.5,65312520.0,11682920000.0,10989668569.5,11.68292,10.9896685695,3014.54775,343259136.0,327.357421875,2.052617073059082,207.72385358810425
417,R5,LOCAL_TREE-RECURRENT-SEVERE,17,af996521335016cd,POPULATION-RESEED,0.21050000000000002,65312520.0,1779.0,1352515.5,2949455.5,244922798.5,334776.5,65314299.0,10946648000.0,10386265498.5,10.946648,10.3862654985,676.25775,375709696.0,358.3046875,2.8128199577331543,233.5765824317932
418,R5,LOCAL_TREE-RECURRENT-SEVERE,18,88d7e18ffd32aa24,CHAMPION-RESEED,0.20600000000000002,65312520.0,18.0,1276631.5,2678636.0,275117871.0,380924.5,65312538.0,12041831500.0,11405310594.5,12.0418315,11.4053105945,638.31575,353329152.0,336.9609375,2.554546356201172,262.37284755706787
418,R5,LOCAL_TREE-RECURRENT-SEVERE,18,88d7e18ffd32aa24,PERSIST,0.22325,65312519.0,0.0,1334912.5,3327624.0,236218497.0,362950.5,65312519.0,12115260000.0,11396786171.5,12.11526,11.3967861715,667.45625,348968960.0,332.802734375,3.1734695434570312,225.27551364898682
418,R5,LOCAL_TREE-RECURRENT-SEVERE,18,88d7e18ffd32aa24,POPULATION-RESEED,0.20975,65312520.0,2473.0,1172288.0,2743701.5,285869098.5,386372.0,65314993.0,11845736000.0,11225880605.5,11.845736,11.2258806055,586.144,397412352.0,379.001953125,2.6165976524353027,272.62601709365845
419,R5,LOCAL_TREE-RECURRENT-SEVERE,19,0c0d56a3bf38d10d,CHAMPION-RESEED,0.20425,65312520.0,15.0,1145410.5,2266391.0,257232837.0,360456.5,65312535.0,11120844500.0,10648329656.5,11.1208445,10.6483296565,572.70525,410851328.0,391.818359375,2.1613988876342773,245.31634998321533
419,R5,LOCAL_TREE-RECURRENT-SEVERE,19,0c0d56a3bf38d10d,PERSIST,0.20400000000000001,65312520.0,0.0,1226764.0,2772506.5,232815077.0,358364.0,65312520.0,11493784500.0,10852102583.5,11.4937845,10.8521025835,613.382,397037568.0,378.64453125,2.6440682411193848,222.02975940704346
419,R5,LOCAL_TREE-RECURRENT-SEVERE,19,0c0d56a3bf38d10d,POPULATION-RESEED,0.1855,65312520.0,2107.0,1120859.0,2731153.5,249000943.0,341207.5,65314627.0,10922609500.0,10476119502.5,10.9226095,10.4761195025,560.4295,432508928.0,412.47265625,2.604630947113037,237.46580410003662
420,R5,LOCAL_TREE-RECURRENT-SEVERE,20,d33932dd687c6b14,CHAMPION-RESEED,0.21275,65312520.0,14.0,1328692.0,2876141.0,278329529.0,387486.5,65312534.0,11607576000.0,11081119980.0,11.607576,11.08111998,664.346,398360576.0,379.90625,2.7429018020629883,265.43572330474854
420,R5,LOCAL_TREE-RECURRENT-SEVERE,20,d33932dd687c6b14,PERSIST,0.1995,65312520.0,0.0,1358609.5,2605810.5,261603250.5,399940.0,65312520.0,11988746500.0,11326576416.5,11.9887465,11.3265764165,679.30475,389238784.0,371.20703125,2.4850945472717285,249.48430109024048
420,R5,LOCAL_TREE-RECURRENT-SEVERE,20,d33932dd687c6b14,POPULATION-RESEED,0.205,65312520.0,2199.0,1362725.0,2256010.0,309377916.5,418156.5,65314719.0,12459610000.0,11802109646.0,12.45961,11.802109646,681.3625,400764928.0,382.19921875,2.151498794555664,295.0457730293274
421,R5,LOCAL_TREE-RECURRENT-SEVERE,21,e8d87c79f1685b36,CHAMPION-RESEED,0.19525,65312520.0,14.0,1212527.0,2373728.5,265927240.0,371365.0,65312534.0,12074904500.0,11382975995.0,12.0749045,11.382975995,606.2635,337633280.0,321.9921875,2.263763904571533,253.60797882080078
421,R5,LOCAL_TREE-RECURRENT-SEVERE,21,e8d87c79f1685b36,PERSIST,0.22025,65312520.0,0.0,1393140.5,2449647.0,230347221.0,356353.0,65312520.0,11644701500.0,10969008735.5,11.6447015,10.9690087355,696.57025,321230848.0,306.349609375,2.336165428161621,219.6762285232544
421,R5,LOCAL_TREE-RECURRENT-SEVERE,21,e8d87c79f1685b36,POPULATION-RESEED,0.21375,65312520.0,2083.0,1142013.0,2822084.0,269433058.0,366695.5,65314603.0,11922647000.0,11273302482.5,11.922647,11.2733024825,571.0065,347801600.0,331.689453125,2.6913490295410156,256.9513874053955
422,R5,LOCAL_TREE-RECURRENT-SEVERE,22,459988bda1ccaa1f,CHAMPION-RESEED,0.172,65312520.0,12.0,1175085.5,2632571.5,260623599.5,362557.5,65312532.0,11859045500.0,11196812342.0,11.8590455,11.196812342,587.54275,333639680.0,318.18359375,2.510615825653076,248.55003309249878
422,R5,LOCAL_TREE-RECURRENT-SEVERE,22,459988bda1ccaa1f,PERSIST,0.19374999999999998,65312520.0,0.0,1256845.5,3083108.5,234273429.0,360407.5,65312520.0,12046912000.0,11274584565.0,12.046912,11.274584565,628.42275,322435072.0,307.498046875,2.940281391143799,223.42055225372314
422,R5,LOCAL_TREE-RECURRENT-SEVERE,22,459988bda1ccaa1f,POPULATION-RESEED,0.2005,65312520.0,1779.0,1117255.0,2105546.5,225113357.5,309051.0,65314299.0,11188698500.0,10575564166.0,11.1886985,10.575564166,558.6275,370188288.0,353.0390625,2.0080056190490723,214.68482732772827
423,R5,LOCAL_TREE-RECURRENT-SEVERE,23,b90963df5d0207d5,CHAMPION-RESEED,0.19525,65312520.0,13.0,1271669.5,2668972.0,245788990.5,344002.5,65312533.0,11673033000.0,10914951428.0,11.673033,10.914951428,635.83475,379088896.0,361.52734375,2.545330047607422,234.40264749526978
423,R5,LOCAL_TREE-RECURRENT-SEVERE,23,b90963df5d0207d5,PERSIST,0.18325000000000002,65312520.0,0.0,1285112.5,2257439.0,233875284.5,360822.5,65312520.0,11885358500.0,11015584340.0,11.8853585,11.01558434,642.55625,366317568.0,349.34765625,2.1528615951538086,223.04085206985474
423,R5,LOCAL_TREE-RECURRENT-SEVERE,23,b90963df5d0207d5,POPULATION-RESEED,0.1925,65312520.0,1796.0,1237176.5,1944450.0,215799477.0,297205.0,65314316.0,10998824500.0,10346760438.0,10.9988245,10.346760438,618.58825,385050624.0,367.212890625,1.8543720245361328,205.80241870880127
424,R5,LOCAL_TREE-RECURRENT-SEVERE,24,2c401403d71257e5,CHAMPION-RESEED,0.19224999999999998,65312520.0,12.0,1262087.0,2355384.5,262307714.5,365286.0,65312532.0,11672995500.0,11047419694.5,11.6729955,11.0474196945,631.0435,334528512.0,319.03125,2.246269702911377,250.1561303138733
424,R5,LOCAL_TREE-RECURRENT-SEVERE,24,2c401403d71257e5,PERSIST,0.203,65312520.0,0.0,1295288.0,1683078.5,181109521.0,288286.5,65312520.0,10449536500.0,9865492451.5,10.4495365,9.8654924515,647.644,323997696.0,308.98828125,1.6051087379455566,172.71949863433838
424,R5,LOCAL_TREE-RECURRENT-SEVERE,24,2c401403d71257e5,POPULATION-RESEED,0.17725,65312520.0,1780.0,1244106.0,2597955.5,240987707.0,329078.0,65314300.0,11438807500.0,10731678210.0,11.4388075,10.73167821,622.053,339673088.0,323.9375,2.4776034355163574,229.82378673553467
425,R5,LOCAL_TREE-RECURRENT-SEVERE,25,69f5019d3b97e534,CHAMPION-RESEED,0.21200000000000002,65312520.0,15.0,1339249.5,3261242.0,298071660.0,412315.0,65312535.0,12636822000.0,11918893500.5,12.636822,11.9188935005,669.62475,361275392.0,344.5390625,3.1101627349853516,284.2632865905762
425,R5,LOCAL_TREE-RECURRENT-SEVERE,25,69f5019d3b97e534,PERSIST,0.20525,65312520.0,0.0,1312660.5,2464842.5,215711673.5,334713.0,65312520.0,11622207000.0,10885492087.5,11.622207,10.8854920875,656.33025,329054208.0,313.810546875,2.3506569862365723,205.7186827659607
425,R5,LOCAL_TREE-RECURRENT-SEVERE,25,69f5019d3b97e534,POPULATION-RESEED,0.2095,65312520.0,2511.0,1272545.5,3348032.0,293765750.5,398865.0,65315031.0,12678753500.0,11893115976.5,12.6787535,11.8931159765,636.27275,386095104.0,368.208984375,3.19293212890625,280.1568512916565
426,R5,LOCAL_TREE-RECURRENT-SEVERE,26,84cf81ac019e61a9,CHAMPION-RESEED,0.193,65312520.0,13.0,1231880.0,2866697.0,289735859.0,401964.0,65312533.0,12148284000.0,11460215691.0,12.148284,11.460215691,615.94,395239424.0,376.9296875,2.7338953018188477,276.31364727020264
426,R5,LOCAL_TREE-RECURRENT-SEVERE,26,84cf81ac019e61a9,PERSIST,0.18525,65312520.0,0.0,5393999.5,3300296.0,257014325.0,393124.0,65312520.0,12430833000.0,11607703730.5,12.430833,11.6077037305,2696.99975,357623808.0,341.056640625,3.1474075317382812,245.10796070098877
426,R5,LOCAL_TREE-RECURRENT-SEVERE,26,84cf81ac019e61a9,POPULATION-RESEED,0.185,65312519.5,1903.0,1202172.0,3437235.0,303648006.0,410488.5,65314422.5,12322373000.0,11598265425.5,12.322373,11.5982654255,601.086,403484672.0,384.79296875,3.2780027389526367,289.5813045501709
427,R5,LOCAL_TREE-RECURRENT-SEVERE,27,6f39e1d3b4d6e18b,CHAMPION-RESEED,0.167,65312520.0,13.0,1120119.5,2578107.0,242084185.0,338914.0,65312533.0,10735198500.0,10288002280.0,10.7351985,10.28800228,560.05975,317732864.0,303.013671875,2.458674430847168,230.86946964263916
427,R5,LOCAL_TREE-RECURRENT-SEVERE,27,6f39e1d3b4d6e18b,PERSIST,0.15949999999999998,65312520.0,0.0,1194864.0,2128458.5,202916300.0,316888.0,65312520.0,10551957000.0,10029115470.5,10.551957,10.0291154705,597.432,302018560.0,288.02734375,2.0298562049865723,193.51606369018555
427,R5,LOCAL_TREE-RECURRENT-SEVERE,27,6f39e1d3b4d6e18b,POPULATION-RESEED,0.15150000000000002,65312520.0,1933.0,1090285.5,2205553.5,227330849.0,312339.5,65314453.0,10415900000.0,9947392294.0,10.4159,9.947392294,545.14275,319119360.0,304.3359375,2.103379726409912,216.79959201812744
428,R5,LOCAL_TREE-RECURRENT-SEVERE,28,de920ba7d942cbad,CHAMPION-RESEED,0.17525000000000002,65312520.0,14.0,1178233.5,2148451.5,238665596.0,335085.5,65312534.0,10863068000.0,10317039884.0,10.863068,10.317039884,589.11675,360636416.0,343.9296875,2.0489230155944824,227.60924911499023
428,R5,LOCAL_TREE-RECURRENT-SEVERE,28,de920ba7d942cbad,PERSIST,0.1855,65312520.0,0.0,1237024.0,2258929.0,224429421.0,348319.5,65312520.0,11159172500.0,10485442242.0,11.1591725,10.485442242,618.512,331380736.0,316.029296875,2.154282569885254,214.0325746536255
428,R5,LOCAL_TREE-RECURRENT-SEVERE,28,de920ba7d942cbad,POPULATION-RESEED,0.1945,65312520.0,2086.0,1228150.0,2189773.5,238326947.5,326641.5,65314606.0,10861426500.0,10344203923.5,10.8614265,10.3442039235,614.075,366794752.0,349.802734375,2.0883307456970215,227.28628873825073
429,R5,LOCAL_TREE-RECURRENT-SEVERE,29,a064f08a26951b89,CHAMPION-RESEED,0.19624999999999998,65312520.0,15.0,1107563.5,2684353.0,271556367.0,377644.0,65312535.0,11596160500.0,10979111027.0,11.5961605,10.979111027,553.78175,393558016.0,375.326171875,2.5599985122680664,258.97633266448975
429,R5,LOCAL_TREE-RECURRENT-SEVERE,29,a064f08a26951b89,PERSIST,0.21275,65312520.0,0.0,1267239.5,2302971.0,232128468.5,358019.0,65312520.0,11397703500.0,10728420301.0,11.3977035,10.728420301,633.61975,379662336.0,362.07421875,2.196284294128418,221.37495851516724
429,R5,LOCAL_TREE-RECURRENT-SEVERE,29,a064f08a26951b89,POPULATION-RESEED,0.20425,65312520.0,2259.0,6149597.0,2538399.5,239376017.5,328853.5,65314779.0,10847210500.0,10296224167.5,10.8472105,10.2962241675,3074.7985,398669824.0,380.201171875,2.420806407928467,228.28675985336304
430,R5,LOCAL_TREE-RECURRENT-SEVERE,30,1911fcc1848bc3ed,CHAMPION-RESEED,0.20450000000000002,65312520.0,14.0,1205601.5,2426145.0,249482561.5,348552.5,65312534.0,11036425000.0,10565195276.5,11.036425,10.5651952765,602.80075,394735616.0,376.44921875,2.3137521743774414,237.92511129379272
430,R5,LOCAL_TREE-RECURRENT-SEVERE,30,1911fcc1848bc3ed,PERSIST,0.1935,65312520.0,0.0,1266963.5,2461523.5,212386155.5,330814.0,65312520.0,10964465500.0,10425546563.5,10.9644655,10.4255465635,633.48175,382265344.0,364.556640625,2.34749174118042,202.547221660614
430,R5,LOCAL_TREE-RECURRENT-SEVERE,30,1911fcc1848bc3ed,POPULATION-RESEED,0.18825,65312520.0,2119.0,1156383.5,2461156.5,249143072.0,341072.0,65314639.0,11133507500.0,10612389772.0,11.1335075,10.612389772,578.19175,396099584.0,377.75,2.347141742706299,237.60134887695312
431,R5,LOCAL_TREE-RECURRENT-SEVERE,31,d635a03c8a4c73c8,CHAMPION-RESEED,0.20850000000000002,65312520.0,13.0,1174822.5,2639975.5,242583769.0,339339.0,65312533.0,10824868500.0,10381934960.0,10.8248685,10.38193496,587.41125,408668160.0,389.736328125,2.517676830291748,231.34591007232666
431,R5,LOCAL_TREE-RECURRENT-SEVERE,31,d635a03c8a4c73c8,PERSIST,0.21225,65312520.0,0.0,1196883.0,2177647.0,205759840.5,321504.0,65312520.0,10588046500.0,10060213564.5,10.5880465,10.0602135645,598.4415,400726016.0,382.162109375,2.076766014099121,196.22787523269653
431,R5,LOCAL_TREE-RECURRENT-SEVERE,31,d635a03c8a4c73c8,POPULATION-RESEED,0.21025,65312520.0,1975.0,1190696.0,2597628.5,264590767.0,359639.0,65314495.0,11103679500.0,10647818840.0,11.1036795,10.64781884,595.348,419442688.0,400.01171875,2.4772915840148926,252.33341884613037
432,R5,LOCAL_TREE-RECURRENT-SEVERE,32,6dc40fc96b5cd724,CHAMPION-RESEED,0.18375,65312520.0,18.0,1133032.5,2388764.5,259049034.5,359795.0,65312538.0,11119872500.0,10673789677.0,11.1198725,10.673789677,566.51625,358975488.0,342.345703125,2.2781033515930176,247.04841089248657
432,R5,LOCAL_TREE-RECURRENT-SEVERE,32,6dc40fc96b5cd724,PERSIST,0.192,65312520.0,0.0,1212723.0,2285089.5,205561296.5,320479.0,65312520.0,10648101000.0,10142094749.0,10.648101,10.142094749,606.3615,342444032.0,326.580078125,2.1792311668395996,196.03852891921997
432,R5,LOCAL_TREE-RECURRENT-SEVERE,32,6dc40fc96b5cd724,POPULATION-RESEED,0.19375,65312520.0,2234.0,1120883.5,2401712.0,244164648.0,333452.5,65314754.0,10803047500.0,10343004549.5,10.8030475,10.3430045495,560.44175,371482624.0,354.2734375,2.2904510498046875,232.85355377197266
433,R5,LOCAL_TREE-RECURRENT-SEVERE,33,ea436cccd28588f5,CHAMPION-RESEED,0.209,65312520.0,14.0,1361480.0,2696575.5,243809509.0,339644.0,65312534.0,10989203500.0,10503809279.0,10.9892035,10.503809279,680.74,390723584.0,372.623046875,2.571654796600342,232.51486682891846
433,R5,LOCAL_TREE-RECURRENT-SEVERE,33,ea436cccd28588f5,PERSIST,0.2205,65312520.0,0.0,1237540.0,3144891.0,242832408.5,372933.0,65312520.0,11395477500.0,10860461304.0,11.3954775,10.860461304,618.77,387799040.0,369.833984375,2.999201774597168,231.58303117752075
433,R5,LOCAL_TREE-RECURRENT-SEVERE,33,ea436cccd28588f5,POPULATION-RESEED,0.22175,65312520.0,2463.0,1181954.0,2902204.0,258449922.5,351115.0,65314983.0,11355659000.0,10788663720.0,11.355659,10.78866372,590.977,391491584.0,373.35546875,2.7677574157714844,246.4770531654358
434,R5,LOCAL_TREE-RECURRENT-SEVERE,34,3b908a3700c7e623,CHAMPION-RESEED,0.21425,65312520.0,15.0,1221543.0,2496434.5,273826844.5,380980.5,65312535.0,12032807500.0,11473179881.0,12.0328075,11.473179881,610.7715,381761536.0,364.076171875,2.3807854652404785,261.141628742218
434,R5,LOCAL_TREE-RECURRENT-SEVERE,34,3b908a3700c7e623,PERSIST,0.20124999999999998,65312520.0,0.0,1242412.5,2386413.5,222401703.5,343982.0,65312520.0,11534670500.0,10956158602.0,11.5346705,10.956158602,621.20625,377442304.0,359.95703125,2.2758612632751465,212.098792552948
434,R5,LOCAL_TREE-RECURRENT-SEVERE,34,3b908a3700c7e623,POPULATION-RESEED,0.2085,65312520.0,2257.0,1211757.0,2352052.5,255234722.0,348579.0,65314777.0,11523721000.0,10964258867.5,11.523721,10.9642588675,605.8785,388657152.0,370.65234375,2.2430920600891113,243.41079902648926
435,R5,LOCAL_TREE-RECURRENT-SEVERE,35,b484ea75537472fd,CHAMPION-RESEED,0.18475,65312520.0,18.0,1187504.5,2491295.5,276916982.0,384702.5,65312538.0,12027543000.0,11348901584.5,12.027543,11.3489015845,593.75225,375486464.0,358.091796875,2.375884532928467,264.08861351013184
435,R5,LOCAL_TREE-RECURRENT-SEVERE,35,b484ea75537472fd,PERSIST,0.19,65312520.0,0.0,6141210.5,2102266.0,215464098.0,333549.5,65312520.0,11336723500.0,10642024962.5,11.3367235,10.6420249625,3070.60525,340144128.0,324.38671875,2.0048770904541016,205.48257637023926
435,R5,LOCAL_TREE-RECURRENT-SEVERE,35,b484ea75537472fd,POPULATION-RESEED,0.19125,65312520.0,2639.0,1161090.0,2577146.5,268774998.0,365143.5,65315159.0,11704240000.0,11006502394.0,11.70424,11.006502394,580.545,389251072.0,371.21875,2.4577584266662598,256.3238124847412
436,R5,LOCAL_TREE-RECURRENT-SEVERE,36,2a90f6546417b85b,CHAMPION-RESEED,0.1855,65312520.0,14.0,1182279.0,2376753.0,265172694.0,369205.0,65312534.0,11217524000.0,10654721545.0,11.217524,10.654721545,591.1395,365737984.0,348.794921875,2.266648292541504,252.8883876800537
436,R5,LOCAL_TREE-RECURRENT-SEVERE,36,2a90f6546417b85b,PERSIST,0.20800000000000002,65312520.0,0.0,1215128.0,2521446.0,213263001.0,332044.0,65312520.0,10832705000.0,10201349193.5,10.832705,10.2013491935,607.564,324902912.0,309.8515625,2.4046382904052734,203.3834466934204
436,R5,LOCAL_TREE-RECURRENT-SEVERE,36,2a90f6546417b85b,POPULATION-RESEED,0.20875,65312520.0,2098.0,1314718.0,3254987.0,270000943.5,366627.5,65314618.0,11427810500.0,10823589703.5,11.4278105,10.8235897035,657.359,376625152.0,359.177734375,3.1041975021362305,257.49296522140503
437,R5,LOCAL_TREE-RECURRENT-SEVERE,37,e92f25a7aab7f9f0,CHAMPION-RESEED,0.20074999999999998,65312520.0,16.0,1153519.0,2057869.5,268034263.0,372821.5,65312536.0,11402394000.0,10775326499.5,11.402394,10.7753264995,576.7595,333293568.0,317.853515625,1.9625372886657715,255.61739253997803
437,R5,LOCAL_TREE-RECURRENT-SEVERE,37,e92f25a7aab7f9f0,PERSIST,0.21250000000000002,65312520.0,0.0,1152901.5,2022439.0,206598951.0,323002.5,65312520.0,10553806000.0,10019605764.5,10.553806,10.0196057645,576.45075,321660928.0,306.759765625,1.9287481307983398,197.02811336517334
437,R5,LOCAL_TREE-RECURRENT-SEVERE,37,e92f25a7aab7f9f0,POPULATION-RESEED,0.194,65312520.0,2455.0,1183970.5,2355701.5,247325892.5,337983.0,65314975.0,11128587000.0,10469041458.0,11.128587,10.469041458,591.98525,360087552.0,343.40625,2.2465720176696777,235.86835145950317
438,R5,LOCAL_TREE-RECURRENT-SEVERE,38,1efdfec52b0cb118,CHAMPION-RESEED,0.19425,65312520.0,12.0,6293904.5,1833996.0,222737061.0,313571.0,65312532.0,10277695000.0,9911832041.0,10.277695,9.911832041,3146.95225,402593792.0,383.943359375,1.7490348815917969,212.4186143875122
438,R5,LOCAL_TREE-RECURRENT-SEVERE,38,1efdfec52b0cb118,PERSIST,0.20274999999999999,65312520.0,0.0,1147001.0,2613955.5,213323487.5,333362.5,65312520.0,10735426500.0,10220626781.5,10.7354265,10.2206267815,573.5005,393826304.0,375.58203125,2.4928622245788574,203.44113111495972
438,R5,LOCAL_TREE-RECURRENT-SEVERE,38,1efdfec52b0cb118,POPULATION-RESEED,0.1945,65312520.0,1846.0,1120835.5,2101581.5,230910073.0,315802.5,65314366.0,10496825500.0,10049411694.5,10.4968255,10.0494116945,560.41775,414035968.0,394.85546875,2.0042243003845215,220.21300601959229
439,R5,LOCAL_TREE-RECURRENT-SEVERE,39,f4ac922e1d1fad9e,CHAMPION-RESEED,0.186,65312520.0,15.0,1226714.5,3077351.5,281906526.5,391350.5,65312535.0,11834822000.0,11209651509.5,11.834822,11.2096515095,613.35725,343584768.0,327.66796875,2.934791088104248,268.8470139503479
439,R5,LOCAL_TREE-RECURRENT-SEVERE,39,f4ac922e1d1fad9e,PERSIST,0.1895,65312520.0,0.0,1253253.0,2285715.0,249279756.0,382872.5,65312520.0,11875905000.0,11137566527.5,11.875905,11.1375665275,626.6265,329523200.0,314.2578125,2.1798276901245117,237.7317008972168
439,R5,LOCAL_TREE-RECURRENT-SEVERE,39,f4ac922e1d1fad9e,POPULATION-RESEED,0.18775,65312520.0,2226.0,1108072.5,2559696.5,275356934.0,374239.5,65314746.0,11766105500.0,11072666186.5,11.7661055,11.0726661865,554.03625,354279424.0,337.8671875,2.4411168098449707,262.6008358001709
440,R5,LOCAL_TREE-RECURRENT-SEVERE,40,4801856578d26089,CHAMPION-RESEED,0.19474999999999998,65312520.0,14.0,1166569.0,2472974.5,246600419.5,344969.5,65312534.0,11263960000.0,10529300186.0,11.26396,10.529300186,583.2845,383569920.0,365.80078125,2.358412265777588,235.17648649215698
440,R5,LOCAL_TREE-RECURRENT-SEVERE,40,4801856578d26089,PERSIST,0.1955,65312520.0,0.0,1276475.5,1759823.0,180589231.5,286039.0,65312520.0,10213556500.0,9603902469.0,10.2135565,9.603902469,638.23775,376008704.0,358.58984375,1.678297996520996,172.22331190109253
440,R5,LOCAL_TREE-RECURRENT-SEVERE,40,4801856578d26089,POPULATION-RESEED,0.218,65312520.0,2079.0,1119893.5,2399603.0,241066407.0,329196.0,65314599.0,10882676500.0,10245967672.5,10.8826765,10.2459676725,559.94675,389881856.0,371.8203125,2.2884397506713867,229.89884090423584
441,R5,LOCAL_TREE-RECURRENT-SEVERE,41,a826506dae6d597f,CHAMPION-RESEED,0.17625000000000002,65312520.0,13.0,1216878.5,3207672.0,298540122.0,413508.5,65312533.0,12192937000.0,11429541402.0,12.192937,11.429541402,608.43925,346109952.0,330.076171875,3.0590744018554688,284.7100467681885
441,R5,LOCAL_TREE-RECURRENT-SEVERE,41,a826506dae6d597f,PERSIST,0.18225000000000002,65312520.0,0.0,1206353.5,2591213.5,226409149.5,350174.0,65312520.0,11134946500.0,10501096194.5,11.1349465,10.5010961945,603.17675,331616256.0,316.25390625,2.4711737632751465,215.92059087753296
441,R5,LOCAL_TREE-RECURRENT-SEVERE,41,a826506dae6d597f,POPULATION-RESEED,0.1935,65312520.0,1929.0,1219595.5,2808528.5,253747417.5,347181.5,65314449.0,11191745500.0,10545260461.5,11.1917455,10.5452604615,609.79775,366372864.0,349.400390625,2.6784214973449707,241.99239492416382
442,R5,LOCAL_TREE-RECURRENT-SEVERE,42,9fe69aa8560bc29c,CHAMPION-RESEED,0.182,65312520.0,12.0,1195958.5,2073774.0,251312545.0,351282.5,65312532.0,10971463500.0,10410644370.0,10.9714635,10.41064437,597.97925,319549440.0,304.74609375,1.9777050018310547,239.67031955718994
442,R5,LOCAL_TREE-RECURRENT-SEVERE,42,9fe69aa8560bc29c,PERSIST,0.21500000000000002,65312520.0,0.0,1219240.0,2191526.0,208153367.5,325227.0,65312520.0,10675498000.0,10046173330.5,10.675498,10.0461733305,609.62,300867584.0,286.9296875,2.0900020599365234,198.51052045822144
442,R5,LOCAL_TREE-RECURRENT-SEVERE,42,9fe69aa8560bc29c,POPULATION-RESEED,0.18025000000000002,65312520.0,1740.0,1199342.5,2536611.5,250009628.5,340261.0,65314260.0,10910520500.0,10342680217.5,10.9105205,10.3426802175,599.67125,319662080.0,304.853515625,2.4191012382507324,238.42776155471802
443,R5,LOCAL_TREE-RECURRENT-SEVERE,43,1b337ea3e84027a8,CHAMPION-RESEED,0.19225,65312520.0,13.0,1159768.0,2095007.0,242716560.0,339754.0,65312533.0,10874749500.0,10328293781.5,10.8747495,10.3282937815,579.884,361203712.0,344.470703125,1.9979543685913086,231.47254943847656
443,R5,LOCAL_TREE-RECURRENT-SEVERE,43,1b337ea3e84027a8,PERSIST,0.19175,65312520.0,0.0,1230947.0,2256259.5,216978489.0,337790.5,65312520.0,11332950500.0,10715507545.0,11.3329505,10.715507545,615.4735,347686912.0,331.580078125,2.1517367362976074,206.92681217193604
443,R5,LOCAL_TREE-RECURRENT-SEVERE,43,1b337ea3e84027a8,POPULATION-RESEED,0.19375,65312520.0,1979.0,1162758.5,2013282.0,236844073.0,323590.5,65314499.0,10652806000.0,10085574884.5,10.652806,10.0855748845,581.37925,371185664.0,353.990234375,1.9200153350830078,225.87210941314697
444,R5,LOCAL_TREE-RECURRENT-SEVERE,44,5268d64cef0286a0,CHAMPION-RESEED,0.20400000000000001,65312520.0,13.0,1150151.5,2600468.5,278302574.0,387837.0,65312533.0,11568642000.0,11056727237.0,11.568642,11.056727237,575.07575,336269312.0,320.69140625,2.4800000190734863,265.4100170135498
444,R5,LOCAL_TREE-RECURRENT-SEVERE,44,5268d64cef0286a0,PERSIST,0.19724999999999998,65312520.0,0.0,1232145.5,2268709.5,211105466.0,328673.0,65312520.0,10952877500.0,10346105622.0,10.9528775,10.346105622,616.07275,323680256.0,308.685546875,2.1636099815368652,201.32586097717285
444,R5,LOCAL_TREE-RECURRENT-SEVERE,44,5268d64cef0286a0,POPULATION-RESEED,0.21800000000000003,65312520.0,2003.0,1183738.5,3000811.0,251514013.0,345829.0,65314523.0,10946777000.0,10444139125.0,10.946777,10.444139125,591.86925,351580160.0,335.29296875,2.8617963790893555,239.86245441436768
445,R5,LOCAL_TREE-RECURRENT-SEVERE,45,0936b49741f0f7ec,CHAMPION-RESEED,0.18475000000000003,65312520.0,20.0,1128161.0,3201336.5,304656761.5,419820.5,65312540.0,11964510000.0,11391404144.0,11.96451,11.391404144,564.0805,359008256.0,342.376953125,3.053032398223877,290.54332876205444
445,R5,LOCAL_TREE-RECURRENT-SEVERE,45,0936b49741f0f7ec,PERSIST,0.19325,65312520.0,0.0,1060027.0,2266651.5,236239937.0,364439.0,65312520.0,11129478000.0,10574034936.5,11.129478,10.5740349365,530.0135,340873216.0,325.08203125,2.161647319793701,225.29596042633057
445,R5,LOCAL_TREE-RECURRENT-SEVERE,45,0936b49741f0f7ec,POPULATION-RESEED,0.19674999999999998,65312520.0,2831.0,1100095.0,2564335.0,258870138.5,352433.0,65315351.0,11047186500.0,10495262379.5,11.0471865,10.4952623795,550.0475,360552448.0,343.849609375,2.445540428161621,246.87780237197876
446,R5,LOCAL_TREE-RECURRENT-SEVERE,46,c019da9eb3d32289,CHAMPION-RESEED,0.194,65312520.0,12.0,6232526.0,2560886.5,251021904.5,349703.0,65312532.0,11037370000.0,10451028707.5,11.03737,10.4510287075,3116.263,342374400.0,326.513671875,2.442251682281494,239.39314317703247
446,R5,LOCAL_TREE-RECURRENT-SEVERE,46,c019da9eb3d32289,PERSIST,0.17675000000000002,65312520.0,0.0,1255072.0,1823704.5,193860330.5,304422.0,65312520.0,10400589500.0,9807981352.0,10.4005895,9.807981352,627.536,321390592.0,306.501953125,1.739220142364502,184.8796181678772
446,R5,LOCAL_TREE-RECURRENT-SEVERE,46,c019da9eb3d32289,POPULATION-RESEED,0.20400000000000001,65312520.0,1772.0,1169959.5,1788219.0,216082145.0,296970.5,65314292.0,10172305000.0,9669347519.5,10.172305,9.6693475195,584.97975,351236096.0,334.96484375,1.705378532409668,206.0719919204712
447,R5,LOCAL_TREE-RECURRENT-SEVERE,47,e081761b520d3a23,CHAMPION-RESEED,0.20575,65312520.0,16.0,1110599.0,2776935.5,284756629.0,395251.5,65312536.0,11583816500.0,11090106701.0,11.5838165,11.090106701,555.2995,388319232.0,370.330078125,2.648292064666748,271.56508350372314
447,R5,LOCAL_TREE-RECURRENT-SEVERE,47,e081761b520d3a23,PERSIST,0.20825,65312520.0,0.0,1145568.5,2295684.5,261585275.5,401220.0,65312520.0,11866839000.0,11240089099.5,11.866839,11.2400890995,572.78425,374034432.0,356.70703125,2.189335346221924,249.46715879440308
447,R5,LOCAL_TREE-RECURRENT-SEVERE,47,e081761b520d3a23,POPULATION-RESEED,0.21225,65312520.0,1958.0,1196198.0,2593636.5,246879281.0,338154.0,65314478.0,11089620000.0,10474614929.5,11.08962,10.4746149295,598.099,391063552.0,372.947265625,2.473484516143799,235.4424295425415
448,R5,LOCAL_TREE-RECURRENT-SEVERE,48,3eafe610f318bd2f,CHAMPION-RESEED,0.17475000000000002,65312520.0,12.0,1193040.5,2703058.5,255908188.0,355995.5,65312532.0,11037974500.0,10561378293.5,11.0379745,10.5613782935,596.52025,357359616.0,340.8046875,2.5778374671936035,244.0530662536621
448,R5,LOCAL_TREE-RECURRENT-SEVERE,48,3eafe610f318bd2f,PERSIST,0.1915,65312520.0,0.0,1101037.0,1730243.0,210819328.5,328504.5,65312520.0,10629839500.0,10116248920.0,10.6298395,10.11624892,550.5185,346857472.0,330.7890625,1.6500883102416992,201.05297899246216
448,R5,LOCAL_TREE-RECURRENT-SEVERE,48,3eafe610f318bd2f,POPULATION-RESEED,0.1935,65312520.0,1771.0,7157532.0,2694130.5,252817923.0,344289.5,65314291.0,10960618000.0,10414940383.5,10.960618,10.4149403835,3578.766,374915072.0,357.546875,2.5693230628967285,241.10595989227295
449,R5,LOCAL_TREE-RECURRENT-SEVERE,49,33391ab7ceb33e94,CHAMPION-RESEED,0.20425,65312520.0,15.0,1291721.5,2878396.5,296869152.5,411569.5,65312535.0,11870051500.0,11344168378.0,11.8700515,11.344168378,645.86075,412669952.0,393.552734375,2.7450528144836426,283.1164860725403
449,R5,LOCAL_TREE-RECURRENT-SEVERE,49,33391ab7ceb33e94,PERSIST,0.20024999999999998,65312520.0,0.0,1314773.5,2214269.0,231137624.0,357822.5,65312520.0,11203132000.0,10636304349.0,11.203132,10.636304349,657.38675,400328704.0,381.783203125,2.111691474914551,220.43001556396484
449,R5,LOCAL_TREE-RECURRENT-SEVERE,49,33391ab7ceb33e94,POPULATION-RESEED,0.1875,65312520.0,2364.0,1276022.0,2663488.5,268092687.5,365110.0,65314884.0,11422013500.0,10880236488.5,11.4220135,10.8802364885,638.011,421285888.0,401.76953125,2.540100574493408,255.6731104850769
450,R5,LOCAL_TREE-RECURRENT-SEVERE,50,f07110adeb865690,CHAMPION-RESEED,0.18425,65312520.0,12.0,5756969.5,1830488.5,234844515.0,329745.0,65312532.0,10404024500.0,9967510056.5,10.4040245,9.9675100565,2878.48475,325486592.0,310.408203125,1.745689868927002,223.96518230438232
450,R5,LOCAL_TREE-RECURRENT-SEVERE,50,f07110adeb865690,PERSIST,0.1965,65312520.0,0.0,1202342.5,2076344.5,228723925.5,353533.0,65312520.0,10989571500.0,10437800880.5,10.9895715,10.4378008805,601.17125,311918592.0,297.46875,1.980156421661377,218.12813329696655
450,R5,LOCAL_TREE-RECURRENT-SEVERE,50,f07110adeb865690,POPULATION-RESEED,0.20850000000000002,65312520.0,1986.0,1184979.0,2368055.5,235941073.5,320836.0,65314506.0,10456893500.0,10002592754.5,10.4568935,10.0025927545,592.4895,326277120.0,311.162109375,2.2583537101745605,225.0109419822693
451,R5,LOCAL_TREE-RECURRENT-SEVERE,51,bfe919b1ffa0d7c1,CHAMPION-RESEED,0.191,65312520.0,12.0,5491272.0,2081384.0,231716614.0,325935.0,65312532.0,10697433500.0,10246684274.5,10.6974335,10.2466842745,2745.636,393523200.0,375.29296875,1.9849624633789062,220.9821834564209
451,R5,LOCAL_TREE-RECURRENT-SEVERE,51,bfe919b1ffa0d7c1,PERSIST,0.2005,65312520.0,0.0,1182366.5,2555940.0,212757249.0,331803.5,65312520.0,10872006500.0,10350449227.0,10.8720065,10.350449227,591.18325,383485952.0,365.720703125,2.4375343322753906,202.90112400054932
451,R5,LOCAL_TREE-RECURRENT-SEVERE,51,bfe919b1ffa0d7c1,POPULATION-RESEED,0.18725,65312520.0,2007.0,5490576.5,1887928.0,218293327.5,300624.0,65314527.0,10245128000.0,9838946308.5,10.245128,9.8389463085,2745.28825,393803776.0,375.560546875,1.8004684448242188,208.18073987960815
452,R5,LOCAL_TREE-RECURRENT-SEVERE,52,71482bef3d770309,CHAMPION-RESEED,0.1885,65312520.0,16.0,1173735.0,3182242.5,255580931.0,354751.0,65312536.0,11144254500.0,10648593227.5,11.1442545,10.6485932275,586.8675,418742272.0,399.34375,3.034822940826416,243.74096965789795
452,R5,LOCAL_TREE-RECURRENT-SEVERE,52,71482bef3d770309,PERSIST,0.191,65312520.0,0.0,1146343.0,2177087.5,218440380.5,337976.5,65312520.0,10728943000.0,10221770884.0,10.728943,10.221770884,573.1715,410267648.0,391.26171875,2.076232433319092,208.32098054885864
452,R5,LOCAL_TREE-RECURRENT-SEVERE,52,71482bef3d770309,POPULATION-RESEED,0.19675,65312520.0,2083.0,1152954.0,2224321.5,222556138.5,305372.0,65314603.0,10459494500.0,10001982460.0,10.4594945,10.00198246,576.477,421335040.0,401.81640625,2.1212782859802246,212.2460732460022
453,R5,LOCAL_TREE-RECURRENT-SEVERE,53,98a3c8d066f0a75d,CHAMPION-RESEED,0.18625,65312520.0,12.0,1124477.5,3555176.0,259915500.5,361291.5,65312532.0,11184332500.0,10602986177.5,11.1843325,10.6029861775,562.23875,356573184.0,340.0546875,3.3904800415039062,247.87473726272583
453,R5,LOCAL_TREE-RECURRENT-SEVERE,53,98a3c8d066f0a75d,PERSIST,0.17475000000000002,65312520.0,0.0,1219439.5,1687799.0,192790101.0,302636.5,65312520.0,10345408500.0,9772186834.5,10.3454085,9.7721868345,609.71975,340850688.0,325.060546875,1.6096105575561523,183.8589677810669
453,R5,LOCAL_TREE-RECURRENT-SEVERE,53,98a3c8d066f0a75d,POPULATION-RESEED,0.15999999999999998,65312519.5,1749.0,1151244.0,2317356.0,263344749.0,358073.5,65314268.5,11175533000.0,10577056135.0,11.175533,10.577056135,575.622,367632384.0,350.6015625,2.210002899169922,251.1451234817505
454,R5,LOCAL_TREE-RECURRENT-SEVERE,54,55c61f9b70e1847b,CHAMPION-RESEED,0.1905,65312520.0,15.0,1169600.0,3175578.5,292588489.5,406001.5,65312535.0,11989391000.0,11260081498.5,11.989391,11.2600814985,584.8,366045184.0,349.087890625,3.0284676551818848,279.03412771224976
454,R5,LOCAL_TREE-RECURRENT-SEVERE,54,55c61f9b70e1847b,PERSIST,0.2005,65312520.0,0.0,1216306.0,2867909.0,258706386.0,395523.0,65312520.0,11817338000.0,11081540545.5,11.817338,11.0815405455,608.153,350601216.0,334.359375,2.735051155090332,246.72163581848145
454,R5,LOCAL_TREE-RECURRENT-SEVERE,54,55c61f9b70e1847b,POPULATION-RESEED,0.185,65312520.0,2239.0,1130591.5,3178746.0,274779950.5,374143.5,65314759.0,11573469000.0,10904606225.0,11.573469,10.904606225,565.29575,405975040.0,387.16796875,3.0314884185791016,262.0505814552307
455,R5,LOCAL_TREE-RECURRENT-SEVERE,55,43547f6a62692e9e,CHAMPION-RESEED,0.2025,65312520.0,13.0,1099393.5,2651781.0,280651378.5,390521.5,65312533.0,11663567500.0,10949721921.0,11.6635675,10.949721921,549.69675,343300096.0,327.396484375,2.528935432434082,267.65001153945923
455,R5,LOCAL_TREE-RECURRENT-SEVERE,55,43547f6a62692e9e,PERSIST,0.19624999999999998,65312520.0,0.0,1195934.5,2638066.0,232468985.0,357966.5,65312520.0,11087440500.0,10462296169.0,11.0874405,10.462296169,597.96725,339214336.0,323.5,2.5158557891845703,221.69970035552979
455,R5,LOCAL_TREE-RECURRENT-SEVERE,55,43547f6a62692e9e,POPULATION-RESEED,0.22100000000000003,65312520.0,1925.0,1053922.5,2103040.0,233650456.5,323997.5,65314445.0,10462937500.0,9996054946.0,10.4629375,9.996054946,526.96125,364072960.0,347.20703125,2.005615234375,222.82643938064575
456,R5,LOCAL_TREE-RECURRENT-SEVERE,56,00d121727bab2760,CHAMPION-RESEED,0.203,65312520.0,13.0,1180767.0,4830495.0,319042626.0,440021.5,65312533.0,12487385500.0,11801749561.0,12.4873855,11.801749561,590.3835,351688704.0,335.396484375,4.606719017028809,304.2627582550049
456,R5,LOCAL_TREE-RECURRENT-SEVERE,56,00d121727bab2760,PERSIST,0.19125,65312520.0,0.0,1307665.0,1887581.5,206103341.5,321928.5,65312520.0,10691645000.0,10091976572.5,10.691645,10.0919765725,653.8325,335124480.0,319.599609375,1.800137996673584,196.5554633140564
456,R5,LOCAL_TREE-RECURRENT-SEVERE,56,00d121727bab2760,POPULATION-RESEED,0.19325,65312520.0,1909.0,1160078.0,3120350.0,313665894.5,424342.0,65314429.0,12434995500.0,11680761973.0,12.4349955,11.680761973,580.039,366790656.0,349.798828125,2.975797653198242,299.13510751724243
457,R5,LOCAL_TREE-RECURRENT-SEVERE,57,f804e74d03f15996,CHAMPION-RESEED,0.1795,65312520.0,14.0,1246966.5,2176993.0,243757287.0,341047.0,65312534.0,11192472500.0,10739198403.5,11.1924725,10.7391984035,623.48325,399706112.0,381.189453125,2.0761423110961914,232.4650640487671
457,R5,LOCAL_TREE-RECURRENT-SEVERE,57,f804e74d03f15996,PERSIST,0.228,65312520.0,0.0,1183586.0,2160848.5,203209969.5,318192.0,65312520.0,11012596500.0,10454521462.5,11.0125965,10.4545214625,591.793,389902336.0,371.83984375,2.0607457160949707,193.7961287498474
457,R5,LOCAL_TREE-RECURRENT-SEVERE,57,f804e74d03f15996,POPULATION-RESEED,0.20475,65312520.0,2096.0,1153174.5,2348251.5,244116789.5,333310.5,65314616.0,10898555500.0,10401152043.5,10.8985555,10.4011520435,576.58725,410595328.0,391.57421875,2.239467144012451,232.80791234970093
458,R5,LOCAL_TREE-RECURRENT-SEVERE,58,44a1b2c85cff3daf,CHAMPION-RESEED,0.199,65312520.0,14.0,1189689.5,2810352.5,282691946.5,392942.5,65312534.0,11765918000.0,11093302776.5,11.765918,11.0933027765,594.84475,375472128.0,358.078125,2.6801609992980957,269.5960488319397
458,R5,LOCAL_TREE-RECURRENT-SEVERE,58,44a1b2c85cff3daf,PERSIST,0.21075,65312520.0,0.0,1244222.0,2453072.0,228314967.0,352489.0,65312520.0,11297328000.0,10565883687.5,11.297328,10.5658836875,622.111,333584384.0,318.130859375,2.3394317626953125,217.73812007904053
458,R5,LOCAL_TREE-RECURRENT-SEVERE,58,44a1b2c85cff3daf,POPULATION-RESEED,0.18825,65312520.0,2051.0,1175993.5,2908930.5,257821140.0,350536.5,65314571.0,11209911500.0,10588644613.0,11.2099115,10.588644613,587.99675,375969792.0,358.552734375,2.774172306060791,245.87739944458008
459,R5,LOCAL_TREE-RECURRENT-SEVERE,59,50eb8764f50da79e,CHAMPION-RESEED,0.1825,65312520.0,15.0,1124941.0,2806837.0,292113404.5,405595.5,65312535.0,12026222000.0,11313917745.0,12.026222,11.313917745,562.4705,352217088.0,335.900390625,2.6768083572387695,278.5810513496399
459,R5,LOCAL_TREE-RECURRENT-SEVERE,59,50eb8764f50da79e,PERSIST,0.20975,65312520.0,0.0,6275129.5,2042101.0,205447341.0,321131.5,65312520.0,10522212000.0,9954738704.5,10.522212,9.9547387045,3137.56475,346390528.0,330.34375,1.9474992752075195,195.92985248565674
459,R5,LOCAL_TREE-RECURRENT-SEVERE,59,50eb8764f50da79e,POPULATION-RESEED,0.19025,65312520.0,2195.0,1183164.5,3006412.5,250798803.0,342920.0,65314715.0,11208218000.0,10559495659.5,11.208218,10.5594956595,591.58225,390748160.0,372.646484375,2.867138385772705,239.18037700653076
460,R5,LOCAL_TREE-RECURRENT-SEVERE,60,11352fcc59c27a21,CHAMPION-RESEED,0.193,65312520.0,17.0,1227668.0,3416663.0,264254746.5,366183.5,65312537.0,11197675000.0,10701898868.0,11.197675,10.701898868,613.834,408334336.0,389.41796875,3.2583837509155273,252.01296472549438
460,R5,LOCAL_TREE-RECURRENT-SEVERE,60,11352fcc59c27a21,PERSIST,0.1855,65312520.0,0.0,1338893.5,2803480.0,229031225.0,353376.0,65312520.0,11070050500.0,10527023318.0,11.0700505,10.527023318,669.44675,400631808.0,382.072265625,2.6736068725585938,218.42119693756104
460,R5,LOCAL_TREE-RECURRENT-SEVERE,60,11352fcc59c27a21,POPULATION-RESEED,0.201,65312520.0,2144.0,1265807.0,2971515.5,259350298.5,351231.5,65314664.0,11149214000.0,10691756734.5,11.149214,10.6917567345,632.9035,419938304.0,400.484375,2.833858013153076,247.33571863174438
461,R5,LOCAL_TREE-RECURRENT-SEVERE,61,cbee835a4c397628,CHAMPION-RESEED,0.16999999999999998,65312520.0,12.0,1114536.5,2832960.0,249741503.5,348327.0,65312532.0,11000495000.0,10356698793.5,11.000495,10.3566987935,557.26825,376856576.0,359.3984375,2.70172119140625,238.1720576286316
461,R5,LOCAL_TREE-RECURRENT-SEVERE,61,cbee835a4c397628,PERSIST,0.20174999999999998,65312520.0,0.0,1128825.5,1720329.0,188171142.0,296549.5,65312520.0,10072678500.0,9527549297.5,10.0726785,9.5275492975,564.41275,370307072.0,353.15234375,1.6406335830688477,179.4539852142334
461,R5,LOCAL_TREE-RECURRENT-SEVERE,61,cbee835a4c397628,POPULATION-RESEED,0.1745,65312519.5,1788.0,1151312.5,2237754.5,228323231.5,312721.5,65314307.5,10461910500.0,9912489402.0,10.4619105,9.912489402,575.65625,382650368.0,364.923828125,2.1340889930725098,217.74600172042847
462,R5,LOCAL_TREE-RECURRENT-SEVERE,62,e6ffc7be8cd24249,CHAMPION-RESEED,0.17875000000000002,65312520.0,14.0,1182772.0,2583163.5,262334734.0,364631.0,65312534.0,11745951000.0,11116686914.5,11.745951,11.1166869145,591.386,337115136.0,321.498046875,2.463496685028076,250.18189811706543
462,R5,LOCAL_TREE-RECURRENT-SEVERE,62,e6ffc7be8cd24249,PERSIST,0.19775,65312520.0,0.0,1288589.5,1747053.5,193644332.0,303981.5,65312520.0,10835915500.0,10213426619.5,10.8359155,10.2134266195,644.29475,314152960.0,299.599609375,1.6661200523376465,184.67362594604492
462,R5,LOCAL_TREE-RECURRENT-SEVERE,62,e6ffc7be8cd24249,POPULATION-RESEED,0.20400000000000001,65312520.0,2178.0,1155454.5,2499834.5,230859329.5,316968.0,65314698.0,10898281000.0,10336672270.0,10.898281,10.33667227,577.72725,349515776.0,333.32421875,2.3840279579162598,220.16461324691772
463,R5,LOCAL_TREE-RECURRENT-SEVERE,63,39b2d739bdda3ab1,CHAMPION-RESEED,0.15275,65312520.0,13.0,1177101.0,2684548.5,255651235.0,355984.5,65312533.0,11272342500.0,10651470257.0,11.2723425,10.651470257,588.5505,334706688.0,319.201171875,2.560184955596924,243.80801677703857
463,R5,LOCAL_TREE-RECURRENT-SEVERE,63,39b2d739bdda3ab1,PERSIST,0.16849999999999998,65312520.0,0.0,1199035.0,1596563.0,177657438.5,282731.0,65312520.0,10024861500.0,9470499533.0,10.0248615,9.470499533,599.5175,309770240.0,295.419921875,1.5226011276245117,169.4273362159729
463,R5,LOCAL_TREE-RECURRENT-SEVERE,63,39b2d739bdda3ab1,POPULATION-RESEED,0.147,65312520.0,1926.0,1147825.0,2183345.5,234833369.5,321412.0,65314446.0,10694307500.0,10156045204.5,10.6943075,10.1560452045,573.9125,346329088.0,330.28515625,2.082200527191162,223.95455312728882
464,R5,LOCAL_TREE-RECURRENT-SEVERE,64,b48ef9dd6e7748ae,CHAMPION-RESEED,0.19725,65312520.0,12.0,1210067.5,1960257.5,235828650.5,330582.0,65312532.0,10739802500.0,10115696480.0,10.7398025,10.11569648,605.03375,387002368.0,369.07421875,1.8694472312927246,224.90372705459595
464,R5,LOCAL_TREE-RECURRENT-SEVERE,64,b48ef9dd6e7748ae,PERSIST,0.19874999999999998,65312520.0,0.0,1251597.5,1735995.0,184790534.5,291033.5,65312520.0,10214611000.0,9572144325.5,10.214611,9.5721443255,625.79875,374630400.0,357.275390625,1.655573844909668,176.22998666763306
464,R5,LOCAL_TREE-RECURRENT-SEVERE,64,b48ef9dd6e7748ae,POPULATION-RESEED,0.1955,65312519.5,1769.0,1232751.0,2380209.0,236584505.0,323906.0,65314288.5,10903062000.0,10223265176.5,10.903062,10.2232651765,616.3755,387002368.0,369.07421875,2.269944190979004,225.62456607818604
465,R5,LOCAL_TREE-RECURRENT-SEVERE,65,092d455bd0e203e0,CHAMPION-RESEED,0.19225,65312520.0,10.0,1205318.5,1624711.5,198556427.5,282662.0,65312530.0,10158996500.0,9608039569.0,10.1589965,9.608039569,602.65925,374022144.0,356.6953125,1.549445629119873,189.35816526412964
465,R5,LOCAL_TREE-RECURRENT-SEVERE,65,092d455bd0e203e0,PERSIST,0.1955,65312520.0,0.0,1206374.0,1395109.5,165023710.0,263550.0,65312520.0,9712960000.0,9227972543.5,9.71296,9.2279725435,603.187,364525568.0,347.638671875,1.3304800987243652,157.37887382507324
465,R5,LOCAL_TREE-RECURRENT-SEVERE,65,092d455bd0e203e0,POPULATION-RESEED,0.18425,65312520.0,1499.0,1162701.0,2067163.5,194890589.0,270709.0,65314019.0,9843985000.0,9386763506.5,9.843985,9.3867635065,581.3505,374022144.0,356.6953125,1.9714007377624512,185.86214923858643
466,R5,LOCAL_TREE-RECURRENT-SEVERE,66,adba846ac46da549,CHAMPION-RESEED,0.16825,65312520.0,14.0,1247142.5,2314651.5,269234412.5,374683.5,65312534.0,11405935000.0,10909299381.0,11.405935,10.909299381,623.57125,342640640.0,326.767578125,2.207423686981201,256.76194429397583
466,R5,LOCAL_TREE-RECURRENT-SEVERE,66,adba846ac46da549,PERSIST,0.201,65312520.0,0.0,1287676.5,2598721.5,235989981.5,364615.5,65312520.0,11344512500.0,10753506000.0,11.3445125,10.753506,643.83825,334254080.0,318.76953125,2.4783339500427246,225.05758428573608
466,R5,LOCAL_TREE-RECURRENT-SEVERE,66,adba846ac46da549,POPULATION-RESEED,0.20074999999999998,65312520.0,2163.0,1241059.0,2916082.0,272014417.0,369366.0,65314683.0,11280714500.0,10784758362.0,11.2807145,10.784758362,620.5295,372547584.0,355.2890625,2.7809925079345703,259.41316318511963
467,R5,LOCAL_TREE-RECURRENT-SEVERE,67,1d3a54f3e508deea,CHAMPION-RESEED,0.179,65312520.0,12.0,1104988.5,2840817.0,263124517.0,366889.0,65312532.0,11512105500.0,10891079895.0,11.5121055,10.891079895,552.49425,314099712.0,299.548828125,2.709214210510254,250.9350938796997
467,R5,LOCAL_TREE-RECURRENT-SEVERE,67,1d3a54f3e508deea,PERSIST,0.2315,65312520.0,0.0,1198733.5,2017492.5,204225618.5,319107.0,65312520.0,10735637000.0,10129400192.5,10.735637,10.1294001925,599.36675,296683520.0,282.939453125,1.9240307807922363,194.7647271156311
467,R5,LOCAL_TREE-RECURRENT-SEVERE,67,1d3a54f3e508deea,POPULATION-RESEED,0.209,65312520.0,1763.0,1173622.0,2649662.5,226054649.5,310691.5,65314283.0,10658142500.0,10106691740.0,10.6581425,10.10669174,586.811,314980352.0,300.388671875,2.5269150733947754,215.58251333236694
468,R5,LOCAL_TREE-RECURRENT-SEVERE,68,6060d1faed72f4f7,CHAMPION-RESEED,0.19025,65312520.0,15.0,5017672.0,3262721.0,287987091.0,399822.0,65312535.0,12052673500.0,11495984197.0,12.0526735,11.495984197,2508.836,367613952.0,350.583984375,3.1115732192993164,274.6458921432495
468,R5,LOCAL_TREE-RECURRENT-SEVERE,68,6060d1faed72f4f7,PERSIST,0.17525000000000002,65312520.0,0.0,1180615.0,2220931.0,218473110.0,339489.5,65312520.0,10788062500.0,10276603646.0,10.7880625,10.276603646,590.3075,354662400.0,338.232421875,2.118044853210449,208.35219383239746
468,R5,LOCAL_TREE-RECURRENT-SEVERE,68,6060d1faed72f4f7,POPULATION-RESEED,0.164,65312520.0,2217.0,1181769.5,2533004.5,268081027.0,365008.5,65314737.0,11338901000.0,10829239392.0,11.338901,10.829239392,590.88475,378124288.0,360.607421875,2.415661334991455,255.66199016571045
469,R5,LOCAL_TREE-RECURRENT-SEVERE,69,fadcccc8503fb3d3,CHAMPION-RESEED,0.19025,65312520.0,16.0,1222564.0,2589638.5,263768043.0,366289.0,65312536.0,11205669000.0,10717657896.0,11.205669,10.717657896,611.282,369942528.0,352.8046875,2.4696717262268066,251.54880809783936
469,R5,LOCAL_TREE-RECURRENT-SEVERE,69,fadcccc8503fb3d3,PERSIST,0.199,65312520.0,0.0,1242351.0,2388880.0,232941281.5,360101.0,65312520.0,11199225500.0,10622090099.5,11.1992255,10.6220900995,621.1755,358227968.0,341.6328125,2.2782135009765625,222.15011739730835
469,R5,LOCAL_TREE-RECURRENT-SEVERE,69,fadcccc8503fb3d3,POPULATION-RESEED,0.19625,65312520.0,2319.0,1173426.5,2798091.0,268556949.5,364253.0,65314839.0,11293207500.0,10793357190.0,11.2932075,10.79335719,586.71325,375730176.0,358.32421875,2.6684675216674805,256.1158652305603
470,R5,LOCAL_TREE-RECURRENT-SEVERE,70,67388167d2e328cb,CHAMPION-RESEED,0.181,65312520.0,12.0,1162868.5,1881166.5,220300123.5,311039.5,65312532.0,10276369000.0,9808871510.5,10.276369,9.8088715105,581.43425,323330048.0,308.3515625,1.794020175933838,210.09456968307495
470,R5,LOCAL_TREE-RECURRENT-SEVERE,70,67388167d2e328cb,PERSIST,0.19874999999999998,65312520.0,0.0,1276427.5,1792966.0,203541133.0,319819.0,65312520.0,10567855000.0,9988417036.0,10.567855,9.988417036,638.21375,308019200.0,293.75,1.7099056243896484,194.1119508743286
470,R5,LOCAL_TREE-RECURRENT-SEVERE,70,67388167d2e328cb,POPULATION-RESEED,0.17575000000000002,65312520.0,1794.0,1159246.0,2570912.5,240144481.5,328123.0,65314314.0,10849699500.0,10268019857.0,10.8496995,10.268019857,579.623,326582272.0,311.453125,2.451813220977783,229.01962423324585
471,R5,LOCAL_TREE-RECURRENT-SEVERE,71,8c13184b5b349508,CHAMPION-RESEED,0.179,65312520.0,12.0,1272354.0,2056145.5,248722676.5,347732.0,65312532.0,11198774000.0,10514488062.0,11.198774,10.514488062,636.177,321171456.0,306.29296875,1.960893154144287,237.20042848587036
471,R5,LOCAL_TREE-RECURRENT-SEVERE,71,8c13184b5b349508,PERSIST,0.17475000000000002,65312520.0,0.0,1289621.0,1555131.0,177339843.5,281268.5,65312520.0,10629432000.0,10009361521.0,10.629432,10.009361521,644.8105,308353024.0,294.068359375,1.483088493347168,169.12445402145386
471,R5,LOCAL_TREE-RECURRENT-SEVERE,71,8c13184b5b349508,POPULATION-RESEED,0.18825,65312520.0,1732.0,1201905.5,2065117.5,220972619.5,303979.0,65314252.0,10516102000.0,9903250715.5,10.516102,9.9032507155,600.95275,333463552.0,318.015625,1.969449520111084,210.7359118461609
472,R5,LOCAL_TREE-RECURRENT-SEVERE,72,c26148990f931bf5,CHAMPION-RESEED,0.156,65312520.0,12.0,1187880.5,2035301.0,244100462.0,342189.0,65312532.0,11125713500.0,10498281351.5,11.1257135,10.4982813515,593.94025,322183168.0,307.2578125,1.941014289855957,232.7923412322998
472,R5,LOCAL_TREE-RECURRENT-SEVERE,72,c26148990f931bf5,PERSIST,0.20475,65312520.0,0.0,1188305.0,2474226.5,211204657.0,328342.0,65312520.0,10985039500.0,10272617343.0,10.9850395,10.272617343,594.1525,302714880.0,288.69140625,2.3596062660217285,201.4204568862915
472,R5,LOCAL_TREE-RECURRENT-SEVERE,72,c26148990f931bf5,POPULATION-RESEED,0.19924999999999998,65312520.0,1807.0,1203769.5,2162387.5,236637389.0,324184.0,65314327.0,11157410000.0,10402042110.0,11.15741,10.40204211,601.88475,332562432.0,317.15625,2.06221342086792,225.67500019073486
473,R5,LOCAL_TREE-RECURRENT-SEVERE,73,24d9cae1b29ef43b,CHAMPION-RESEED,0.16775,65312520.0,8.0,1151549.0,1521682.5,211189301.5,301303.5,65312528.0,10246028500.0,9797867143.0,10.2460285,9.797867143,575.7745,374730752.0,357.37109375,1.4511895179748535,201.40581274032593
473,R5,LOCAL_TREE-RECURRENT-SEVERE,73,24d9cae1b29ef43b,PERSIST,0.15475,65312520.0,0.0,1166636.0,1091076.0,152875629.0,244356.0,65312520.0,9278058000.0,8857038214.5,9.278058,8.8570382145,583.318,363460608.0,346.623046875,1.0405311584472656,145.7935609817505
473,R5,LOCAL_TREE-RECURRENT-SEVERE,73,24d9cae1b29ef43b,POPULATION-RESEED,0.1985,65312520.0,1186.0,1122326.5,2100502.0,192886652.5,270272.5,65313706.0,9890559500.0,9466687388.5,9.8905595,9.4666873885,561.16325,376825856.0,359.369140625,2.003194808959961,183.9510464668274
474,R5,LOCAL_TREE-RECURRENT-SEVERE,74,65307683067e1a6c,CHAMPION-RESEED,0.187,65312520.0,15.0,1158174.0,2673618.0,260718341.0,362780.0,65312535.0,11224359500.0,10629315713.5,11.2243595,10.6293157135,579.087,386863104.0,368.94140625,2.5497608184814453,248.64038562774658
474,R5,LOCAL_TREE-RECURRENT-SEVERE,74,65307683067e1a6c,PERSIST,0.2005,65312520.0,0.0,1255578.0,2324291.0,223420683.5,346431.5,65312520.0,10979279500.0,10345538966.5,10.9792795,10.3455389665,627.789,377198592.0,359.724609375,2.216616630554199,213.07056760787964
474,R5,LOCAL_TREE-RECURRENT-SEVERE,74,65307683067e1a6c,POPULATION-RESEED,0.22949999999999998,65312520.0,2184.0,1104491.0,3231311.0,271351189.5,368180.0,65314704.0,11578856500.0,10867874806.5,11.5788565,10.8678748065,552.2455,386863104.0,368.94140625,3.081618309020996,258.7806601524353
475,R5,LOCAL_TREE-RECURRENT-SEVERE,75,c1c710e1c4d51058,CHAMPION-RESEED,0.1805,65312520.0,12.0,1182941.5,1729197.5,219297329.0,309184.5,65312532.0,10249437500.0,9828930852.5,10.2494375,9.8289308525,591.47075,351281152.0,335.0078125,1.6490912437438965,209.1382303237915
475,R5,LOCAL_TREE-RECURRENT-SEVERE,75,c1c710e1c4d51058,PERSIST,0.16249999999999998,65312520.0,0.0,1131956.0,2029051.0,214728888.5,334602.5,65312520.0,10713687500.0,10179719417.5,10.7136875,10.1797194175,565.978,338698240.0,323.0078125,1.935053825378418,204.78142595291138
475,R5,LOCAL_TREE-RECURRENT-SEVERE,75,c1c710e1c4d51058,POPULATION-RESEED,0.19375,65312520.0,1799.0,1104437.5,2328127.5,241043656.0,328915.5,65314319.0,10551534500.0,10086063277.5,10.5515345,10.0860632775,552.21875,353054720.0,336.69921875,2.220275402069092,229.87714385986328
476,R5,LOCAL_TREE-RECURRENT-SEVERE,76,0e2fd2e33999bd06,CHAMPION-RESEED,0.19674999999999998,65312520.0,18.0,1140515.0,2753810.0,247772747.0,344200.5,65312538.0,10911917000.0,10334176469.0,10.911917,10.334176469,570.2575,333379584.0,317.935546875,2.6262378692626953,236.29450511932373
476,R5,LOCAL_TREE-RECURRENT-SEVERE,76,0e2fd2e33999bd06,PERSIST,0.21975,65312520.0,0.0,1204950.5,2649799.0,224815273.0,349347.5,65312520.0,11055258500.0,10453213144.5,11.0552585,10.4532131445,602.47525,321452032.0,306.560546875,2.527045249938965,214.40055179595947
476,R5,LOCAL_TREE-RECURRENT-SEVERE,76,0e2fd2e33999bd06,POPULATION-RESEED,0.178,65312520.0,2361.0,1142758.5,2204856.5,231292571.0,317278.5,65314881.0,10607864000.0,10039732794.0,10.607864,10.039732794,571.37925,337926144.0,322.271484375,2.102715015411377,220.57778453826904
477,R5,LOCAL_TREE-RECURRENT-SEVERE,77,8eee457f3d638737,CHAMPION-RESEED,0.2,65312520.0,13.0,1275966.5,2941614.0,290659733.0,403297.5,65312533.0,12437548500.0,11695938694.5,12.4375485,11.6959386945,637.98325,396371968.0,378.009765625,2.8053417205810547,277.19472217559814
477,R5,LOCAL_TREE-RECURRENT-SEVERE,77,8eee457f3d638737,PERSIST,0.20875,65312520.0,0.0,1299670.0,2736554.0,240315121.0,369331.0,65312520.0,11599218000.0,10928467551.0,11.599218,10.928467551,649.835,351901696.0,335.599609375,2.609781265258789,229.18235874176025
477,R5,LOCAL_TREE-RECURRENT-SEVERE,77,8eee457f3d638737,POPULATION-RESEED,0.20700000000000002,65312520.0,1914.0,1261278.0,3172627.0,259137821.5,353440.5,65314434.0,11790989000.0,11173330279.0,11.790989,11.173330279,630.639,400132096.0,381.595703125,3.0256528854370117,247.13308477401733
478,R5,LOCAL_TREE-RECURRENT-SEVERE,78,149fed1e3b93b9ed,CHAMPION-RESEED,0.17675000000000002,65312520.0,14.0,1215902.5,2352398.5,264499085.0,367381.0,65312534.0,11678425500.0,11015373911.0,11.6784255,11.015373911,607.95125,353173504.0,336.8125,2.243422031402588,252.2459840774536
478,R5,LOCAL_TREE-RECURRENT-SEVERE,78,149fed1e3b93b9ed,PERSIST,0.20500000000000002,65312520.0,0.0,1198963.0,2258275.0,203026077.0,317652.5,65312520.0,10863310500.0,10240113471.5,10.8633105,10.2401134715,599.4815,331227136.0,315.8828125,2.153658866882324,193.62075519561768
478,R5,LOCAL_TREE-RECURRENT-SEVERE,78,149fed1e3b93b9ed,POPULATION-RESEED,0.1915,65312520.0,1814.0,1133916.0,2195841.5,237897593.0,326379.5,65314334.0,10866519000.0,10279151760.0,10.866519,10.27915176,566.958,371265536.0,354.06640625,2.0941176414489746,226.87682437896729
479,R5,LOCAL_TREE-RECURRENT-SEVERE,79,97ab9314e3f29f65,CHAMPION-RESEED,0.193,65312520.0,10.0,1194649.5,1603675.0,213864074.5,303561.0,65312530.0,10111080500.0,9664093614.5,10.1110805,9.6640936145,597.32475,353665024.0,337.28125,1.529383659362793,203.95667505264282
479,R5,LOCAL_TREE-RECURRENT-SEVERE,79,97ab9314e3f29f65,PERSIST,0.18975,65312520.0,0.0,1225942.0,1652608.0,177808914.0,280826.0,65312520.0,10007401500.0,9419808884.0,10.0074015,9.419808884,612.971,337334272.0,321.70703125,1.5760498046875,169.5717945098877
479,R5,LOCAL_TREE-RECURRENT-SEVERE,79,97ab9314e3f29f65,POPULATION-RESEED,0.18375,65312520.0,1517.0,1175001.0,2089667.0,206973784.0,286843.5,65314037.0,10049804000.0,9541942608.5,10.049804,9.5419426085,587.5005,379346944.0,361.7734375,1.9928617477416992,197.38558197021484
480,R5,LOCAL_TREE-STATIONARY-NONE,0,88a16ce4cce4b415,CHAMPION-RESEED,0.1065,65312520.0,11.0,1251354.5,1643416.0,198295436.0,287390.0,65312531.0,10017700000.0,9512709477.5,10.0177,9.5127094775,625.67725,313008128.0,298.5078125,1.5672836303710938,189.1092643737793
480,R5,LOCAL_TREE-STATIONARY-NONE,0,88a16ce4cce4b415,PERSIST,0.1035,65312520.0,0.0,1227652.5,1374615.0,156087724.5,260062.5,65312520.0,9634942000.0,9135249043.5,9.634942,9.1352490435,613.82625,305033216.0,290.90234375,1.3109350204467773,148.85685396194458
480,R5,LOCAL_TREE-STATIONARY-NONE,0,88a16ce4cce4b415,POPULATION-RESEED,0.10475,65312520.0,1614.0,1110511.0,1584053.0,189221170.0,266941.5,65314134.0,9733025500.0,9235634174.0,9.7330255,9.235634174,555.2555,317214720.0,302.51953125,1.5106706619262695,180.45536994934082
481,R5,LOCAL_TREE-STATIONARY-NONE,1,8ca6d91c6bf2f05c,CHAMPION-RESEED,0.10375,65312520.0,13.0,1204581.5,1589559.0,196254726.0,284484.0,65312533.0,10544852000.0,10016057592.0,10.544852,10.016057592,602.29075,286924800.0,273.6328125,1.5159215927124023,187.1630916595459
481,R5,LOCAL_TREE-STATIONARY-NONE,1,8ca6d91c6bf2f05c,PERSIST,0.10250000000000001,65312520.0,0.0,1200218.5,1315729.5,151100409.0,253817.0,65312520.0,9893478500.0,9407026111.5,9.8934785,9.4070261115,600.10925,273424384.0,260.7578125,1.254777431488037,144.10057926177979
481,R5,LOCAL_TREE-STATIONARY-NONE,1,8ca6d91c6bf2f05c,POPULATION-RESEED,0.10375000000000001,65312520.0,1616.0,1201280.0,1592887.0,183209738.5,259417.5,65314136.0,10282596500.0,9745294393.5,10.2825965,9.7452943935,600.64,291393536.0,277.89453125,1.5190954208374023,174.72242212295532
482,R5,LOCAL_TREE-STATIONARY-NONE,2,c425b18e6971ee9a,CHAMPION-RESEED,0.111,65312520.0,13.0,1181652.0,1788159.0,210382073.5,302652.5,65312533.0,10579003500.0,10087534165.0,10.5790035,10.087534165,590.826,301756416.0,287.77734375,1.7053213119506836,200.63598012924194
482,R5,LOCAL_TREE-STATIONARY-NONE,2,c425b18e6971ee9a,PERSIST,0.11025,65312520.0,0.0,1272585.0,1528538.0,167077068.0,274890.5,65312520.0,10236276000.0,9669770272.0,10.236276,9.669770272,636.2925,290852864.0,277.37890625,1.4577274322509766,159.33710861206055
482,R5,LOCAL_TREE-STATIONARY-NONE,2,c425b18e6971ee9a,POPULATION-RESEED,0.1085,65312520.0,1844.0,1222908.0,1906096.5,206917627.0,289960.0,65314364.0,10887581500.0,10402652722.0,10.8875815,10.402652722,611.454,324483072.0,309.451171875,1.8177952766418457,197.33202648162842
483,R5,LOCAL_TREE-STATIONARY-NONE,3,cb1e6143d2f2f053,CHAMPION-RESEED,0.10350000000000001,65312520.0,14.0,1174105.5,1613567.0,194154998.5,281876.5,65312534.0,10691810500.0,10194425163.0,10.6918105,10.194425163,587.05275,348311552.0,332.17578125,1.5388174057006836,185.160635471344
483,R5,LOCAL_TREE-STATIONARY-NONE,3,cb1e6143d2f2f053,PERSIST,0.102,65312520.0,0.0,1206117.0,1352066.5,153694265.0,257304.0,65312520.0,10345160000.0,9676778792.0,10.34516,9.676778792,603.0585,336146432.0,320.57421875,1.289431095123291,146.57427310943604
483,R5,LOCAL_TREE-STATIONARY-NONE,3,cb1e6143d2f2f053,POPULATION-RESEED,0.10275,65312520.0,1665.0,1184340.0,1509234.0,186438058.5,263400.0,65314185.0,10145596000.0,9533902395.0,10.145596,9.533902395,592.17,349954048.0,333.7421875,1.4393177032470703,177.80118799209595
484,R5,LOCAL_TREE-STATIONARY-NONE,4,64da471ca9efe3b9,CHAMPION-RESEED,0.12,65312520.0,11.0,1215405.5,1681674.0,194569263.5,283024.5,65312531.0,10245119500.0,9841227320.5,10.2451195,9.8412273205,607.70275,367976448.0,350.9296875,1.603769302368164,185.55570936203003
484,R5,LOCAL_TREE-STATIONARY-NONE,4,64da471ca9efe3b9,PERSIST,0.1205,65312520.0,0.0,1183851.5,1478736.0,165286208.5,273598.0,65312520.0,10164100000.0,9691713018.5,10.1641,9.6917130185,591.92575,363941888.0,347.08203125,1.4102325439453125,157.6292119026184
484,R5,LOCAL_TREE-STATIONARY-NONE,4,64da471ca9efe3b9,POPULATION-RESEED,0.11875,65312520.0,1888.0,1176852.5,1802328.0,197085886.0,277809.0,65314408.0,10475488000.0,9982671685.0,10.475488,9.982671685,588.42625,376512512.0,359.0703125,1.7188339233398438,187.95574760437012
485,R5,LOCAL_TREE-STATIONARY-NONE,5,24efe6a4aef5d1a4,CHAMPION-RESEED,0.0945,65312520.0,11.0,1135721.0,1575450.5,189046052.5,275365.5,65312531.0,10041123000.0,9501428224.5,10.041123,9.5014282245,567.8605,358150144.0,341.55859375,1.5024666786193848,180.28836488723755
485,R5,LOCAL_TREE-STATIONARY-NONE,5,24efe6a4aef5d1a4,PERSIST,0.09325,65312520.0,0.0,1182882.5,1323613.5,152919158.5,256800.5,65312520.0,9833502500.0,9271001546.5,9.8335025,9.2710015465,591.44125,350054400.0,333.837890625,1.262296199798584,145.8350739479065
485,R5,LOCAL_TREE-STATIONARY-NONE,5,24efe6a4aef5d1a4,POPULATION-RESEED,0.094,65312520.0,1644.0,1182225.0,1511630.5,185545251.0,262438.0,65314164.0,9980599500.0,9425920207.5,9.9805995,9.4259202075,591.1125,363433984.0,346.59765625,1.441603183746338,176.94974040985107
486,R5,LOCAL_TREE-STATIONARY-NONE,6,f1f358552e95f43a,CHAMPION-RESEED,0.10325,65312520.0,12.0,1198389.0,1638576.5,196728056.5,285949.0,65312532.0,10410643500.0,9850559103.5,10.4106435,9.8505591035,599.1945,382023680.0,364.326171875,1.5626683235168457,187.61449480056763
486,R5,LOCAL_TREE-STATIONARY-NONE,6,f1f358552e95f43a,PERSIST,0.1025,65312520.0,0.0,1359317.5,1360980.0,159966861.0,265271.5,65312520.0,10200449000.0,9599650781.5,10.200449,9.5996507815,679.65875,378683392.0,361.140625,1.2979316711425781,152.5562868118286
486,R5,LOCAL_TREE-STATIONARY-NONE,6,f1f358552e95f43a,POPULATION-RESEED,0.10225000000000001,65312520.0,1800.0,1195202.0,1592312.0,189068223.5,267683.5,65314320.0,10023508500.0,9527167978.5,10.0235085,9.5271679785,597.601,391806976.0,373.65625,1.5185470581054688,180.3095088005066
487,R5,LOCAL_TREE-STATIONARY-NONE,7,66dc7d0bd9bcd9f6,CHAMPION-RESEED,0.10875,65312520.0,13.0,1135769.0,1623239.5,193709202.5,281151.5,65312533.0,9923299000.0,9519779650.0,9.923299,9.51977965,567.8845,390719488.0,372.619140625,1.548041820526123,184.73549127578735
487,R5,LOCAL_TREE-STATIONARY-NONE,7,66dc7d0bd9bcd9f6,PERSIST,0.1075,65312520.0,0.0,1144105.5,1363594.5,155555099.0,259601.5,65312520.0,9512978500.0,9110940974.0,9.5129785,9.110940974,572.05275,383821824.0,366.041015625,1.3004250526428223,148.34890270233154
487,R5,LOCAL_TREE-STATIONARY-NONE,7,66dc7d0bd9bcd9f6,POPULATION-RESEED,0.1085,65312520.0,1636.0,1135296.5,1533259.0,187375252.5,264803.5,65314156.0,9685030500.0,9289564906.0,9.6850305,9.289564906,567.64825,395808768.0,377.47265625,1.4622297286987305,178.694965839386
488,R5,LOCAL_TREE-STATIONARY-NONE,8,9bec38b501853158,CHAMPION-RESEED,0.10975,65312520.0,11.0,1098902.5,1572545.5,190711136.5,277790.0,65312531.0,9752117500.0,9385536991.5,9.7521175,9.3855369915,549.45125,303820800.0,289.74609375,1.4996962547302246,181.87631273269653
488,R5,LOCAL_TREE-STATIONARY-NONE,8,9bec38b501853158,PERSIST,0.10725,65312520.0,0.0,1108592.5,1387498.0,155481316.0,259311.0,65312520.0,9549727500.0,9098736884.0,9.5497275,9.098736884,554.29625,291076096.0,277.591796875,1.323221206665039,148.27853775024414
488,R5,LOCAL_TREE-STATIONARY-NONE,8,9bec38b501853158,POPULATION-RESEED,0.10625,65312520.0,1601.0,1136020.0,1493100.5,183171555.5,258789.0,65314121.0,9510570500.0,9139952583.0,9.5105705,9.139952583,568.01,305393664.0,291.24609375,1.42393159866333,174.68600797653198
489,R5,LOCAL_TREE-STATIONARY-NONE,9,71fad6e5b0758bb6,CHAMPION-RESEED,0.1015,65312520.0,12.0,1192431.0,1690961.5,200449985.0,290559.0,65312532.0,10178005000.0,9656182426.0,10.178005,9.656182426,596.2155,389482496.0,371.439453125,1.612626552581787,191.16400241851807
489,R5,LOCAL_TREE-STATIONARY-NONE,9,71fad6e5b0758bb6,PERSIST,0.1015,65312520.0,0.0,1289851.5,1377810.0,153616524.5,255432.0,65312520.0,9651808000.0,9067046641.0,9.651808,9.067046641,644.92575,377321472.0,359.841796875,1.3139820098876953,146.50013399124146
489,R5,LOCAL_TREE-STATIONARY-NONE,9,71fad6e5b0758bb6,POPULATION-RESEED,0.101,65312520.0,1623.0,1195233.0,1560508.5,186319334.0,264002.5,65314143.0,9825228500.0,9297209647.5,9.8252285,9.2972096475,597.6165,391008256.0,372.89453125,1.4882168769836426,177.68796348571777
490,R5,LOCAL_TREE-STATIONARY-NONE,10,62ac064521e7a4c8,CHAMPION-RESEED,0.109,65312520.0,11.0,1195909.5,1623612.0,189452550.0,273274.5,65312531.0,9864352500.0,9402769385.5,9.8643525,9.4027693855,597.95475,313327616.0,298.8125,1.5483970642089844,180.6760311126709
490,R5,LOCAL_TREE-STATIONARY-NONE,10,62ac064521e7a4c8,PERSIST,0.10625,65312520.0,0.0,1182164.5,1396336.0,155343416.5,256415.5,65312520.0,9783239500.0,9190188671.0,9.7832395,9.190188671,591.08225,302118912.0,288.123046875,1.3316497802734375,148.14702653884888
490,R5,LOCAL_TREE-STATIONARY-NONE,10,62ac064521e7a4c8,POPULATION-RESEED,0.106,65312520.0,1647.0,1134475.0,1589311.0,185080183.0,259336.5,65314167.0,9846248000.0,9260717817.5,9.846248,9.2607178175,567.2375,316608512.0,301.94140625,1.5156850814819336,176.50621700286865
491,R5,LOCAL_TREE-STATIONARY-NONE,11,a141e914a2e9f139,CHAMPION-RESEED,0.10675,65312520.0,11.0,1157879.0,1715082.5,201864290.5,290346.0,65312531.0,10190170000.0,9763466429.5,10.19017,9.7634664295,578.9395,392486912.0,374.3046875,1.6356301307678223,192.51278924942017
491,R5,LOCAL_TREE-STATIONARY-NONE,11,a141e914a2e9f139,PERSIST,0.10200000000000001,65312520.0,0.0,1159625.0,1396611.5,160352058.0,263069.0,65312520.0,9633804500.0,9189622146.0,9.6338045,9.189622146,579.8125,382205952.0,364.5,1.3319125175476074,152.92363929748535
491,R5,LOCAL_TREE-STATIONARY-NONE,11,a141e914a2e9f139,POPULATION-RESEED,0.10250000000000001,65312520.0,1732.0,1106441.0,1694685.5,192048713.0,268491.5,65314252.0,9788946500.0,9413608539.0,9.7889465,9.413608539,553.2205,394774528.0,376.486328125,1.616178035736084,183.1519250869751
492,R5,LOCAL_TREE-STATIONARY-NONE,12,75a90cf0be0c6cbb,CHAMPION-RESEED,0.1025,65312520.0,11.0,1147502.0,1605571.0,191472613.5,276385.5,65312531.0,9709472000.0,9331254210.5,9.709472,9.3312542105,573.751,305061888.0,290.9296875,1.5311918258666992,182.60251379013062
492,R5,LOCAL_TREE-STATIONARY-NONE,12,75a90cf0be0c6cbb,PERSIST,0.10125,65312520.0,0.0,1242025.0,1344851.5,157849749.5,260185.5,65312520.0,9505060500.0,9069196662.0,9.5050605,9.069196662,621.0125,300259328.0,286.349609375,1.28255033493042,150.5372519493103
492,R5,LOCAL_TREE-STATIONARY-NONE,12,75a90cf0be0c6cbb,POPULATION-RESEED,0.10125,65312520.0,1770.0,1207476.5,1550892.0,187209810.5,262283.5,65314290.0,9595041000.0,9173474040.0,9.595041,9.17347404,603.73825,315838464.0,301.20703125,1.4790458679199219,178.5371880531311
493,R5,LOCAL_TREE-STATIONARY-NONE,13,f58ef5d9888f87c6,CHAMPION-RESEED,0.10375000000000001,65312520.0,11.0,1215764.5,1583656.5,198337543.0,285430.0,65312531.0,10006138500.0,9533085291.5,10.0061385,9.5330852915,607.88225,336029696.0,320.462890625,1.5102925300598145,189.14942073822021
493,R5,LOCAL_TREE-STATIONARY-NONE,13,f58ef5d9888f87c6,PERSIST,0.101,65312520.0,0.0,1250317.0,1500199.0,164147126.5,268119.0,65312520.0,9832612500.0,9270345048.0,9.8326125,9.270345048,625.1585,322813952.0,307.859375,1.4307012557983398,156.54289865493774
493,R5,LOCAL_TREE-STATIONARY-NONE,13,f58ef5d9888f87c6,POPULATION-RESEED,0.10525000000000001,65312520.0,1616.0,1174907.0,1507048.0,185572206.0,259749.0,65314136.0,9596062000.0,9174978342.5,9.596062,9.1749783425,587.4535,340568064.0,324.791015625,1.4372329711914062,176.9754467010498
494,R5,LOCAL_TREE-STATIONARY-NONE,14,c5a36214e7ba46ab,CHAMPION-RESEED,0.10975,65312520.0,11.0,1260179.5,1589874.5,193218825.5,278873.0,65312531.0,9915529000.0,9405948464.5,9.915529,9.4059484645,630.08975,313878528.0,299.337890625,1.5162224769592285,184.267831325531
494,R5,LOCAL_TREE-STATIONARY-NONE,14,c5a36214e7ba46ab,PERSIST,0.1115,65312520.0,0.0,1242615.5,1495277.5,165985305.0,271731.5,65312520.0,9887115000.0,9275443558.5,9.887115,9.2754435585,621.30775,300687360.0,286.7578125,1.4260077476501465,158.2959222793579
494,R5,LOCAL_TREE-STATIONARY-NONE,14,c5a36214e7ba46ab,POPULATION-RESEED,0.10925,65312520.0,1666.0,1161649.5,1727234.5,200166838.5,278946.0,65314186.0,10095469500.0,9527008302.5,10.0954695,9.5270083025,580.82475,321714176.0,306.810546875,1.647219181060791,190.89397287368774
495,R5,LOCAL_TREE-STATIONARY-NONE,15,723ed70fd6641db7,CHAMPION-RESEED,0.10675000000000001,65312520.0,11.0,1120058.0,1609758.5,197369142.5,283520.5,65312531.0,9895185500.0,9468069445.0,9.8951855,9.468069445,560.029,307605504.0,293.35546875,1.5351853370666504,188.22588205337524
495,R5,LOCAL_TREE-STATIONARY-NONE,15,723ed70fd6641db7,PERSIST,0.10600000000000001,65312520.0,0.0,1137433.0,1333248.0,152767089.0,253272.0,65312520.0,9552201000.0,9116742254.5,9.552201,9.1167422545,568.7165,299055104.0,285.201171875,1.271484375,145.69004917144775
495,R5,LOCAL_TREE-STATIONARY-NONE,15,723ed70fd6641db7,POPULATION-RESEED,0.10700000000000001,65312520.0,1613.0,1109558.5,1557005.5,187625125.5,262323.5,65314133.0,9463904500.0,9135245482.5,9.4639045,9.1352454825,554.77925,312207360.0,297.744140625,1.4848761558532715,178.93326330184937
496,R5,LOCAL_TREE-STATIONARY-NONE,16,cb671fecbc503c24,CHAMPION-RESEED,0.101,65312520.0,13.0,1149522.0,1650419.5,201254649.0,289110.0,65312533.0,10185326500.0,9668075663.0,10.1853265,9.668075663,574.761,318826496.0,304.056640625,1.573962688446045,191.93138980865479
496,R5,LOCAL_TREE-STATIONARY-NONE,16,cb671fecbc503c24,PERSIST,0.0985,65312520.0,0.0,1184069.5,1379713.5,155669409.5,257307.0,65312520.0,9765057500.0,9279648798.0,9.7650575,9.279648798,592.03475,306567168.0,292.365234375,1.3157973289489746,148.4579176902771
496,R5,LOCAL_TREE-STATIONARY-NONE,16,cb671fecbc503c24,POPULATION-RESEED,0.0985,65312520.0,1622.0,1141704.5,1580983.0,186973644.5,262256.5,65314142.0,9612809500.0,9196918813.5,9.6128095,9.1969188135,570.85225,328404992.0,313.19140625,1.5077428817749023,178.3119626045227
497,R5,LOCAL_TREE-STATIONARY-NONE,17,46b6313e771d768d,CHAMPION-RESEED,0.101,65312520.0,11.0,1259089.0,1619077.5,198005848.0,284640.0,65312531.0,10030182000.0,9574451066.5,10.030182,9.5744510665,629.5445,392396800.0,374.21875,1.5440726280212402,188.83309173583984
497,R5,LOCAL_TREE-STATIONARY-NONE,17,46b6313e771d768d,PERSIST,0.1,65312520.0,0.0,1182313.5,1358490.5,153318873.0,253855.0,65312520.0,9604752000.0,9116502741.5,9.604752,9.1165027415,591.15675,376625152.0,359.177734375,1.2955574989318848,146.21627140045166
497,R5,LOCAL_TREE-STATIONARY-NONE,17,46b6313e771d768d,POPULATION-RESEED,0.0995,65312520.0,1599.0,1193066.0,1523930.5,186496034.5,260890.0,65314119.0,9680602000.0,9334526271.0,9.680602,9.334526271,596.533,393220096.0,375.00390625,1.4533333778381348,177.85647821426392
498,R5,LOCAL_TREE-STATIONARY-NONE,18,c65d2ead4bd412be,CHAMPION-RESEED,0.097,65312520.0,11.0,1183928.5,1594574.5,191539245.0,275523.5,65312531.0,9963968500.0,9474238885.5,9.9639685,9.4742388855,591.96425,314011648.0,299.46484375,1.520704746246338,182.66605854034424
498,R5,LOCAL_TREE-STATIONARY-NONE,18,c65d2ead4bd412be,PERSIST,0.09575,65312520.0,0.0,1184574.0,1372276.0,152489466.0,253007.5,65312520.0,9851903000.0,9283011693.0,9.851903,9.283011693,592.287,302411776.0,288.40234375,1.3087043762207031,145.4252872467041
498,R5,LOCAL_TREE-STATIONARY-NONE,18,c65d2ead4bd412be,POPULATION-RESEED,0.09575,65312520.0,1615.0,1140624.0,1533757.0,181211787.0,254692.0,65314135.0,9637432500.0,9095865043.5,9.6374325,9.0958650435,570.312,315588608.0,300.96875,1.4627046585083008,172.81702709197998
499,R5,LOCAL_TREE-STATIONARY-NONE,19,6aff9d1a0462c01c,CHAMPION-RESEED,0.101,65312520.0,12.0,1101343.0,1632874.0,200749231.0,287891.5,65312532.0,10088014000.0,9598940542.0,10.088014,9.598940542,550.6715,311990272.0,297.537109375,1.557229995727539,191.44938564300537
499,R5,LOCAL_TREE-STATIONARY-NONE,19,6aff9d1a0462c01c,PERSIST,0.1005,65312520.0,0.0,1121021.5,1378157.5,156778134.0,257906.5,65312520.0,9600740000.0,9122177644.5,9.60074,9.1221776445,560.51075,297195520.0,283.427734375,1.3143134117126465,149.51527976989746
499,R5,LOCAL_TREE-STATIONARY-NONE,19,6aff9d1a0462c01c,POPULATION-RESEED,0.1005,65312520.0,1772.0,1110543.5,1594298.0,187168044.5,262282.5,65314292.0,9674294500.0,9254334022.5,9.6742945,9.2543340225,555.27175,319213568.0,304.42578125,1.5204410552978516,178.49735689163208
500,R5,LOCAL_TREE-STATIONARY-NONE,20,144acda45acc528b,CHAMPION-RESEED,0.10300000000000001,65312520.0,11.0,1158115.0,1594439.5,191784016.0,276472.5,65312531.0,10017823000.0,9456032571.5,10.017823,9.4560325715,579.0575,302891008.0,288.859375,1.520576000213623,182.8994903564453
500,R5,LOCAL_TREE-STATIONARY-NONE,20,144acda45acc528b,PERSIST,0.10325000000000001,65312520.0,0.0,1179539.0,1349135.5,153545045.0,255276.5,65312520.0,9611251500.0,9065381299.0,9.6112515,9.065381299,589.7695,293877760.0,280.263671875,1.2866358757019043,146.4319658279419
500,R5,LOCAL_TREE-STATIONARY-NONE,20,144acda45acc528b,POPULATION-RESEED,0.10400000000000001,65312520.0,1622.0,1114387.0,1556517.0,184631542.0,258646.0,65314142.0,9729764000.0,9193431674.5,9.729764,9.1934316745,557.1935,316565504.0,301.900390625,1.484410285949707,176.07835960388184
501,R5,LOCAL_TREE-STATIONARY-NONE,21,c30cda53a7300202,CHAMPION-RESEED,0.10875,65312520.0,15.0,1189811.0,1587220.5,212783724.5,303446.0,65312535.0,10546645000.0,10070017218.0,10.546645,10.070017218,594.9055,309549056.0,295.208984375,1.5136914253234863,202.92637300491333
501,R5,LOCAL_TREE-STATIONARY-NONE,21,c30cda53a7300202,PERSIST,0.111,65312520.0,0.0,1152702.0,1398022.0,156687121.5,257437.5,65312520.0,9755126000.0,9294408219.5,9.755126,9.2944082195,576.351,303120384.0,289.078125,1.3332576751708984,149.42848348617554
501,R5,LOCAL_TREE-STATIONARY-NONE,21,c30cda53a7300202,POPULATION-RESEED,0.11125,65312520.0,1705.0,1149445.5,1574012.5,186496036.5,261417.5,65314225.0,9789500000.0,9428979843.5,9.7895,9.4289798435,574.72275,312731648.0,298.244140625,1.5010952949523926,177.85648012161255
502,R5,LOCAL_TREE-STATIONARY-NONE,22,73c70183d04e9a32,CHAMPION-RESEED,0.10575000000000001,65312520.0,11.0,9465414.0,1616859.0,193673080.5,278964.0,65312531.0,10562862000.0,9988538376.0,10.562862,9.988538376,4732.707,299503616.0,285.62890625,1.541956901550293,184.70104265213013
502,R5,LOCAL_TREE-STATIONARY-NONE,22,73c70183d04e9a32,PERSIST,0.10550000000000001,65312520.0,0.0,1233858.5,1418102.5,160683769.0,263684.0,65312520.0,10479130500.0,9829907269.5,10.4791305,9.8299072695,616.92925,292286464.0,278.74609375,1.3524079322814941,153.23998355865479
502,R5,LOCAL_TREE-STATIONARY-NONE,22,73c70183d04e9a32,POPULATION-RESEED,0.10625000000000001,65312520.0,1661.0,1302733.5,1605264.5,184596373.0,258923.0,65314181.0,10216882500.0,9626955642.0,10.2168825,9.626955642,651.36675,320419840.0,305.576171875,1.5308995246887207,176.04481983184814
503,R5,LOCAL_TREE-STATIONARY-NONE,23,bc246e6ee27a365e,CHAMPION-RESEED,0.10625,65312520.0,11.0,1251609.0,1620338.0,195315281.0,280862.5,65312531.0,10246213000.0,9759236946.0,10.246213,9.759236946,625.8045,319408128.0,304.611328125,1.5452747344970703,186.26716709136963
503,R5,LOCAL_TREE-STATIONARY-NONE,23,bc246e6ee27a365e,PERSIST,0.1085,65312520.0,0.0,1161274.0,1366135.0,153664239.0,253573.5,65312520.0,9805816500.0,9277378798.0,9.8058165,9.277378798,580.637,303071232.0,289.03125,1.3028478622436523,146.54563808441162
503,R5,LOCAL_TREE-STATIONARY-NONE,23,bc246e6ee27a365e,POPULATION-RESEED,0.1075,65312520.0,1638.0,1202783.5,1589242.0,186085740.5,260616.0,65314158.0,10060127000.0,9544574322.0,10.060127,9.544574322,601.39175,326084608.0,310.978515625,1.5156192779541016,177.46519136428833
504,R5,LOCAL_TREE-STATIONARY-NONE,24,0a55fb742d952e7a,CHAMPION-RESEED,0.1075,65312520.0,11.0,1087158.0,1587036.0,201534128.5,289383.0,65312531.0,10144894000.0,9627557129.0,10.144894,9.627557129,543.579,312141824.0,297.681640625,1.5135154724121094,192.19792222976685
504,R5,LOCAL_TREE-STATIONARY-NONE,24,0a55fb742d952e7a,PERSIST,0.10475000000000001,65312520.0,0.0,1170992.0,1322656.5,154318145.0,255599.0,65312520.0,9688026000.0,9093446998.5,9.688026,9.0934469985,585.496,305358848.0,291.212890625,1.2613835334777832,147.16925144195557
504,R5,LOCAL_TREE-STATIONARY-NONE,24,0a55fb742d952e7a,POPULATION-RESEED,0.10600000000000001,65312520.0,1635.0,1104403.0,1508102.0,184653174.5,258148.5,65314155.0,9786143000.0,9270803046.5,9.786143,9.2708030465,552.2015,320364544.0,305.5234375,1.4382381439208984,176.0989899635315
505,R5,LOCAL_TREE-STATIONARY-NONE,25,fcc78e6de3c11ee5,CHAMPION-RESEED,0.10925,65312520.0,14.0,1169151.5,1580185.5,193993994.0,279306.0,65312534.0,10046534000.0,9476635997.0,10.046534,9.476635997,584.57575,296912896.0,283.158203125,1.5069823265075684,185.00708961486816
505,R5,LOCAL_TREE-STATIONARY-NONE,25,fcc78e6de3c11ee5,PERSIST,0.1085,65312520.0,0.0,1190667.5,1348797.5,153840586.0,254550.0,65312520.0,9644362000.0,9109113574.5,9.644362,9.1091135745,595.33375,285245440.0,272.03125,1.286313533782959,146.7138156890869
505,R5,LOCAL_TREE-STATIONARY-NONE,25,fcc78e6de3c11ee5,POPULATION-RESEED,0.10875,65312520.0,1628.0,1152007.5,1547341.5,188961999.5,264535.5,65314148.0,9726329500.0,9201065956.5,9.7263295,9.2010659565,576.00375,304396288.0,290.294921875,1.4756598472595215,180.20820569992065
506,R5,LOCAL_TREE-STATIONARY-NONE,26,3bc819e618f476d2,CHAMPION-RESEED,0.1095,65312520.0,11.0,1145496.0,1634143.5,197954355.5,284825.0,65312531.0,10057602500.0,9492306982.5,10.0576025,9.4923069825,572.748,328067072.0,312.869140625,1.5584406852722168,188.7839846611023
506,R5,LOCAL_TREE-STATIONARY-NONE,26,3bc819e618f476d2,PERSIST,0.109,65312520.0,0.0,1210425.5,1371458.5,155522804.5,256814.5,65312520.0,9664100500.0,9053779784.0,9.6641005,9.053779784,605.21275,317677568.0,302.9609375,1.307924747467041,148.31810426712036
506,R5,LOCAL_TREE-STATIONARY-NONE,26,3bc819e618f476d2,POPULATION-RESEED,0.10925,65312520.0,1592.0,1086823.0,1520814.5,183933510.0,257327.0,65314112.0,9615954500.0,9128546214.0,9.6159545,9.128546214,543.4115,331919360.0,316.54296875,1.450361728668213,175.41266441345215
507,R5,LOCAL_TREE-STATIONARY-NONE,27,b1a36e5b2bf6df5b,CHAMPION-RESEED,0.10075,65312520.0,9.0,1225286.0,1350439.5,178512919.0,260453.5,65312529.0,9742603000.0,9239158921.0,9.742603,9.239158921,612.643,329351168.0,314.09375,1.287879467010498,170.24318599700928
507,R5,LOCAL_TREE-STATIONARY-NONE,27,b1a36e5b2bf6df5b,PERSIST,0.10200000000000001,65312520.0,0.0,1248714.5,1129060.0,142924544.0,237942.0,65312520.0,9286360000.0,8752454860.5,9.28636,8.7524548605,624.35725,313944064.0,299.400390625,1.0767555236816406,136.303466796875
507,R5,LOCAL_TREE-STATIONARY-NONE,27,b1a36e5b2bf6df5b,POPULATION-RESEED,0.10175000000000001,65312520.0,1363.0,1181336.5,1235733.5,171550813.5,243777.5,65313883.0,9555966000.0,9112082828.5,9.555966,9.1120828285,590.66825,329502720.0,314.23828125,1.1784873008728027,163.60360479354858
508,R5,LOCAL_TREE-STATIONARY-NONE,28,ac2c23b82e02cca0,CHAMPION-RESEED,0.10925,65312520.0,11.0,1402272.0,1613677.5,190436888.5,274779.5,65312531.0,11126893000.0,10546994291.5,11.126893,10.5469942915,701.136,313108480.0,298.603515625,1.5389227867126465,181.61476945877075
508,R5,LOCAL_TREE-STATIONARY-NONE,28,ac2c23b82e02cca0,PERSIST,0.10925,65312520.0,0.0,1507615.5,1340126.0,153034588.5,254357.0,65312520.0,10801653000.0,10212060791.0,10.801653,10.212060791,753.80775,305774592.0,291.609375,1.2780437469482422,145.94515657424927
508,R5,LOCAL_TREE-STATIONARY-NONE,28,ac2c23b82e02cca0,POPULATION-RESEED,0.10775,65312520.0,1647.0,1369531.0,1549369.0,185288597.0,259525.0,65314167.0,10724646000.0,10254787759.0,10.724646,10.254787759,684.7655,321548288.0,306.65234375,1.4775934219360352,176.70497608184814
509,R5,LOCAL_TREE-STATIONARY-NONE,29,3ebdf2f162e25525,CHAMPION-RESEED,0.1095,65312520.0,11.0,1304345.0,1631189.5,200266172.0,287453.5,65312531.0,10870698000.0,10343669662.0,10.870698,10.343669662,652.1725,386113536.0,368.2265625,1.5556235313415527,190.98870468139648
509,R5,LOCAL_TREE-STATIONARY-NONE,29,3ebdf2f162e25525,PERSIST,0.10975,65312520.0,0.0,1251966.0,1334235.5,151548257.5,251577.5,65312520.0,10064178500.0,9508799611.0,10.0641785,9.508799611,625.983,374339584.0,356.998046875,1.2724261283874512,144.52768087387085
509,R5,LOCAL_TREE-STATIONARY-NONE,29,3ebdf2f162e25525,POPULATION-RESEED,0.10999999999999999,65312520.0,1595.0,1214296.5,1485032.0,185890271.5,260469.5,65314115.0,10123410500.0,9685823369.0,10.1234105,9.685823369,607.14825,386113536.0,368.2265625,1.4162368774414062,177.27877759933472
510,R5,LOCAL_TREE-STATIONARY-NONE,30,44c36519e3b50045,CHAMPION-RESEED,0.10575,65312520.0,11.0,1251025.5,1731792.0,201386796.5,288691.5,65312531.0,10408782500.0,9955847746.0,10.4087825,9.955847746,625.51275,295636992.0,281.94140625,1.6515655517578125,192.05741548538208
510,R5,LOCAL_TREE-STATIONARY-NONE,30,44c36519e3b50045,PERSIST,0.10325,65312520.0,0.0,1242979.0,1395301.0,154317248.0,254695.0,65312520.0,9783478000.0,9380240701.5,9.783478,9.3802407015,621.4895,284069888.0,270.91015625,1.330662727355957,147.16839599609375
510,R5,LOCAL_TREE-STATIONARY-NONE,30,44c36519e3b50045,POPULATION-RESEED,0.1045,65312520.0,1646.0,1242107.5,1560382.0,191204824.5,267402.5,65314166.0,9975558000.0,9593638558.0,9.975558,9.593638558,621.05375,298231808.0,284.416015625,1.4880962371826172,182.3471302986145
511,R5,LOCAL_TREE-STATIONARY-NONE,31,6e44b83cf1112d80,CHAMPION-RESEED,0.10025,65312520.0,11.0,1261740.0,1596502.5,192496159.0,277426.5,65312531.0,10783592000.0,10424750054.5,10.783592,10.4247500545,630.87,368234496.0,351.17578125,1.5225434303283691,183.5786428451538
511,R5,LOCAL_TREE-STATIONARY-NONE,31,6e44b83cf1112d80,PERSIST,0.09975,65312520.0,0.0,1244373.5,1434034.0,154606091.0,255450.5,65312520.0,10399160500.0,9992740808.0,10.3991605,9.992740808,622.18675,362706944.0,345.904296875,1.3676013946533203,147.44385814666748
511,R5,LOCAL_TREE-STATIONARY-NONE,31,6e44b83cf1112d80,POPULATION-RESEED,0.09975,65312520.0,1636.0,1314728.5,1499417.0,188309952.5,263285.0,65314156.0,10062838000.0,9612997350.0,10.062838,9.61299735,657.36425,374673408.0,357.31640625,1.4299554824829102,179.5863652229309
512,R5,LOCAL_TREE-STATIONARY-NONE,32,6b04bc4f862bb3d7,CHAMPION-RESEED,0.09925,65312520.0,13.0,1194726.5,1621268.0,208828384.5,298799.0,65312533.0,10742511500.0,10325811835.0,10.7425115,10.325811835,597.36325,344250368.0,328.302734375,1.5461616516113281,199.15426683425903
512,R5,LOCAL_TREE-STATIONARY-NONE,32,6b04bc4f862bb3d7,PERSIST,0.09925,65312520.0,0.0,1213912.0,1384211.5,169222196.5,275318.5,65312520.0,10323992000.0,9828429625.0,10.323992,9.828429625,606.956,336836608.0,321.232421875,1.32008695602417,161.3828625679016
512,R5,LOCAL_TREE-STATIONARY-NONE,32,6b04bc4f862bb3d7,POPULATION-RESEED,0.09975,65312520.0,1788.0,1251412.5,1819431.0,210248879.0,291795.0,65314308.0,10934766500.0,10549348517.5,10.9347665,10.5493485175,625.70625,356732928.0,340.20703125,1.7351446151733398,200.50895595550537
513,R5,LOCAL_TREE-STATIONARY-NONE,33,cef77ff9164e2ec1,CHAMPION-RESEED,0.10525,65312520.0,11.0,1225685.5,1599080.5,192192475.5,276777.0,65312531.0,10943711000.0,10339124045.0,10.943711,10.339124045,612.84275,306049024.0,291.87109375,1.5250020027160645,183.28902769088745
513,R5,LOCAL_TREE-STATIONARY-NONE,33,cef77ff9164e2ec1,PERSIST,0.106,65312520.0,0.0,1270406.0,1404140.0,159922618.0,260939.5,65312520.0,10795255000.0,10185975361.5,10.795255,10.1859753615,635.203,294201344.0,280.572265625,1.3390922546386719,152.51409339904785
513,R5,LOCAL_TREE-STATIONARY-NONE,33,cef77ff9164e2ec1,POPULATION-RESEED,0.1055,65312520.0,1644.0,1327370.5,1634666.5,184830623.0,261022.0,65314164.0,10908364000.0,10349273001.5,10.908364,10.3492730015,663.68525,316569600.0,301.904296875,1.5589394569396973,176.2682180404663
514,R5,LOCAL_TREE-STATIONARY-NONE,34,9fbd5f3c3e37d4cf,CHAMPION-RESEED,0.11175,65312520.0,11.0,1220535.5,1747083.0,202540727.5,290594.5,65312531.0,10828996000.0,10308989086.0,10.828996,10.308989086,610.26775,320555008.0,305.705078125,1.6661481857299805,193.15788984298706
514,R5,LOCAL_TREE-STATIONARY-NONE,34,9fbd5f3c3e37d4cf,PERSIST,0.11,65312520.0,0.0,7798483.0,1358150.0,154686350.5,254655.0,65312520.0,10078925000.0,9628582274.0,10.078925,9.628582274,3899.2415,315521024.0,300.904296875,1.2952327728271484,147.5203995704651
514,R5,LOCAL_TREE-STATIONARY-NONE,34,9fbd5f3c3e37d4cf,POPULATION-RESEED,0.1105,65312520.0,1624.0,1295013.0,1623165.0,183986866.0,258403.5,65314144.0,10350597000.0,9980857912.0,10.350597,9.980857912,647.5065,325376000.0,310.302734375,1.5479707717895508,175.46354866027832
515,R5,LOCAL_TREE-STATIONARY-NONE,35,d173152bdb922947,CHAMPION-RESEED,0.10350000000000001,65312520.0,14.0,1339605.5,1777733.0,217145529.5,308799.0,65312534.0,11883454000.0,11380135633.5,11.883454,11.3801356335,669.80275,347858944.0,331.744140625,1.695378303527832,207.0861144065857
515,R5,LOCAL_TREE-STATIONARY-NONE,35,d173152bdb922947,PERSIST,0.10425000000000001,65312520.0,0.0,1360958.5,1386455.0,160965283.5,264039.5,65312520.0,10830774500.0,10354480087.0,10.8307745,10.354480087,680.47925,336916480.0,321.30859375,1.3222265243530273,153.50845670700073
515,R5,LOCAL_TREE-STATIONARY-NONE,35,d173152bdb922947,POPULATION-RESEED,0.10300000000000001,65312520.0,1849.0,1219708.0,1619404.5,201716423.5,280459.5,65314369.0,11581721000.0,11088592494.5,11.581721,11.0885924945,609.854,351776768.0,335.48046875,1.544384479522705,192.37177228927612
516,R5,LOCAL_TREE-STATIONARY-NONE,36,e76eedeb8fb48f8d,CHAMPION-RESEED,0.10500000000000001,65312520.0,15.0,1112316.5,1604014.5,197009783.0,282918.0,65312535.0,10196475000.0,9738070208.5,10.196475,9.7380702085,556.15825,333594624.0,318.140625,1.529707431793213,187.88317012786865
516,R5,LOCAL_TREE-STATIONARY-NONE,36,e76eedeb8fb48f8d,PERSIST,0.10575000000000001,65312520.0,0.0,1147593.0,1372073.5,158686513.5,260715.0,65312520.0,9946937500.0,9386083824.5,9.9469375,9.3860838245,573.7965,322220032.0,307.29296875,1.3085112571716309,151.33525228500366
516,R5,LOCAL_TREE-STATIONARY-NONE,36,e76eedeb8fb48f8d,POPULATION-RESEED,0.10525000000000001,65312520.0,1740.0,1228317.0,1552903.5,189601880.5,265285.5,65314260.0,10138802000.0,9643142420.5,10.138802,9.6431424205,614.1585,345499648.0,329.494140625,1.480964183807373,180.818443775177
517,R5,LOCAL_TREE-STATIONARY-NONE,37,c6898d9dc7a6bcbc,CHAMPION-RESEED,0.11,65312520.0,11.0,1146075.0,1739897.0,212848515.5,304875.5,65312531.0,10633220500.0,10193891047.5,10.6332205,10.1938910475,573.0375,400293888.0,381.75,1.6592950820922852,202.9881625175476
517,R5,LOCAL_TREE-STATIONARY-NONE,37,c6898d9dc7a6bcbc,PERSIST,0.114,65312520.0,0.0,1164483.5,1365798.0,156713102.5,258310.5,65312520.0,9894759000.0,9450096532.0,9.894759,9.450096532,582.24175,390348800.0,372.265625,1.3025264739990234,149.4532608985901
517,R5,LOCAL_TREE-STATIONARY-NONE,37,c6898d9dc7a6bcbc,POPULATION-RESEED,0.111,65312520.0,1712.0,1123311.0,1652589.5,185667086.5,260400.0,65314232.0,9766734500.0,9448146727.0,9.7667345,9.448146727,561.6555,403107840.0,384.43359375,1.5760321617126465,177.0659317970276
518,R5,LOCAL_TREE-STATIONARY-NONE,38,47065ff4b0f34be6,CHAMPION-RESEED,0.1015,65312520.0,11.0,1298377.0,1718788.5,204094676.5,292474.5,65312531.0,11177700000.0,10539777524.5,11.1777,10.5397775245,649.1885,315019264.0,300.42578125,1.6391644477844238,194.63985109329224
518,R5,LOCAL_TREE-STATIONARY-NONE,38,47065ff4b0f34be6,PERSIST,0.09925,65312520.0,0.0,1113420.0,1487266.5,168692719.0,274686.0,65312520.0,10508145000.0,9913307992.5,10.508145,9.9133079925,556.71,304052224.0,289.966796875,1.418367862701416,160.87791347503662
518,R5,LOCAL_TREE-STATIONARY-NONE,38,47065ff4b0f34be6,POPULATION-RESEED,0.101,65312520.0,1622.0,1213585.5,1527384.5,185799091.5,260167.0,65314142.0,11198754000.0,10526455331.0,11.198754,10.526455331,606.79275,318820352.0,304.05078125,1.456627368927002,177.1918215751648
519,R5,LOCAL_TREE-STATIONARY-NONE,39,d7cf71598a71a5e5,CHAMPION-RESEED,0.10975,65312520.0,13.0,1188838.0,1611186.5,205433875.0,293936.5,65312533.0,10557943000.0,10109886195.5,10.557943,10.1098861955,594.419,396855296.0,378.470703125,1.5365471839904785,195.917010307312
519,R5,LOCAL_TREE-STATIONARY-NONE,39,d7cf71598a71a5e5,PERSIST,0.10675000000000001,65312520.0,0.0,1270741.5,1381270.0,158378804.5,258770.5,65312520.0,10006583000.0,9572830961.5,10.006583,9.5728309615,635.37075,387850240.0,369.8828125,1.317281723022461,151.0417981147766
519,R5,LOCAL_TREE-STATIONARY-NONE,39,d7cf71598a71a5e5,POPULATION-RESEED,0.10675000000000001,65312520.0,1791.0,1140509.0,1602092.0,190753350.0,267447.0,65314311.0,10305219000.0,9876045071.5,10.305219,9.8760450715,570.2545,403439616.0,384.75,1.5278739929199219,181.91657066345215
520,R5,LOCAL_TREE-STATIONARY-NONE,40,8ba03e2b25c06247,CHAMPION-RESEED,0.11224999999999999,65312520.0,11.0,1131049.5,1635671.0,196918102.0,283311.5,65312531.0,9908761500.0,9526754823.5,9.9087615,9.5267548235,565.52475,375760896.0,358.353515625,1.5598974227905273,187.7957363128662
520,R5,LOCAL_TREE-STATIONARY-NONE,40,8ba03e2b25c06247,PERSIST,0.11049999999999999,65312520.0,0.0,1135872.5,1372499.0,155953085.5,257603.5,65312520.0,9601409000.0,9129628711.0,9.601409,9.129628711,567.93625,365092864.0,348.1796875,1.3089170455932617,148.72845220565796
520,R5,LOCAL_TREE-STATIONARY-NONE,40,8ba03e2b25c06247,POPULATION-RESEED,0.11149999999999999,65312520.0,1607.0,1113070.5,1485164.0,185677632.5,259545.5,65314127.0,9550814000.0,9169941071.5,9.550814,9.1699410715,556.53525,380686336.0,363.05078125,1.4163627624511719,177.0759892463684
521,R5,LOCAL_TREE-STATIONARY-NONE,41,6fdfc8956f9b14ca,CHAMPION-RESEED,0.10575,65312520.0,11.0,1149461.5,1608038.0,188201060.5,271583.0,65312531.0,9870053000.0,9347294751.5,9.870053,9.3472947515,574.73075,365977600.0,349.0234375,1.5335445404052734,179.4825177192688
521,R5,LOCAL_TREE-STATIONARY-NONE,41,6fdfc8956f9b14ca,PERSIST,0.10275000000000001,65312520.0,0.0,1405289.0,1340851.5,153192118.0,253761.0,65312520.0,9607802000.0,9059787498.0,9.607802,9.059787498,702.6445,361977856.0,345.208984375,1.278735637664795,146.0953884124756
521,R5,LOCAL_TREE-STATIONARY-NONE,41,6fdfc8956f9b14ca,POPULATION-RESEED,0.10475,65312520.0,1661.0,1101947.5,1515731.0,185024020.0,258950.5,65314181.0,9764440500.0,9220458236.5,9.7644405,9.2204582365,550.97375,369459200.0,352.34375,1.4455137252807617,176.45265579223633
522,R5,LOCAL_TREE-STATIONARY-NONE,42,164e9f8a5a47dab8,CHAMPION-RESEED,0.10325000000000001,65312520.0,12.0,1321778.0,1700895.5,199582147.0,286634.0,65312532.0,10235732000.0,9683852687.0,10.235732,9.683852687,660.889,345313280.0,329.31640625,1.6221003532409668,190.3363676071167
522,R5,LOCAL_TREE-STATIONARY-NONE,42,164e9f8a5a47dab8,PERSIST,0.10475000000000001,65312520.0,0.0,1380434.0,1444195.0,162245737.5,264913.0,65312520.0,9910421500.0,9302150567.5,9.9104215,9.3021505675,690.217,328456192.0,313.240234375,1.3772916793823242,154.72959280014038
522,R5,LOCAL_TREE-STATIONARY-NONE,42,164e9f8a5a47dab8,POPULATION-RESEED,0.10550000000000001,65312520.0,1776.0,1260625.5,1608730.0,192232278.5,268661.5,65314296.0,10004406000.0,9470524637.0,10.004406,9.470524637,630.31275,346611712.0,330.5546875,1.5342044830322266,183.32698678970337
523,R5,LOCAL_TREE-STATIONARY-NONE,43,15f6c2ea449951c8,CHAMPION-RESEED,0.10925,65312520.0,11.0,1194534.5,1593977.0,195134797.0,281220.5,65312531.0,10369851000.0,9979223386.5,10.369851,9.9792233865,597.26725,292222976.0,278.685546875,1.5201349258422852,186.09504413604736
523,R5,LOCAL_TREE-STATIONARY-NONE,43,15f6c2ea449951c8,PERSIST,0.109,65312520.0,0.0,1220075.0,1386832.0,153674685.5,254277.0,65312520.0,9833525500.0,9368919220.5,9.8335255,9.3689192205,610.0375,277710848.0,264.845703125,1.3225860595703125,146.55560064315796
523,R5,LOCAL_TREE-STATIONARY-NONE,43,15f6c2ea449951c8,POPULATION-RESEED,0.10975,65312520.0,1621.0,1158335.5,1527025.5,186394898.5,260855.5,65314141.0,9936592000.0,9531672604.0,9.936592,9.531672604,579.16775,293472256.0,279.876953125,1.456284999847412,177.76002740859985
524,R5,LOCAL_TREE-STATIONARY-NONE,44,caa8866b88d28040,CHAMPION-RESEED,0.119,65312520.0,7.0,1091541.5,1002049.0,157402164.0,234005.0,65312527.0,9250829000.0,8887211821.5,9.250829,8.8872118215,545.77075,309520384.0,295.181640625,0.9556283950805664,150.11040115356445
524,R5,LOCAL_TREE-STATIONARY-NONE,44,caa8866b88d28040,PERSIST,0.11875,65312520.0,0.0,1069402.0,875752.0,130556130.5,221607.5,65312520.0,8906792500.0,8546286320.0,8.9067925,8.54628632,534.701,304150528.0,290.060546875,0.8351821899414062,124.50802850723267
524,R5,LOCAL_TREE-STATIONARY-NONE,44,caa8866b88d28040,POPULATION-RESEED,0.11875,65312520.0,1050.0,1051261.0,975843.0,157212911.0,227107.0,65313570.0,9015969500.0,8635076904.5,9.0159695,8.6350769045,525.6305,311685120.0,297.24609375,0.9306364059448242,149.92991542816162
525,R5,LOCAL_TREE-STATIONARY-NONE,45,8b0f565c3d9ca4f7,CHAMPION-RESEED,0.11025,65312520.0,11.0,1171737.5,1615241.5,188527887.5,271890.0,65312531.0,9753665500.0,9398493042.5,9.7536655,9.3984930425,585.86875,375791616.0,358.3828125,1.5404143333435059,179.7942042350769
525,R5,LOCAL_TREE-STATIONARY-NONE,45,8b0f565c3d9ca4f7,PERSIST,0.1105,65312520.0,0.0,1236546.5,1370916.5,154521795.0,254677.5,65312520.0,9650331000.0,9215777850.0,9.650331,9.21577785,618.27325,367570944.0,350.54296875,1.3074078559875488,147.3634672164917
525,R5,LOCAL_TREE-STATIONARY-NONE,45,8b0f565c3d9ca4f7,POPULATION-RESEED,0.1125,65312520.0,1650.0,1154199.5,1534140.5,187342644.0,262311.0,65314170.0,9719572500.0,9353168676.5,9.7195725,9.3531686765,577.09975,379670528.0,362.08203125,1.4630703926086426,178.66386795043945
526,R5,LOCAL_TREE-STATIONARY-NONE,46,d30e31cc7474cfad,CHAMPION-RESEED,0.106,65312520.0,14.0,6018107.5,1597486.0,203149070.0,290970.0,65312534.0,10436990500.0,9946956833.0,10.4369905,9.946956833,3009.05375,323606528.0,308.615234375,1.5234813690185547,193.73805046081543
526,R5,LOCAL_TREE-STATIONARY-NONE,46,d30e31cc7474cfad,PERSIST,0.10450000000000001,65312520.0,0.0,1193409.5,1387055.0,162354224.0,266759.5,65312520.0,9805468000.0,9330192943.5,9.805468,9.3301929435,596.70475,314955776.0,300.365234375,1.322798728942871,154.8330535888672
526,R5,LOCAL_TREE-STATIONARY-NONE,46,d30e31cc7474cfad,POPULATION-RESEED,0.10525,65312520.0,1628.0,1091382.5,1549767.0,195917696.0,273330.5,65314148.0,10056512500.0,9701173350.0,10.0565125,9.70117335,545.69125,325328896.0,310.2578125,1.4779729843139648,186.8416748046875
527,R5,LOCAL_TREE-STATIONARY-NONE,47,5b27880f232ebecd,CHAMPION-RESEED,0.0995,65312520.0,12.0,1181895.5,1610775.5,193635202.0,278576.5,65312532.0,10065595500.0,9509957698.5,10.0655955,9.5099576985,590.94775,332605440.0,317.197265625,1.5361552238464355,184.66491889953613
527,R5,LOCAL_TREE-STATIONARY-NONE,47,5b27880f232ebecd,PERSIST,0.09775,65312520.0,0.0,1231753.5,1401813.0,160474903.0,261698.5,65312520.0,9771072500.0,9199704939.0,9.7710725,9.199704939,615.87675,322881536.0,307.923828125,1.3368730545043945,153.04079341888428
527,R5,LOCAL_TREE-STATIONARY-NONE,47,5b27880f232ebecd,POPULATION-RESEED,0.09775,65312520.0,1700.0,1215183.0,1782326.0,196889296.5,276397.5,65314220.0,10038073000.0,9535826802.5,10.038073,9.5358268025,607.5915,337281024.0,321.65625,1.699758529663086,187.76826524734497
528,R5,LOCAL_TREE-STATIONARY-NONE,48,2e87d7339a04aef0,CHAMPION-RESEED,0.11375,65312520.0,11.0,1310639.0,1591084.0,192622931.0,278025.5,65312531.0,10091162000.0,9625779829.5,10.091162,9.6257798295,655.3195,308408320.0,294.12109375,1.5173759460449219,183.69954204559326
528,R5,LOCAL_TREE-STATIONARY-NONE,48,2e87d7339a04aef0,PERSIST,0.111,65312520.0,0.0,1287446.5,1349614.5,151702169.5,251868.0,65312520.0,9832312500.0,9278646774.5,9.8323125,9.2786467745,643.72325,302034944.0,288.04296875,1.287092685699463,144.67446279525757
528,R5,LOCAL_TREE-STATIONARY-NONE,48,2e87d7339a04aef0,POPULATION-RESEED,0.111,65312520.0,1612.0,1256138.0,1509198.0,184086524.0,257705.5,65314132.0,9645928000.0,9278739544.0,9.645928,9.278739544,628.069,316026880.0,301.38671875,1.4392833709716797,175.55858993530273
529,R5,LOCAL_TREE-STATIONARY-NONE,49,fbc6cd93d8803431,CHAMPION-RESEED,0.1105,65312520.0,11.0,1203813.0,1620289.0,192498933.0,277214.5,65312531.0,10114661500.0,9578477144.0,10.1146615,9.578477144,601.9065,297971712.0,284.16796875,1.5452280044555664,183.58128833770752
529,R5,LOCAL_TREE-STATIONARY-NONE,49,fbc6cd93d8803431,PERSIST,0.111,65312520.0,0.0,1253939.0,1386474.0,157236943.0,258634.0,65312520.0,9610595500.0,9155029365.5,9.6105955,9.1550293655,626.9695,292431872.0,278.884765625,1.322244644165039,149.9528341293335
529,R5,LOCAL_TREE-STATIONARY-NONE,49,fbc6cd93d8803431,POPULATION-RESEED,0.11025,65312520.0,1629.0,1123351.5,1583236.5,188209153.0,264099.0,65314149.0,9793413500.0,9365539625.5,9.7934135,9.3655396255,561.67575,312121344.0,297.662109375,1.5098919868469238,179.49023532867432
530,R5,LOCAL_TREE-STATIONARY-NONE,50,ba41ed976578c727,CHAMPION-RESEED,0.10525,65312520.0,12.0,1287633.0,1622097.0,193969022.5,279424.0,65312532.0,9987954000.0,9457981086.0,9.987954,9.457981086,643.8165,307861504.0,293.599609375,1.546952247619629,184.98327493667603
530,R5,LOCAL_TREE-STATIONARY-NONE,50,ba41ed976578c727,PERSIST,0.1075,65312520.0,0.0,1293058.0,1356369.0,154817636.5,256646.0,65312520.0,9668637500.0,9108972763.5,9.6686375,9.1089727635,646.529,299192320.0,285.33203125,1.293534278869629,147.6456036567688
530,R5,LOCAL_TREE-STATIONARY-NONE,50,ba41ed976578c727,POPULATION-RESEED,0.10475000000000001,65312520.0,1627.0,1198447.5,1519309.0,185462848.0,259759.5,65314147.0,9682759500.0,9182993159.0,9.6827595,9.182993159,599.22375,314251264.0,299.693359375,1.4489259719848633,176.87115478515625
531,R5,LOCAL_TREE-STATIONARY-NONE,51,b23aca1a7b3a3401,CHAMPION-RESEED,0.10450000000000001,65312520.0,11.0,1219363.5,1604392.0,189645447.0,273273.5,65312531.0,9861867000.0,9329554024.5,9.861867,9.3295540245,609.68175,380538880.0,362.91015625,1.5300674438476562,180.85999202728271
531,R5,LOCAL_TREE-STATIONARY-NONE,51,b23aca1a7b3a3401,PERSIST,0.10525000000000001,65312520.0,0.0,1239439.0,1413719.0,156705674.5,257809.5,65312520.0,9633187000.0,9077168782.5,9.633187,9.0771687825,619.7195,371159040.0,353.96484375,1.3482275009155273,149.44617700576782
531,R5,LOCAL_TREE-STATIONARY-NONE,51,b23aca1a7b3a3401,POPULATION-RESEED,0.10425000000000001,65312520.0,1637.0,1189915.0,1685816.5,187870281.0,263517.5,65314157.0,9690510000.0,9208582968.0,9.69051,9.208582968,594.9575,381325312.0,363.66015625,1.607719898223877,179.1670618057251
532,R5,LOCAL_TREE-STATIONARY-NONE,52,513e4e882b3f2360,CHAMPION-RESEED,0.1125,65312520.0,11.0,1221181.0,1711101.0,199727166.5,287023.5,65312531.0,10097130500.0,9576858374.0,10.0971305,9.576858374,610.5905,380088320.0,362.48046875,1.6318330764770508,190.47466897964478
532,R5,LOCAL_TREE-STATIONARY-NONE,52,513e4e882b3f2360,PERSIST,0.10975,65312520.0,0.0,1236370.0,1423257.5,155959257.5,254188.5,65312520.0,9605263500.0,9059217660.5,9.6052635,9.0592176605,618.185,369086464.0,351.98828125,1.3573241233825684,148.73433828353882
532,R5,LOCAL_TREE-STATIONARY-NONE,52,513e4e882b3f2360,POPULATION-RESEED,0.109,65312520.0,1621.0,1163656.5,1718027.0,189941694.0,266505.5,65314141.0,9803986000.0,9311588266.0,9.803986,9.311588266,581.82825,380088320.0,362.48046875,1.6384382247924805,181.14251518249512
533,R5,LOCAL_TREE-STATIONARY-NONE,53,8c9c58fcb6a5e4e5,CHAMPION-RESEED,0.11624999999999999,65312520.0,11.0,1209816.0,1633011.5,193855061.5,279352.5,65312531.0,10061852500.0,9582482326.5,10.0618525,9.5824823265,604.908,301879296.0,287.89453125,1.557361125946045,184.87459325790405
533,R5,LOCAL_TREE-STATIONARY-NONE,53,8c9c58fcb6a5e4e5,PERSIST,0.11624999999999999,65312520.0,0.0,1195893.5,1391760.0,157290859.5,259969.0,65312520.0,9675296000.0,9158594024.0,9.675296,9.158594024,597.94675,291233792.0,277.7421875,1.3272857666015625,150.004252910614
533,R5,LOCAL_TREE-STATIONARY-NONE,53,8c9c58fcb6a5e4e5,POPULATION-RESEED,0.11374999999999999,65312520.0,1657.0,1185388.5,1596360.0,183749786.0,257648.5,65314177.0,9842668500.0,9403240474.0,9.8426685,9.403240474,592.69425,318957568.0,304.181640625,1.5224075317382812,175.23745155334473
534,R5,LOCAL_TREE-STATIONARY-NONE,54,076665a55d5adff7,CHAMPION-RESEED,0.1065,65312520.0,11.0,1174774.5,1619326.5,201301619.0,289451.5,65312531.0,10288767500.0,9748405314.0,10.2887675,9.748405314,587.38725,310231040.0,295.859375,1.5443100929260254,191.9761838912964
534,R5,LOCAL_TREE-STATIONARY-NONE,54,076665a55d5adff7,PERSIST,0.1065,65312520.0,0.0,1119561.0,1360355.5,154058422.5,255406.5,65312520.0,9645806000.0,9121523964.0,9.645806,9.121523964,559.7805,302876672.0,288.845703125,1.2973361015319824,146.92156076431274
534,R5,LOCAL_TREE-STATIONARY-NONE,54,076665a55d5adff7,POPULATION-RESEED,0.106,65312520.0,1629.0,1058538.5,1484490.5,184452372.0,257925.5,65314149.0,9578086500.0,9139155494.5,9.5780865,9.1391554945,529.26925,316956672.0,302.2734375,1.4157204627990723,175.90748977661133
535,R5,LOCAL_TREE-STATIONARY-NONE,55,d71c843487f3c8a0,CHAMPION-RESEED,0.1095,65312520.0,11.0,1327773.5,1589693.5,189926461.5,274024.0,65312531.0,10442060000.0,9996253977.5,10.44206,9.9962539775,663.88675,306124800.0,291.943359375,1.516049861907959,181.12798833847046
535,R5,LOCAL_TREE-STATIONARY-NONE,55,d71c843487f3c8a0,PERSIST,0.10775000000000001,65312520.0,0.0,1307497.0,1398688.0,155331146.5,255122.5,65312520.0,9623896000.0,9192264060.0,9.623896,9.19226406,653.7485,301316096.0,287.357421875,1.333892822265625,148.13532495498657
535,R5,LOCAL_TREE-STATIONARY-NONE,55,d71c843487f3c8a0,POPULATION-RESEED,0.10825000000000001,65312520.0,1626.0,1239884.5,1632793.5,187319829.0,262625.0,65314146.0,10299609500.0,9838912607.5,10.2996095,9.8389126075,619.94225,311533568.0,297.1015625,1.5571532249450684,178.64210987091064
536,R5,LOCAL_TREE-STATIONARY-NONE,56,48b013e6cf510039,CHAMPION-RESEED,0.1015,65312520.0,11.0,1335165.0,1620830.5,194590548.5,279670.5,65312531.0,10176907500.0,9765135201.0,10.1769075,9.765135201,667.5825,383528960.0,365.76171875,1.5457444190979004,185.57600831985474
536,R5,LOCAL_TREE-STATIONARY-NONE,56,48b013e6cf510039,PERSIST,0.1,65312520.0,0.0,1187190.0,1370216.5,156613977.5,258140.5,65312520.0,9998847000.0,9534032320.5,9.998847,9.5340323205,593.595,373417984.0,356.119140625,1.3067402839660645,149.35872793197632
536,R5,LOCAL_TREE-STATIONARY-NONE,56,48b013e6cf510039,POPULATION-RESEED,0.09975,65312520.0,1639.0,1210270.0,1496908.5,185589333.0,259654.0,65314159.0,9891309500.0,9470256940.0,9.8913095,9.47025694,605.135,391999488.0,373.83984375,1.427563190460205,176.9917802810669
537,R5,LOCAL_TREE-STATIONARY-NONE,57,7cd698420d56b866,CHAMPION-RESEED,0.10650000000000001,65312520.0,14.0,1214948.0,1630423.5,205726357.5,295032.0,65312534.0,10609175000.0,10005460864.5,10.609175,10.0054608645,607.474,323241984.0,308.267578125,1.5548930168151855,196.1959433555603
537,R5,LOCAL_TREE-STATIONARY-NONE,57,7cd698420d56b866,PERSIST,0.10875,65312520.0,0.0,1252965.0,1378503.5,154613078.5,254487.5,65312520.0,9946581500.0,9327371646.5,9.9465815,9.3273716465,626.4825,303781888.0,289.708984375,1.314643383026123,147.45052194595337
537,R5,LOCAL_TREE-STATIONARY-NONE,57,7cd698420d56b866,POPULATION-RESEED,0.109,65312520.0,1847.0,1124780.5,1584931.0,185537786.0,260553.0,65314367.0,10018672500.0,9433337975.5,10.0186725,9.4333379755,562.39025,336402432.0,320.818359375,1.5115079879760742,176.9426212310791
538,R5,LOCAL_TREE-STATIONARY-NONE,58,27c7cb6e660e0ba4,CHAMPION-RESEED,0.1175,65312520.0,12.0,1219612.0,1181970.5,178201116.5,259671.0,65312532.0,9462448500.0,9091873679.5,9.4624485,9.0918736795,609.806,387035136.0,369.10546875,1.1272149085998535,169.94582796096802
538,R5,LOCAL_TREE-STATIONARY-NONE,58,27c7cb6e660e0ba4,PERSIST,0.11599999999999999,65312520.0,0.0,1189893.0,1427466.0,177651396.0,290768.0,65312520.0,10018196000.0,9498377856.0,10.018196,9.498377856,594.9465,380016640.0,362.412109375,1.361337661743164,169.42157363891602
538,R5,LOCAL_TREE-STATIONARY-NONE,58,27c7cb6e660e0ba4,POPULATION-RESEED,0.1185,65312520.0,1687.0,1157164.0,1613419.0,210281680.5,292654.0,65314207.0,10054811000.0,9686388597.5,10.054811,9.6863885975,578.582,390424576.0,372.337890625,1.5386762619018555,200.54023790359497
539,R5,LOCAL_TREE-STATIONARY-NONE,59,b12fec846cceba49,CHAMPION-RESEED,0.10675000000000001,65312520.0,11.0,1179211.0,1846271.0,209554115.0,299572.0,65312531.0,10236122500.0,9708306466.5,10.2361225,9.7083064665,589.6055,337391616.0,321.76171875,1.7607412338256836,199.8463773727417
539,R5,LOCAL_TREE-STATIONARY-NONE,59,b12fec846cceba49,PERSIST,0.10550000000000001,65312520.0,0.0,1146444.0,1346515.0,154651032.0,256914.0,65312520.0,9531299000.0,9028838776.5,9.531299,9.0288387765,573.222,309983232.0,295.623046875,1.2841367721557617,147.4867172241211
539,R5,LOCAL_TREE-STATIONARY-NONE,59,b12fec846cceba49,POPULATION-RESEED,0.10650000000000001,65312520.0,1646.0,1151117.0,1491182.0,187997806.5,262925.5,65314166.0,9530977000.0,9155151130.0,9.530977,9.15515113,575.5585,337391616.0,321.76171875,1.4221019744873047,179.28867959976196
540,R5,LOCAL_TREE-STATIONARY-NONE,60,ed2f4eaa6f0c4000,CHAMPION-RESEED,0.1095,65312520.0,11.0,1323834.5,1662161.0,194753168.5,280381.5,65312531.0,10443907000.0,9883688340.0,10.443907,9.88368834,661.91725,319420416.0,304.623046875,1.585160255432129,185.73109483718872
540,R5,LOCAL_TREE-STATIONARY-NONE,60,ed2f4eaa6f0c4000,PERSIST,0.10875,65312520.0,0.0,1205941.0,1352152.5,155356457.5,256616.0,65312520.0,9844444000.0,9286466532.0,9.844444,9.286466532,602.9705,305647616.0,291.48828125,1.289513111114502,148.15946340560913
540,R5,LOCAL_TREE-STATIONARY-NONE,60,ed2f4eaa6f0c4000,POPULATION-RESEED,0.1095,65312520.0,1639.0,1177193.5,1536746.0,186385698.0,260807.0,65314159.0,10245746000.0,9708023583.5,10.245746,9.7080235835,588.59675,325431296.0,310.35546875,1.465555191040039,177.75125312805176
541,R5,LOCAL_TREE-STATIONARY-NONE,61,2491f021f1d69b0d,CHAMPION-RESEED,0.1035,65312520.0,11.0,1169382.0,1717226.0,197509048.0,283825.0,65312531.0,10097612500.0,9683070862.5,10.0976125,9.6830708625,584.691,378882048.0,361.330078125,1.637674331665039,188.35930633544922
541,R5,LOCAL_TREE-STATIONARY-NONE,61,2491f021f1d69b0d,PERSIST,0.10325,65312520.0,0.0,1246701.0,1351978.5,152924548.0,253223.0,65312520.0,9539744500.0,9114071741.5,9.5397445,9.1140717415,623.3505,369999872.0,352.859375,1.2893471717834473,145.84021377563477
541,R5,LOCAL_TREE-STATIONARY-NONE,61,2491f021f1d69b0d,POPULATION-RESEED,0.104,65312520.0,1614.0,1100368.0,1548205.0,189509442.0,265537.0,65314134.0,9736763000.0,9341953859.0,9.736763,9.341953859,550.184,384184320.0,366.38671875,1.4764833450317383,180.73028755187988
542,R5,LOCAL_TREE-STATIONARY-NONE,62,a7b294a81c07ef4f,CHAMPION-RESEED,0.1085,65312520.0,12.0,1237427.5,1623364.0,196563017.5,282256.0,65312532.0,10709020500.0,10088256354.5,10.7090205,10.0882563545,618.71375,313489408.0,298.966796875,1.5481605529785156,187.45710134506226
542,R5,LOCAL_TREE-STATIONARY-NONE,62,a7b294a81c07ef4f,PERSIST,0.10925,65312520.0,0.0,1134939.0,1377652.5,165667894.0,270783.5,65312520.0,10185158500.0,9570470487.5,10.1851585,9.5704704875,567.4695,307728384.0,293.47265625,1.3138318061828613,157.9932155609131
542,R5,LOCAL_TREE-STATIONARY-NONE,62,a7b294a81c07ef4f,POPULATION-RESEED,0.10725000000000001,65312520.0,1766.0,1162072.0,1628358.5,198153199.5,275953.5,65314286.0,10653510500.0,10105901297.0,10.6535105,10.105901297,581.036,319819776.0,305.00390625,1.5529236793518066,188.97361707687378
543,R5,LOCAL_TREE-STATIONARY-NONE,63,1b31a33071cf8e5b,CHAMPION-RESEED,0.10575,65312520.0,11.0,1209214.0,1598172.0,193137943.5,278041.5,65312531.0,10093005500.0,9562901096.0,10.0930055,9.562901096,604.607,298604544.0,284.771484375,1.5241355895996094,184.19069623947144
543,R5,LOCAL_TREE-STATIONARY-NONE,63,1b31a33071cf8e5b,PERSIST,0.10575,65312520.0,0.0,1326664.0,1326983.0,153449644.0,253968.5,65312520.0,9734075000.0,9170113564.0,9.734075,9.170113564,663.332,293713920.0,280.107421875,1.2655096054077148,146.34098434448242
543,R5,LOCAL_TREE-STATIONARY-NONE,63,1b31a33071cf8e5b,POPULATION-RESEED,0.10575,65312520.0,1603.0,1204984.5,1533463.5,185783714.0,260106.5,65314123.0,9771360500.0,9290894349.5,9.7713605,9.2908943495,602.49225,305836032.0,291.66796875,1.4624247550964355,177.17715644836426
544,R5,LOCAL_TREE-STATIONARY-NONE,64,7194da0f61949e51,CHAMPION-RESEED,0.1115,65312520.0,11.0,1346906.0,1659740.0,194168840.5,279734.0,65312531.0,9968661500.0,9628761195.0,9.9686615,9.628761195,673.453,304427008.0,290.32421875,1.5828514099121094,185.1738362312317
544,R5,LOCAL_TREE-STATIONARY-NONE,64,7194da0f61949e51,PERSIST,0.10550000000000001,65312520.0,0.0,1375589.0,1354669.5,154850002.5,256507.0,65312520.0,9738795500.0,9288960825.0,9.7387955,9.288960825,687.7945,294133760.0,280.5078125,1.2919135093688965,147.6764702796936
544,R5,LOCAL_TREE-STATIONARY-NONE,64,7194da0f61949e51,POPULATION-RESEED,0.107,65312520.0,1620.0,1351552.0,1547299.0,186232421.0,260347.0,65314140.0,9784455000.0,9373185643.0,9.784455,9.373185643,675.776,318144512.0,303.40625,1.4756193161010742,177.60507678985596
545,R5,LOCAL_TREE-STATIONARY-NONE,65,cb1389ca5ebcd0a0,CHAMPION-RESEED,0.10250000000000001,65312520.0,11.0,1190170.5,1591963.5,195955493.0,282414.5,65312531.0,9972698000.0,9608563456.5,9.972698,9.6085634565,595.08525,371992576.0,354.759765625,1.5182147026062012,186.8777208328247
545,R5,LOCAL_TREE-STATIONARY-NONE,65,cb1389ca5ebcd0a0,PERSIST,0.10450000000000001,65312520.0,0.0,1181546.5,1369633.0,155775058.0,256887.5,65312520.0,9617301500.0,9145886281.5,9.6173015,9.1458862815,590.77325,359424000.0,342.7734375,1.3061838150024414,148.55867195129395
545,R5,LOCAL_TREE-STATIONARY-NONE,65,cb1389ca5ebcd0a0,POPULATION-RESEED,0.10400000000000001,65312520.0,1635.0,1136373.0,1618679.0,186953292.0,262409.0,65314155.0,9690125500.0,9287561862.0,9.6901255,9.287561862,568.1865,374427648.0,357.08203125,1.5436925888061523,178.29255294799805
546,R5,LOCAL_TREE-STATIONARY-NONE,66,64ef57325c997dcd,CHAMPION-RESEED,0.1145,65312520.0,7.0,1085172.0,1125519.0,167241091.5,247714.5,65312527.0,9330056500.0,8908580487.5,9.3300565,8.9085804875,542.586,331677696.0,316.3125,1.073378562927246,159.4935336112976
546,R5,LOCAL_TREE-STATIONARY-NONE,66,64ef57325c997dcd,PERSIST,0.1125,65312520.0,0.0,1134520.0,891267.5,135942161.0,227865.0,65312520.0,9003571500.0,8574935370.0,9.0035715,8.57493537,567.26,326572032.0,311.443359375,0.8499789237976074,129.64454746246338
546,R5,LOCAL_TREE-STATIONARY-NONE,66,64ef57325c997dcd,POPULATION-RESEED,0.10975,65312520.0,1071.0,1158711.0,1006240.0,158140734.5,229315.5,65313591.0,9302873500.0,8857874746.5,9.3028735,8.8578747465,579.3555,332947456.0,317.5234375,0.959625244140625,150.81475687026978
547,R5,LOCAL_TREE-STATIONARY-NONE,67,459727331ddc849b,CHAMPION-RESEED,0.10500000000000001,65312520.0,11.0,1285514.5,1646368.0,194131179.5,279859.5,65312531.0,10273494500.0,9735047159.5,10.2734945,9.7350471595,642.75725,294428672.0,280.7890625,1.570098876953125,185.1379199028015
547,R5,LOCAL_TREE-STATIONARY-NONE,67,459727331ddc849b,PERSIST,0.10325000000000001,65312520.0,0.0,1325003.0,1373713.0,153985145.5,254037.5,65312520.0,9721477000.0,9232518176.5,9.721477,9.2325181765,662.5015,288921600.0,275.537109375,1.310074806213379,146.85167837142944
547,R5,LOCAL_TREE-STATIONARY-NONE,67,459727331ddc849b,POPULATION-RESEED,0.10400000000000001,65312520.0,1637.0,1233547.5,1508632.0,186619548.0,260827.5,65314157.0,9919694500.0,9492098882.0,9.9196945,9.492098882,616.77375,306495488.0,292.296875,1.4387435913085938,177.97426986694336
548,R5,LOCAL_TREE-STATIONARY-NONE,68,05d4f2dc7e36a715,CHAMPION-RESEED,0.1125,65312520.0,14.0,1163204.5,1590172.0,207024909.5,296154.5,65312534.0,10452419500.0,9978357838.5,10.4524195,9.9783578385,581.60225,292849664.0,279.283203125,1.5165061950683594,197.43433904647827
548,R5,LOCAL_TREE-STATIONARY-NONE,68,05d4f2dc7e36a715,PERSIST,0.11425,65312520.0,0.0,1173365.0,1393902.0,160423064.0,262919.5,65312520.0,9748050500.0,9222439463.5,9.7480505,9.2224394635,586.6825,276119552.0,263.328125,1.3293285369873047,152.9913558959961
548,R5,LOCAL_TREE-STATIONARY-NONE,68,05d4f2dc7e36a715,POPULATION-RESEED,0.111,65312520.0,1665.0,1129068.0,2124964.5,214147512.5,298069.0,65314185.0,10471776000.0,9926384360.5,10.471776,9.9263843605,564.534,298455040.0,284.62890625,2.026524066925049,204.22698259353638
549,R5,LOCAL_TREE-STATIONARY-NONE,69,e8fcb6638978c50a,CHAMPION-RESEED,0.08875,65312520.0,11.0,1220251.0,1580294.0,191700965.0,276275.0,65312531.0,10395949500.0,9858623391.0,10.3959495,9.858623391,610.1255,306132992.0,291.951171875,1.5070858001708984,182.82028675079346
549,R5,LOCAL_TREE-STATIONARY-NONE,69,e8fcb6638978c50a,PERSIST,0.089,65312520.0,0.0,1347409.0,1348613.0,156903658.5,258432.0,65312520.0,10135710500.0,9533005053.5,10.1357105,9.5330050535,673.7045,292182016.0,278.646484375,1.286137580871582,149.6349892616272
549,R5,LOCAL_TREE-STATIONARY-NONE,69,e8fcb6638978c50a,POPULATION-RESEED,0.088,65312520.0,1617.0,1283342.0,1532817.5,187501067.0,262449.5,65314137.0,10250983000.0,9660437671.5,10.250983,9.6604376715,641.671,312723456.0,298.236328125,1.461808681488037,178.81495189666748
550,R5,LOCAL_TREE-STATIONARY-NONE,70,72f8bb346f76a0aa,CHAMPION-RESEED,0.10325,65312520.0,11.0,1168621.0,1608306.5,189678142.0,273443.5,65312531.0,10050216500.0,9596026033.0,10.0502165,9.596026033,584.3105,325863424.0,310.767578125,1.5338006019592285,180.89117240905762
550,R5,LOCAL_TREE-STATIONARY-NONE,70,72f8bb346f76a0aa,PERSIST,0.104,65312520.0,0.0,1218125.0,1364503.0,155677697.5,257039.0,65312520.0,9749133500.0,9215207114.0,9.7491335,9.215207114,609.0625,310499328.0,296.115234375,1.3012914657592773,148.46582174301147
550,R5,LOCAL_TREE-STATIONARY-NONE,70,72f8bb346f76a0aa,POPULATION-RESEED,0.10375,65312520.0,1648.0,1140599.5,1520867.0,185439594.0,259263.5,65314168.0,9856794000.0,9352663365.5,9.856794,9.3526633655,570.29975,326191104.0,311.080078125,1.4504117965698242,176.84897804260254
551,R5,LOCAL_TREE-STATIONARY-NONE,71,2b30be89a3bae0c8,CHAMPION-RESEED,0.1015,65312520.0,13.0,1501830.5,1870444.0,219389429.0,312556.0,65312533.0,11002814500.0,10359056708.5,11.0028145,10.3590567085,750.91525,341372928.0,325.55859375,1.7837944030761719,209.22606372833252
551,R5,LOCAL_TREE-STATIONARY-NONE,71,2b30be89a3bae0c8,PERSIST,0.09925,65312520.0,0.0,1508187.5,1466281.0,163237689.5,268797.5,65312520.0,10320120500.0,9669521482.0,10.3201205,9.669521482,754.09375,326875136.0,311.732421875,1.3983545303344727,155.6755919456482
551,R5,LOCAL_TREE-STATIONARY-NONE,71,2b30be89a3bae0c8,POPULATION-RESEED,0.099,65312520.0,1784.0,1460940.5,1654284.5,202713228.0,281143.0,65314304.0,10242775500.0,9660769525.5,10.2427755,9.6607695255,730.47025,350367744.0,334.13671875,1.577648639678955,193.3223991394043
552,R5,LOCAL_TREE-STATIONARY-NONE,72,16adffec21272c3f,CHAMPION-RESEED,0.107,65312520.0,11.0,1224636.5,1579088.0,194237731.0,279897.5,65312531.0,10027127500.0,9641557481.5,10.0271275,9.6415574815,612.31825,394266624.0,376.001953125,1.5059356689453125,185.23953533172607
552,R5,LOCAL_TREE-STATIONARY-NONE,72,16adffec21272c3f,PERSIST,0.10675,65312520.0,0.0,1238899.0,1356408.5,154495506.5,255780.5,65312520.0,9753777000.0,9256461828.5,9.753777,9.2564618285,619.4495,383490048.0,365.724609375,1.293571949005127,147.33839654922485
552,R5,LOCAL_TREE-STATIONARY-NONE,72,16adffec21272c3f,POPULATION-RESEED,0.107,65312520.0,1633.0,1167831.5,1545494.0,186350848.0,260786.0,65314153.0,9964017000.0,9538759085.0,9.964017,9.538759085,583.91575,399474688.0,380.96875,1.473897933959961,177.718017578125
553,R5,LOCAL_TREE-STATIONARY-NONE,73,39f1150ffbcd3145,CHAMPION-RESEED,0.1015,65312520.0,11.0,1205338.5,1593919.5,197387405.0,283759.0,65312531.0,10247420500.0,9710563249.0,10.2474205,9.710563249,602.66925,329900032.0,314.6171875,1.5200800895690918,188.2432985305786
553,R5,LOCAL_TREE-STATIONARY-NONE,73,39f1150ffbcd3145,PERSIST,0.10300000000000001,65312520.0,0.0,1256443.5,1345270.0,155392430.5,258247.5,65312520.0,9919815500.0,9279905729.5,9.9198155,9.2799057295,628.22175,314224640.0,299.66796875,1.282949447631836,148.1937699317932
553,R5,LOCAL_TREE-STATIONARY-NONE,73,39f1150ffbcd3145,POPULATION-RESEED,0.1015,65312520.0,1607.0,1208296.0,1491384.0,196083434.0,273352.5,65314127.0,10325830500.0,9724366414.0,10.3258305,9.724366414,604.148,336420864.0,320.8359375,1.4222946166992188,186.99973487854004
554,R5,LOCAL_TREE-STATIONARY-NONE,74,894fb953017df027,CHAMPION-RESEED,0.09975,65312520.0,9.0,1177258.0,1355979.0,177703360.0,259635.5,65312529.0,9968479500.0,9440692686.5,9.9684795,9.4406926865,588.629,316897280.0,302.216796875,1.2931623458862305,169.47113037109375
554,R5,LOCAL_TREE-STATIONARY-NONE,74,894fb953017df027,PERSIST,0.101,65312520.0,0.0,1180721.5,1195136.5,159784782.5,262901.5,65312520.0,10130609500.0,9495356828.5,10.1306095,9.4953568285,590.36075,308414464.0,294.126953125,1.1397709846496582,152.38264322280884
554,R5,LOCAL_TREE-STATIONARY-NONE,74,894fb953017df027,POPULATION-RESEED,0.1,65312520.0,1359.0,1142669.5,1469050.0,175594128.0,250097.5,65313879.0,10133176000.0,9572290293.5,10.133176,9.5722902935,571.33475,316897280.0,302.216796875,1.4009952545166016,167.45960998535156
555,R5,LOCAL_TREE-STATIONARY-NONE,75,0a52783ea3ae3542,CHAMPION-RESEED,0.1095,65312520.0,12.0,1099445.5,1676032.5,209961861.5,300713.0,65312532.0,10643888000.0,10003581770.0,10.643888,10.00358177,549.72275,317782016.0,303.060546875,1.5983891487121582,200.23523473739624
555,R5,LOCAL_TREE-STATIONARY-NONE,75,0a52783ea3ae3542,PERSIST,0.10875,65312520.0,0.0,1170656.0,1331427.0,153948931.0,255268.0,65312520.0,9907587000.0,9263212043.0,9.907587,9.263212043,585.328,301152256.0,287.201171875,1.2697477340698242,146.81714153289795
555,R5,LOCAL_TREE-STATIONARY-NONE,75,0a52783ea3ae3542,POPULATION-RESEED,0.109,65312520.0,1640.0,8594262.5,1521856.5,186404901.5,260813.0,65314160.0,9884315500.0,9418034449.0,9.8843155,9.418034449,4297.13125,324730880.0,309.6875,1.4513554573059082,177.76956701278687
556,R5,LOCAL_TREE-STATIONARY-NONE,76,b2cb9b03a5064070,CHAMPION-RESEED,0.10325000000000001,65312520.0,11.0,1280382.5,1595229.5,196624416.5,282627.0,65312531.0,10357516500.0,9786717730.0,10.3575165,9.78671773,640.19125,286791680.0,273.505859375,1.521329402923584,187.51565599441528
556,R5,LOCAL_TREE-STATIONARY-NONE,76,b2cb9b03a5064070,PERSIST,0.10325000000000001,65312520.0,0.0,1351871.0,1502598.0,157564864.0,259566.0,65312520.0,9943833500.0,9342805247.0,9.9438335,9.342805247,675.9355,277686272.0,264.822265625,1.4329891204833984,150.26556396484375
556,R5,LOCAL_TREE-STATIONARY-NONE,76,b2cb9b03a5064070,POPULATION-RESEED,0.10175000000000001,65312520.0,1616.0,1308716.5,1632424.0,187131556.5,261701.0,65314136.0,10092395000.0,9549123897.0,10.092395,9.549123897,654.35825,297957376.0,284.154296875,1.5568008422851562,178.46255922317505
557,R5,LOCAL_TREE-STATIONARY-NONE,77,ccd6e74df3da8177,CHAMPION-RESEED,0.112,65312520.0,12.0,1140699.5,1824768.0,221342710.5,315163.5,65312532.0,10540006000.0,9933219468.0,10.540006,9.933219468,570.34975,376772608.0,359.318359375,1.740234375,211.088858127594
557,R5,LOCAL_TREE-STATIONARY-NONE,77,ccd6e74df3da8177,PERSIST,0.11075,65312520.0,0.0,1235245.5,1429097.5,158740150.5,260252.0,65312520.0,9759080000.0,9179255036.0,9.75908,9.179255036,617.62275,367097856.0,350.091796875,1.3628935813903809,151.38640451431274
557,R5,LOCAL_TREE-STATIONARY-NONE,77,ccd6e74df3da8177,POPULATION-RESEED,0.11075,65312520.0,1719.0,1189272.0,1620171.5,187473785.5,263303.5,65314239.0,9824926500.0,9294913510.5,9.8249265,9.2949135105,594.636,379193344.0,361.626953125,1.5451159477233887,178.78893423080444
558,R5,LOCAL_TREE-STATIONARY-NONE,78,3ae92db165aa696c,CHAMPION-RESEED,0.0915,65312520.0,14.0,1369847.5,1592214.5,203076629.0,290276.0,65312534.0,10874416000.0,10412518188.5,10.874416,10.4125181885,684.92375,378468352.0,360.935546875,1.5184540748596191,193.66896533966064
558,R5,LOCAL_TREE-STATIONARY-NONE,78,3ae92db165aa696c,PERSIST,0.0925,65312520.0,0.0,1192432.5,1376449.5,154031894.0,254483.0,65312520.0,9859639500.0,9409183838.5,9.8596395,9.4091838385,596.21625,369154048.0,352.052734375,1.3126845359802246,146.89626121520996
558,R5,LOCAL_TREE-STATIONARY-NONE,78,3ae92db165aa696c,POPULATION-RESEED,0.09125,65312520.0,1658.0,6730903.0,1584220.0,188268286.0,263522.5,65314178.0,10085680000.0,9710061927.5,10.08568,9.7100619275,3365.4515,384372736.0,366.56640625,1.5108299255371094,179.54662895202637
559,R5,LOCAL_TREE-STATIONARY-NONE,79,7b3c5d95b48559d5,CHAMPION-RESEED,0.10525,65312520.0,12.0,1343346.0,1628267.5,203351796.5,290851.5,65312532.0,10072545000.0,9652851403.5,10.072545,9.6528514035,671.673,315424768.0,300.8125,1.5528368949890137,193.93138551712036
559,R5,LOCAL_TREE-STATIONARY-NONE,79,7b3c5d95b48559d5,PERSIST,0.10475,65312520.0,0.0,1274886.0,1395393.0,159504685.5,261700.0,65312520.0,9594298000.0,9172119672.0,9.594298,9.172119672,637.443,307798016.0,293.5390625,1.3307504653930664,152.1155219078064
559,R5,LOCAL_TREE-STATIONARY-NONE,79,7b3c5d95b48559d5,POPULATION-RESEED,0.10575,65312520.0,1714.0,6221513.0,1575763.0,192516294.5,269210.5,65314234.0,9751834500.0,9345210297.0,9.7518345,9.345210297,3110.7565,318689280.0,303.92578125,1.5027647018432617,183.5978455543518
560,R5,OBLIQUE-ABRUPT-MILD,0,42c592b3507783fe,CHAMPION-RESEED,0.295,65312520.0,27.0,1215743.5,3911148.0,311463935.0,463195.5,65312547.0,12807983500.0,12075940783.0,12.8079835,12.075940783,607.87175,513810432.0,490.0078125,3.729961395263672,297.0351552963257
560,R5,OBLIQUE-ABRUPT-MILD,0,42c592b3507783fe,PERSIST,0.27875,65312520.0,0.0,1264946.0,4332049.5,335074415.0,569316.5,65312520.0,14881759500.0,13738166847.0,14.8817595,13.738166847,632.473,503769088.0,480.431640625,4.131364345550537,319.5518636703491
560,R5,OBLIQUE-ABRUPT-MILD,0,42c592b3507783fe,POPULATION-RESEED,0.27649999999999997,65312520.0,5053.0,1208359.5,5333093.0,421354854.5,600099.5,65317573.0,15746346500.0,14571777969.0,15.7463465,14.571777969,604.17975,552462336.0,526.869140625,5.086033821105957,401.83530282974243
561,R5,OBLIQUE-ABRUPT-MILD,1,da4f083dd250e3c5,CHAMPION-RESEED,0.29225,65312520.0,33.0,1164850.5,4130059.0,368859936.0,543311.0,65312553.0,14119294500.0,13389912253.0,14.1192945,13.389912253,582.42525,501145600.0,477.9296875,3.9387311935424805,351.7722473144531
561,R5,OBLIQUE-ABRUPT-MILD,1,da4f083dd250e3c5,PERSIST,0.2955,65312520.0,0.0,1290133.5,4390720.5,333323073.5,564305.0,65312520.0,14737274000.0,13805330416.5,14.737274,13.8053304165,645.06675,486000640.0,463.486328125,4.187317371368408,317.8816542625427
561,R5,OBLIQUE-ABRUPT-MILD,1,da4f083dd250e3c5,POPULATION-RESEED,0.2915,65312520.0,5381.0,1165285.5,5063758.0,401201877.0,573851.0,65317901.0,14884867500.0,14061559189.0,14.8848675,14.061559189,582.64275,523003904.0,498.775390625,4.82917594909668,382.6159257888794
562,R5,OBLIQUE-ABRUPT-MILD,2,2b1285196345c83f,CHAMPION-RESEED,0.28775,65312520.0,42.0,1239523.0,5135229.5,434477385.0,635276.5,65312562.0,16417646000.0,15110485656.5,16.417646,15.1104856565,619.7615,493840384.0,470.962890625,4.897336483001709,414.3499231338501
562,R5,OBLIQUE-ABRUPT-MILD,2,2b1285196345c83f,PERSIST,0.2825,65312520.0,0.0,1330057.0,4681161.5,375435690.0,636444.5,65312520.0,16880105000.0,15389064826.0,16.880105,15.389064826,665.0285,475029504.0,453.0234375,4.464303493499756,358.0433750152588
562,R5,OBLIQUE-ABRUPT-MILD,2,2b1285196345c83f,POPULATION-RESEED,0.27975,65312520.0,6156.0,1252461.5,5800778.5,456983958.5,649156.0,65318676.0,16955811000.0,15443533247.5,16.955811,15.4435332475,626.23075,493840384.0,470.962890625,5.532053470611572,435.8138642311096
563,R5,OBLIQUE-ABRUPT-MILD,3,dcb3be7b6f4dbcc0,CHAMPION-RESEED,0.2905,65312520.0,30.0,1262445.5,4212083.5,330100527.5,490729.5,65312550.0,13691327000.0,12991563310.5,13.691327,12.9915633105,631.22275,444405760.0,423.818359375,4.016955852508545,314.80839490890503
563,R5,OBLIQUE-ABRUPT-MILD,3,dcb3be7b6f4dbcc0,PERSIST,0.276,65312520.0,0.0,1302442.5,4116303.5,301669918.0,509768.5,65312520.0,13955206000.0,13059562419.0,13.955206,13.059562419,651.22125,428027904.0,408.19921875,3.9256129264831543,287.6948528289795
563,R5,OBLIQUE-ABRUPT-MILD,3,dcb3be7b6f4dbcc0,POPULATION-RESEED,0.28400000000000003,65312520.0,4539.0,1227952.0,3799148.0,328397429.5,474803.0,65317059.0,13583479500.0,12842687621.0,13.5834795,12.842687621,613.976,459143168.0,437.873046875,3.623149871826172,313.1841940879822
564,R5,OBLIQUE-ABRUPT-MILD,4,b608110605848256,CHAMPION-RESEED,0.30125,65312520.0,25.0,5171919.5,4524718.0,344065596.5,509994.0,65312545.0,14107135000.0,13184175354.5,14.107135,13.1841753545,2585.95975,435638272.0,415.45703125,4.315107345581055,328.12652254104614
564,R5,OBLIQUE-ABRUPT-MILD,4,b608110605848256,PERSIST,0.29000000000000004,65312520.0,0.0,1392462.0,3691255.0,269749736.5,458996.5,65312520.0,13512679000.0,12589693618.5,13.512679,12.5896936185,696.231,427220992.0,407.4296875,3.5202550888061523,257.25339555740356
564,R5,OBLIQUE-ABRUPT-MILD,4,b608110605848256,POPULATION-RESEED,0.28525,65312520.0,3806.0,1218163.0,4193057.5,324491452.0,469108.0,65316326.0,13412699500.0,12519132016.0,13.4126995,12.519132016,609.0815,459515904.0,438.228515625,3.9988112449645996,309.4591636657715
565,R5,OBLIQUE-ABRUPT-MILD,5,bb0b29ffa3375172,CHAMPION-RESEED,0.29600000000000004,65312520.0,26.0,1370567.5,4118156.5,313127443.5,465890.0,65312546.0,13310486000.0,12599918420.0,13.310486,12.59991842,685.28375,413151232.0,394.01171875,3.927380084991455,298.62160062789917
565,R5,OBLIQUE-ABRUPT-MILD,5,bb0b29ffa3375172,PERSIST,0.3005,65312520.0,0.0,1429900.0,3408549.0,263250373.0,448348.0,65312520.0,13035315500.0,12264967593.0,13.0353155,12.264967593,714.95,401739776.0,383.12890625,3.250645637512207,251.05511951446533
565,R5,OBLIQUE-ABRUPT-MILD,5,bb0b29ffa3375172,POPULATION-RESEED,0.2985,65312520.0,4168.0,1380982.5,4125307.5,317801631.0,461403.0,65316688.0,13298494000.0,12555249553.0,13.298494,12.555249553,690.49125,424284160.0,404.62890625,3.934199810028076,303.0792531967163
566,R5,OBLIQUE-ABRUPT-MILD,6,e5b85916d54d7d36,CHAMPION-RESEED,0.29700000000000004,65312520.0,30.0,1264737.0,3898562.0,364783998.0,538348.5,65312550.0,14371511000.0,13596728898.5,14.371511,13.5967288985,632.3685,476196864.0,454.13671875,3.717958450317383,347.88512992858887
566,R5,OBLIQUE-ABRUPT-MILD,6,e5b85916d54d7d36,PERSIST,0.29325,65312520.0,0.0,1327841.5,4118915.5,305517823.0,517680.0,65312520.0,14085642500.0,13265700382.5,14.0856425,13.2657003825,663.92075,452716544.0,431.744140625,3.9281039237976074,291.3645009994507
566,R5,OBLIQUE-ABRUPT-MILD,6,e5b85916d54d7d36,POPULATION-RESEED,0.28925,65312520.0,4608.0,1150974.5,4599870.0,369943289.0,533025.0,65317128.0,14349369500.0,13530345907.0,14.3493695,13.530345907,575.48725,490016768.0,467.31640625,4.386777877807617,352.8054132461548
567,R5,OBLIQUE-ABRUPT-MILD,7,3116ded227634455,CHAMPION-RESEED,0.30175,65312520.0,32.0,1405874.0,4527342.5,373129643.5,549744.0,65312552.0,15621617000.0,14464521836.0,15.621617,14.464521836,702.937,520941568.0,496.80859375,4.317610263824463,355.84415769577026
567,R5,OBLIQUE-ABRUPT-MILD,7,3116ded227634455,PERSIST,0.30125,65312520.0,0.0,1355035.5,3878515.0,335714923.0,565299.5,65312520.0,15453384500.0,14267236985.5,15.4533845,14.2672369855,677.51775,507983872.0,484.451171875,3.6988401412963867,320.16269969940186
567,R5,OBLIQUE-ABRUPT-MILD,7,3116ded227634455,POPULATION-RESEED,0.30500000000000005,65312520.0,5015.0,1332808.5,4706451.0,390408505.0,560512.0,65317535.0,15637758500.0,14556439487.5,15.6377585,14.5564394875,666.40425,576221184.0,549.52734375,4.488421440124512,372.32256412506104
568,R5,OBLIQUE-ABRUPT-MILD,8,fee24d01cdbc1c5c,CHAMPION-RESEED,0.279,65312520.0,33.0,1174132.5,4052222.5,364048521.5,537788.5,65312553.0,15021822500.0,13819657732.5,15.0218225,13.8196577325,587.06625,441329664.0,420.884765625,3.8645005226135254,347.1837248802185
568,R5,OBLIQUE-ABRUPT-MILD,8,fee24d01cdbc1c5c,PERSIST,0.28325,65312520.0,0.0,5940556.5,3679209.5,285170909.5,485575.5,65312520.0,13938767500.0,12825672817.5,13.9387675,12.8256728175,2970.27825,431683584.0,411.685546875,3.508767604827881,271.9601721763611
568,R5,OBLIQUE-ABRUPT-MILD,8,fee24d01cdbc1c5c,POPULATION-RESEED,0.27875,65312520.0,4381.0,1200637.0,4336146.0,352516282.0,508875.0,65316901.0,14879008500.0,13771156947.0,14.8790085,13.771156947,600.3185,456218624.0,435.083984375,4.135271072387695,336.18572425842285
569,R5,OBLIQUE-ABRUPT-MILD,9,f78616a8fa0dc672,CHAMPION-RESEED,0.27975,65312520.0,40.0,1422624.0,4945032.5,423195477.0,618692.0,65312560.0,17810814000.0,16731944837.0,17.810814,16.731944837,711.312,562212864.0,536.16796875,4.7159504890441895,403.5906572341919
569,R5,OBLIQUE-ABRUPT-MILD,9,f78616a8fa0dc672,PERSIST,0.273,65312520.0,0.0,1422886.0,4502866.5,370065023.0,628064.5,65312520.0,17918035500.0,16636060612.0,17.9180355,16.636060612,711.443,543352832.0,518.181640625,4.2942681312561035,352.9215078353882
569,R5,OBLIQUE-ABRUPT-MILD,9,f78616a8fa0dc672,POPULATION-RESEED,0.27325,65312520.0,6266.0,1350595.0,5385861.5,455746719.0,647182.0,65318786.0,17816794500.0,16614268272.0,17.8167945,16.614268272,675.2975,601718784.0,573.84375,5.13635778427124,434.6339406967163
570,R5,OBLIQUE-ABRUPT-MILD,10,77081787725a6acf,CHAMPION-RESEED,0.30325,65312520.0,35.0,1252022.5,4582405.0,387581287.5,563627.0,65312555.0,15201012500.0,14312153273.5,15.2010125,14.3121532735,626.01125,493707264.0,470.8359375,4.370121955871582,369.62631940841675
570,R5,OBLIQUE-ABRUPT-MILD,10,77081787725a6acf,PERSIST,0.30825,65312520.0,0.0,1342148.5,3908367.0,308102113.5,516964.5,65312520.0,14120836000.0,13231628990.5,14.120836,13.2316289905,671.07425,474368000.0,452.392578125,3.727309226989746,293.82907247543335
570,R5,OBLIQUE-ABRUPT-MILD,10,77081787725a6acf,POPULATION-RESEED,0.30300000000000005,65312520.0,4728.0,1196959.5,5072129.0,383423298.0,545434.5,65317248.0,14969635000.0,14135199407.0,14.969635,14.135199407,598.47975,499154944.0,476.03125,4.837159156799316,365.6609516143799
571,R5,OBLIQUE-ABRUPT-MILD,11,59841ef7b46616e6,CHAMPION-RESEED,0.3035,65312520.0,30.0,1204662.5,4136341.5,361637537.5,529058.0,65312550.0,14458234500.0,13534481511.0,14.4582345,13.534481511,602.33125,453656576.0,432.640625,3.9447226524353027,344.8844313621521
571,R5,OBLIQUE-ABRUPT-MILD,11,59841ef7b46616e6,PERSIST,0.30374999999999996,65312520.0,0.0,1354417.0,4228504.5,326330586.5,544730.5,65312520.0,14796117000.0,13657914064.5,14.796117,13.6579140645,677.2085,439918592.0,419.5390625,4.032616138458252,311.21309900283813
571,R5,OBLIQUE-ABRUPT-MILD,11,59841ef7b46616e6,POPULATION-RESEED,0.30874999999999997,65312520.0,4901.0,5275486.5,4464009.0,391766462.0,556048.5,65317421.0,15347432000.0,14321001609.0,15.347432,14.321001609,2637.74325,475537408.0,453.5078125,4.257210731506348,373.6176128387451
572,R5,OBLIQUE-ABRUPT-MILD,12,c17b36504cd17c47,CHAMPION-RESEED,0.30700000000000005,65312520.0,16.0,1237665.0,3289828.0,236591713.5,355748.0,65312536.0,11296133000.0,10698983301.0,11.296133,10.698983301,618.8325,393781248.0,375.5390625,3.1374244689941406,225.63144063949585
572,R5,OBLIQUE-ABRUPT-MILD,12,c17b36504cd17c47,PERSIST,0.29675,65312520.0,0.0,1288258.5,2872355.5,215742494.5,365024.0,65312520.0,11513411000.0,10815938408.5,11.513411,10.8159384085,644.12925,384368640.0,366.5625,2.7392916679382324,205.74807596206665
572,R5,OBLIQUE-ABRUPT-MILD,12,c17b36504cd17c47,POPULATION-RESEED,0.29675,65312520.0,2860.0,1201322.0,3157603.0,258143894.5,375579.5,65315380.0,11786474500.0,11074094460.5,11.7864745,11.0740944605,600.661,410789888.0,391.759765625,3.011324882507324,246.18520212173462
573,R5,OBLIQUE-ABRUPT-MILD,13,f022ac2a2da86326,CHAMPION-RESEED,0.28975,65312520.0,39.0,1439573.0,4794624.5,367040939.5,532552.0,65312559.0,15160180500.0,13973931099.0,15.1601805,13.973931099,719.7865,440702976.0,420.287109375,4.572510242462158,350.03751707077026
573,R5,OBLIQUE-ABRUPT-MILD,13,f022ac2a2da86326,PERSIST,0.29600000000000004,65312520.0,0.0,6301896.5,4033895.5,270563003.5,453929.5,65312520.0,13785484500.0,12681952109.5,13.7854845,12.6819521095,3150.94825,428507136.0,408.65625,3.847022533416748,258.0289874076843
573,R5,OBLIQUE-ABRUPT-MILD,13,f022ac2a2da86326,POPULATION-RESEED,0.28175,65312520.0,5108.0,1282398.5,4807929.0,376386343.5,533972.0,65317628.0,15163411500.0,13931383543.5,15.1634115,13.9313835435,641.19925,462647296.0,441.21484375,4.585198402404785,358.9499888420105
574,R5,OBLIQUE-ABRUPT-MILD,14,a5c013f2daf6b22c,CHAMPION-RESEED,0.30374999999999996,65312520.0,32.0,3958363.0,4599623.0,409073875.0,595627.5,65312552.0,15452163500.0,14509715773.5,15.4521635,14.5097157735,1979.1815,501925888.0,478.673828125,4.386542320251465,390.12324810028076
574,R5,OBLIQUE-ABRUPT-MILD,14,a5c013f2daf6b22c,PERSIST,0.29825,65312520.0,0.0,5396764.0,3709760.0,290381820.5,486994.5,65312520.0,13534167500.0,12732470965.0,13.5341675,12.732470965,2698.382,488325120.0,465.703125,3.53790283203125,276.9296841621399
574,R5,OBLIQUE-ABRUPT-MILD,14,a5c013f2daf6b22c,POPULATION-RESEED,0.30425,65312520.0,4521.0,1235113.0,5157283.0,414988872.0,589735.5,65317041.0,15496747500.0,14609637878.5,15.4967475,14.6096378785,617.5565,527708160.0,503.26171875,4.918368339538574,395.7642288208008
575,R5,OBLIQUE-ABRUPT-MILD,15,ea2eed98b3aa0564,CHAMPION-RESEED,0.30625,65312520.0,25.0,1209339.0,3523218.5,291771871.5,433735.5,65312545.0,12703615500.0,11807650264.5,12.7036155,11.8076502645,604.6695,441733120.0,421.26953125,3.3600029945373535,278.2553400993347
575,R5,OBLIQUE-ABRUPT-MILD,15,ea2eed98b3aa0564,PERSIST,0.30674999999999997,65312520.0,0.0,1312529.5,3940078.5,282509358.0,471169.0,65312520.0,13484489000.0,12395857420.0,13.484489,12.39585742,656.26475,432580608.0,412.541015625,3.757551670074463,269.42191886901855
575,R5,OBLIQUE-ABRUPT-MILD,15,ea2eed98b3aa0564,POPULATION-RESEED,0.30875,65312520.0,4348.0,1180970.0,5342338.5,370122766.5,527719.5,65316868.0,14819130500.0,13622694207.5,14.8191305,13.6226942075,590.485,467308544.0,445.66015625,5.094851016998291,352.9765763282776
576,R5,OBLIQUE-ABRUPT-MILD,16,83ef39588f224999,CHAMPION-RESEED,0.28700000000000003,65312520.0,42.0,1338791.0,5115976.5,433442704.5,625291.5,65312562.0,15819294000.0,14853758919.0,15.819294,14.853758919,669.3955,461453312.0,440.076171875,4.8789753913879395,413.3631749153137
576,R5,OBLIQUE-ABRUPT-MILD,16,83ef39588f224999,PERSIST,0.28725,65312520.0,0.0,1542901.5,4448162.0,337555914.5,567570.0,65312520.0,14951573500.0,14069674018.5,14.9515735,14.0696740185,771.45075,446658560.0,425.966796875,4.242097854614258,321.9184060096741
576,R5,OBLIQUE-ABRUPT-MILD,16,83ef39588f224999,POPULATION-RESEED,0.2835,65312520.0,4975.0,1353256.5,4710136.5,387421618.0,548880.5,65317495.0,14828128000.0,13911804560.0,14.828128,13.91180456,676.62825,461453312.0,440.076171875,4.491936206817627,369.4740467071533
577,R5,OBLIQUE-ABRUPT-MILD,17,126905a6117cdb29,CHAMPION-RESEED,0.27749999999999997,65312520.0,41.0,1213694.0,5028579.5,450751333.0,650619.0,65312561.0,16579099000.0,15207692195.0,16.579099,15.207692195,606.847,500611072.0,477.419921875,4.795627117156982,429.86996936798096
577,R5,OBLIQUE-ABRUPT-MILD,17,126905a6117cdb29,PERSIST,0.27649999999999997,65312520.0,0.0,1283011.0,4930644.5,401134451.5,667585.0,65312520.0,16986563000.0,15502085804.0,16.986563,15.502085804,641.5055,498321408.0,475.236328125,4.702229022979736,382.55162382125854
577,R5,OBLIQUE-ABRUPT-MILD,17,126905a6117cdb29,POPULATION-RESEED,0.26925,65312520.0,5738.0,1224825.5,5749679.5,466783540.0,656385.5,65318258.0,16872347500.0,15497335703.0,16.8723475,15.497335703,612.41275,526249984.0,501.87109375,5.483321666717529,445.15947341918945
578,R5,OBLIQUE-ABRUPT-MILD,18,f43fcf2ca3584883,CHAMPION-RESEED,0.28800000000000003,65312520.0,30.0,3548269.5,4303304.0,349282986.0,510204.0,65312550.0,13501895500.0,12817545368.0,13.5018955,12.817545368,1774.13475,511203328.0,487.521484375,4.103950500488281,333.1022129058838
578,R5,OBLIQUE-ABRUPT-MILD,18,f43fcf2ca3584883,PERSIST,0.30325,65312520.0,0.0,1283780.5,3868839.5,302966512.5,509546.0,65312520.0,13594255000.0,12775589540.0,13.594255,12.77558954,641.89025,497031168.0,474.005859375,3.689612865447998,288.9313817024231
578,R5,OBLIQUE-ABRUPT-MILD,18,f43fcf2ca3584883,POPULATION-RESEED,0.30000000000000004,65312520.0,4735.0,1274565.0,4207326.0,367079116.0,521054.5,65317255.0,14004732500.0,13231271132.5,14.0047325,13.2312711325,637.2825,544280576.0,519.06640625,4.012418746948242,350.07392501831055
579,R5,OBLIQUE-ABRUPT-MILD,19,439fa7ef27ef97d6,CHAMPION-RESEED,0.30374999999999996,65312520.0,35.0,1238237.5,4122906.0,377246258.5,551224.0,65312555.0,14366716500.0,13493384468.0,14.3667165,13.493384468,619.11875,460410880.0,439.08203125,3.9319095611572266,359.770067691803
579,R5,OBLIQUE-ABRUPT-MILD,19,439fa7ef27ef97d6,PERSIST,0.29325,65312520.0,0.0,1290338.5,3959882.5,289278482.0,484750.0,65312520.0,13539578500.0,12551807883.0,13.5395785,12.551807883,645.16925,436836352.0,416.599609375,3.7764382362365723,275.8774585723877
579,R5,OBLIQUE-ABRUPT-MILD,19,439fa7ef27ef97d6,POPULATION-RESEED,0.29575,65312520.0,4340.0,1184043.5,4004458.5,338251342.5,486721.5,65316860.0,13507147500.0,12626131879.0,13.5071475,12.626131879,592.02175,465377280.0,443.818359375,3.8189492225646973,322.58161783218384
580,R5,OBLIQUE-ABRUPT-MILD,20,1f879cdac9972c17,CHAMPION-RESEED,0.29200000000000004,65312520.0,37.0,1241961.5,4995141.5,401897696.0,583537.0,65312557.0,14831781500.0,14025110686.5,14.8317815,14.0251106865,620.98075,540272640.0,515.244140625,4.76373815536499,383.2795104980469
580,R5,OBLIQUE-ABRUPT-MILD,20,1f879cdac9972c17,PERSIST,0.28275,65312520.0,0.0,1308632.5,4432370.0,347118935.5,580678.5,65312520.0,14956959000.0,13999367543.5,14.956959,13.9993675435,654.31625,526143488.0,501.76953125,4.22703742980957,331.0384135246277
580,R5,OBLIQUE-ABRUPT-MILD,20,1f879cdac9972c17,POPULATION-RESEED,0.27649999999999997,65312520.0,5369.0,1236455.5,5347243.5,420371631.0,592573.5,65317889.0,15360670500.0,14459459981.5,15.3606705,14.4594599815,618.22775,601257984.0,573.404296875,5.099528789520264,400.89762783050537
581,R5,OBLIQUE-ABRUPT-MILD,21,461da9e81e4ab99e,CHAMPION-RESEED,0.29725,65312520.0,32.0,1250087.0,4331676.5,358700216.5,522932.0,65312552.0,13766473000.0,13056855171.0,13.766473,13.056855171,625.0435,426432512.0,406.677734375,4.131008625030518,342.0831837654114
581,R5,OBLIQUE-ABRUPT-MILD,21,461da9e81e4ab99e,PERSIST,0.2975,65312520.0,0.0,4580094.0,3575888.0,286754540.0,481317.5,65312520.0,13109850500.0,12342624191.5,13.1098505,12.3426241915,2290.047,415328256.0,396.087890625,3.4102325439453125,273.4704399108887
581,R5,OBLIQUE-ABRUPT-MILD,21,461da9e81e4ab99e,POPULATION-RESEED,0.29425,65312520.0,3967.0,1248347.0,4457668.5,338027503.0,481693.5,65316487.0,13418538000.0,12642096713.0,13.418538,12.642096713,624.1735,434900992.0,414.75390625,4.251163959503174,322.3681478500366
582,R5,OBLIQUE-ABRUPT-MILD,22,c1ef4cd6fe0ec0b1,CHAMPION-RESEED,0.30074999999999996,65312520.0,31.0,1275421.0,3722245.0,281727084.0,413611.0,65312551.0,12228073500.0,11422084435.5,12.2280735,11.4220844355,637.7105,502411264.0,479.13671875,3.549809455871582,268.6758842468262
582,R5,OBLIQUE-ABRUPT-MILD,22,c1ef4cd6fe0ec0b1,PERSIST,0.29725,65312520.0,0.0,1281053.5,3858644.0,266436682.5,448465.0,65312520.0,13270987500.0,12130703157.0,13.2709875,12.130703157,640.52675,495161344.0,472.22265625,3.679889678955078,254.09382104873657
582,R5,OBLIQUE-ABRUPT-MILD,22,c1ef4cd6fe0ec0b1,POPULATION-RESEED,0.29775,65312520.0,5463.0,1222256.5,4352823.0,328188863.5,467213.5,65317983.0,13706759000.0,12562373466.0,13.706759,12.562373466,611.12825,538697728.0,513.7421875,4.151175498962402,312.9852900505066
583,R5,OBLIQUE-ABRUPT-MILD,23,cdeff888de391980,CHAMPION-RESEED,0.27325,65312520.0,32.0,1395371.0,4419960.0,383014069.0,555474.5,65312552.0,15416452000.0,14505443650.0,15.416452,14.50544365,697.6855,485310464.0,462.828125,4.215202331542969,365.27068042755127
583,R5,OBLIQUE-ABRUPT-MILD,23,cdeff888de391980,PERSIST,0.274,65312520.0,0.0,1416541.5,4323626.5,325146912.5,545338.0,65312520.0,14848002000.0,13946405750.0,14.848002,13.94640575,708.27075,475133952.0,453.123046875,4.123331546783447,310.0842595100403
583,R5,OBLIQUE-ABRUPT-MILD,23,cdeff888de391980,POPULATION-RESEED,0.267,65312520.0,5073.0,1354446.0,4823276.0,390186081.0,550577.5,65317593.0,14822386000.0,13903107425.5,14.822386,13.9031074255,677.223,488067072.0,465.45703125,4.599834442138672,372.1104440689087
584,R5,OBLIQUE-ABRUPT-MILD,24,24d56b8a60e308ab,CHAMPION-RESEED,0.29325,65312520.0,37.0,3793544.5,3776885.5,392998572.0,571884.5,65312557.0,14998171000.0,14157832999.0,14.998171,14.157832999,1896.77225,446775296.0,426.078125,3.6019186973571777,374.7926445007324
584,R5,OBLIQUE-ABRUPT-MILD,24,24d56b8a60e308ab,PERSIST,0.28775,65312520.0,0.0,1232849.5,4128109.5,315753061.5,526575.5,65312520.0,14271759500.0,13293615562.5,14.2717595,13.2936155625,616.42475,419831808.0,400.3828125,3.9368720054626465,301.1255850791931
584,R5,OBLIQUE-ABRUPT-MILD,24,24d56b8a60e308ab,POPULATION-RESEED,0.28600000000000003,65312520.0,4777.0,1260545.0,4481805.5,370655090.0,527836.5,65317297.0,13975279000.0,13241866929.0,13.975279,13.241866929,630.2725,462841856.0,441.400390625,4.2741827964782715,353.48423957824707
585,R5,OBLIQUE-ABRUPT-MILD,25,605f48605fb64abc,CHAMPION-RESEED,0.29900000000000004,65312520.0,32.0,1231962.5,4425975.5,376457327.0,548490.5,65312552.0,14568251500.0,13555437395.0,14.5682515,13.555437395,615.98125,460388352.0,439.060546875,4.2209391593933105,359.0176839828491
585,R5,OBLIQUE-ABRUPT-MILD,25,605f48605fb64abc,PERSIST,0.279,65312520.0,0.0,1304794.5,3826409.5,319545418.0,532872.0,65312520.0,14301652500.0,13314928120.0,14.3016525,13.31492812,652.39725,446304256.0,425.62890625,3.649148464202881,304.7422580718994
585,R5,OBLIQUE-ABRUPT-MILD,25,605f48605fb64abc,POPULATION-RESEED,0.281,65312520.0,5108.0,1220054.0,4602885.0,385610574.5,546292.5,65317628.0,15029488000.0,13925907701.5,15.029488,13.9259077015,610.027,463294464.0,441.83203125,4.389653205871582,367.74690103530884
586,R5,OBLIQUE-ABRUPT-MILD,26,f82772c71cb7dcbf,CHAMPION-RESEED,0.29574999999999996,65312520.0,22.0,1341980.5,3622474.5,302031258.5,447021.0,65312542.0,13611322500.0,12598263118.5,13.6113225,12.5982631185,670.99025,402499584.0,383.853515625,3.4546608924865723,288.0394539833069
586,R5,OBLIQUE-ABRUPT-MILD,26,f82772c71cb7dcbf,PERSIST,0.308,65312520.0,0.0,1350016.0,3371759.5,265758063.0,448435.0,65312520.0,13380216500.0,12352842948.5,13.3802165,12.3528429485,675.008,397848576.0,379.41796875,3.2155604362487793,253.44663906097412
586,R5,OBLIQUE-ABRUPT-MILD,26,f82772c71cb7dcbf,POPULATION-RESEED,0.2995,65312520.0,3710.0,1193028.0,4074298.0,322451265.5,462666.0,65316230.0,13735488000.0,12739961406.0,13.735488,12.739961406,596.514,408090624.0,389.185546875,3.8855533599853516,307.5134902000427
587,R5,OBLIQUE-ABRUPT-MILD,27,49710d16e03df0b9,CHAMPION-RESEED,0.314,65312520.0,35.0,1310612.5,4130307.0,351828928.0,514179.0,65312555.0,14135274500.0,13163041695.0,14.1352745,13.163041695,655.30625,427241472.0,407.44921875,3.938967704772949,335.53021240234375
587,R5,OBLIQUE-ABRUPT-MILD,27,49710d16e03df0b9,PERSIST,0.2985,65312520.0,0.0,1353849.0,3762962.0,294274371.0,492156.0,65312520.0,13728951500.0,12830339297.5,13.7289515,12.8303392975,676.9245,415232000.0,395.99609375,3.5886402130126953,280.6419095993042
587,R5,OBLIQUE-ABRUPT-MILD,27,49710d16e03df0b9,POPULATION-RESEED,0.306,65312520.0,4203.0,3888723.5,4360553.5,345658402.5,493384.0,65316723.0,14192360000.0,13279541073.0,14.19236,13.279541073,1944.36175,433946624.0,413.84375,4.158547878265381,329.6455407142639
588,R5,OBLIQUE-ABRUPT-MILD,28,7c763e594f96fdb1,CHAMPION-RESEED,0.2995,65312520.0,27.0,1295894.0,3563990.0,315104959.5,464254.5,65312547.0,13392924500.0,12704147172.0,13.3929245,12.704147172,647.947,478251008.0,456.095703125,3.398885726928711,300.5075068473816
588,R5,OBLIQUE-ABRUPT-MILD,28,7c763e594f96fdb1,PERSIST,0.28800000000000003,65312520.0,0.0,1367192.0,3898122.0,299460300.5,505920.0,65312520.0,14391410500.0,13521702956.0,14.3914105,13.521702956,683.596,465039360.0,443.49609375,3.717538833618164,285.5875973701477
588,R5,OBLIQUE-ABRUPT-MILD,28,7c763e594f96fdb1,POPULATION-RESEED,0.29000000000000004,65312520.0,4562.0,1277506.0,3916454.5,350649029.5,499168.0,65317082.0,13814436000.0,13024456837.0,13.814436,13.024456837,638.753,489701376.0,467.015625,3.7350220680236816,334.4049735069275
589,R5,OBLIQUE-ABRUPT-MILD,29,607d03e5ba4ef8e4,CHAMPION-RESEED,0.27975,65312520.0,35.0,1245454.5,4113185.0,367910981.5,535483.0,65312555.0,15162447000.0,14134803789.5,15.162447,14.1348037895,622.72725,452175872.0,431.228515625,3.9226388931274414,350.867253780365
589,R5,OBLIQUE-ABRUPT-MILD,29,607d03e5ba4ef8e4,PERSIST,0.27249999999999996,65312520.0,0.0,1476688.5,3825121.0,308895501.5,519168.0,65312520.0,14958383000.0,13827281217.5,14.958383,13.8272812175,738.34425,422473728.0,402.90234375,3.6479196548461914,294.58570623397827
589,R5,OBLIQUE-ABRUPT-MILD,29,607d03e5ba4ef8e4,POPULATION-RESEED,0.27375,65312520.0,4795.0,1315017.0,4188340.5,350594762.0,497818.0,65317315.0,15133774500.0,14038415504.5,15.1337745,14.0384155045,657.5085,453408768.0,432.404296875,3.9943127632141113,334.3532199859619
590,R5,OBLIQUE-ABRUPT-MILD,30,be87c99c74e647c8,CHAMPION-RESEED,0.29075,65312520.0,35.0,1325436.5,4801180.5,424883476.0,615167.5,65312555.0,16884285000.0,15639240101.5,16.884285,15.6392401015,662.71825,455426048.0,434.328125,4.578762531280518,405.2004585266113
590,R5,OBLIQUE-ABRUPT-MILD,30,be87c99c74e647c8,PERSIST,0.28900000000000003,65312520.0,0.0,1341270.5,4012344.0,314358668.0,527468.5,65312520.0,15370500500.0,14187167644.5,15.3705005,14.1871676445,670.63525,438958080.0,418.623046875,3.8264694213867188,299.7957878112793
590,R5,OBLIQUE-ABRUPT-MILD,30,be87c99c74e647c8,POPULATION-RESEED,0.29000000000000004,65312520.0,5163.0,1261445.0,4562334.5,385464219.0,545328.0,65317683.0,15814690000.0,14626853743.5,15.81469,14.6268537435,630.7225,455426048.0,434.328125,4.35098123550415,367.60732555389404
591,R5,OBLIQUE-ABRUPT-MILD,31,d2c36f00f2461aa9,CHAMPION-RESEED,0.2905,65312520.0,27.0,1250013.5,3851966.5,311508097.5,459775.0,65312547.0,13679532000.0,12692772647.0,13.679532,12.692772647,625.00675,434843648.0,414.69921875,3.6735215187072754,297.077271938324
591,R5,OBLIQUE-ABRUPT-MILD,31,d2c36f00f2461aa9,PERSIST,0.28525,65312520.0,0.0,1330837.5,3162587.0,261324139.5,440001.0,65312520.0,13588621500.0,12397104552.0,13.5886215,12.397104552,665.41875,422266880.0,402.705078125,3.016077995300293,249.218120098114
591,R5,OBLIQUE-ABRUPT-MILD,31,d2c36f00f2461aa9,POPULATION-RESEED,0.281,65312520.0,4136.0,1178461.0,4098798.5,317777830.0,457921.5,65316656.0,13962495000.0,12903865892.5,13.962495,12.9038658925,589.2305,441720832.0,421.2578125,3.908918857574463,303.0565547943115
592,R5,OBLIQUE-ABRUPT-MILD,32,6567115088d0386f,CHAMPION-RESEED,0.29600000000000004,65312520.0,38.0,1319886.0,4418896.0,390734700.5,568393.0,65312558.0,16032313000.0,14815579729.5,16.032313,14.8155797295,659.943,458526720.0,437.28515625,4.2141876220703125,372.63364839553833
592,R5,OBLIQUE-ABRUPT-MILD,32,6567115088d0386f,PERSIST,0.29500000000000004,65312520.0,0.0,1335707.0,4040360.0,322188213.0,539578.5,65312520.0,15418767000.0,14252910021.5,15.418767,14.2529100215,667.8535,444039168.0,423.46875,3.8531875610351562,307.26262378692627
592,R5,OBLIQUE-ABRUPT-MILD,32,6567115088d0386f,POPULATION-RESEED,0.29525,65312520.0,4825.0,1241344.0,4509708.0,373685554.0,530178.5,65317345.0,15147116000.0,13977503316.5,15.147116,13.9775033165,620.672,458526720.0,437.28515625,4.300792694091797,356.3743152618408
593,R5,OBLIQUE-ABRUPT-MILD,33,a5e55876c5d3162e,CHAMPION-RESEED,0.28049999999999997,65312520.0,40.0,1257055.0,5188231.0,428477036.0,619185.5,65312560.0,16355474000.0,14962267531.5,16.355474,14.9622675315,628.5275,509667328.0,486.056640625,4.947882652282715,408.6275444030762
593,R5,OBLIQUE-ABRUPT-MILD,33,a5e55876c5d3162e,PERSIST,0.27675,65312520.0,0.0,1286867.5,4506032.5,348149244.0,582648.0,65312520.0,15542892000.0,14284614140.5,15.542892,14.2846141405,643.43375,494305280.0,471.40625,4.297287464141846,332.02099227905273
593,R5,OBLIQUE-ABRUPT-MILD,33,a5e55876c5d3162e,POPULATION-RESEED,0.2835,65312520.0,5592.0,1189376.0,5426255.0,426289764.0,599712.0,65318112.0,16127952500.0,14749254828.0,16.1279525,14.749254828,594.688,578650112.0,551.84375,5.174880027770996,406.54159927368164
594,R5,OBLIQUE-ABRUPT-MILD,34,12756840e6f8da69,CHAMPION-RESEED,0.29300000000000004,65312520.0,25.0,1299726.5,3984924.0,306026506.0,452525.5,65312545.0,12987866000.0,12059375295.5,12.987866,12.0593752955,649.86325,435259392.0,415.095703125,3.8003196716308594,291.84961891174316
594,R5,OBLIQUE-ABRUPT-MILD,34,12756840e6f8da69,PERSIST,0.2905,65312520.0,0.0,1380945.5,3936298.5,271636899.0,456265.0,65312520.0,13171383500.0,12131732744.5,13.1713835,12.1317327445,690.47275,421193728.0,401.681640625,3.7539467811584473,259.0531339645386
594,R5,OBLIQUE-ABRUPT-MILD,34,12756840e6f8da69,POPULATION-RESEED,0.2895,65312520.0,4002.0,1282442.5,4423841.0,337333102.5,483742.5,65316522.0,13685506000.0,12729916319.5,13.685506,12.7299163195,641.22125,437514240.0,417.24609375,4.218903541564941,321.70591592788696
595,R5,OBLIQUE-ABRUPT-MILD,35,9b08ab7281ef8dd4,CHAMPION-RESEED,0.309,65312520.0,23.0,1178145.5,4028634.0,310749623.5,460706.0,65312543.0,12541715000.0,11928089620.0,12.541715,11.92808962,589.07275,417341440.0,398.0078125,3.8420047760009766,296.35393476486206
595,R5,OBLIQUE-ABRUPT-MILD,35,9b08ab7281ef8dd4,PERSIST,0.3045,65312520.0,0.0,1178841.5,2778176.5,244324745.5,411430.5,65312520.0,11914844000.0,11322504851.0,11.914844,11.322504851,589.42075,407412736.0,388.5390625,2.649475574493408,233.0062346458435
595,R5,OBLIQUE-ABRUPT-MILD,35,9b08ab7281ef8dd4,POPULATION-RESEED,0.29825,65312520.0,3803.0,1162440.0,3933533.5,312666028.0,452537.5,65316323.0,12588650500.0,11933620499.5,12.5886505,11.9336204995,581.22,425664512.0,405.9453125,3.751309871673584,298.1815605163574
596,R5,OBLIQUE-ABRUPT-MILD,36,b11e5392c2fd4bb3,CHAMPION-RESEED,0.29125,65312520.0,37.0,1233794.0,4606451.5,396871918.0,577268.0,65312557.0,15065244500.0,13990948220.0,15.0652445,13.99094822,616.897,494008320.0,471.123046875,4.393054485321045,378.4865550994873
596,R5,OBLIQUE-ABRUPT-MILD,36,b11e5392c2fd4bb3,PERSIST,0.2925,65312520.0,0.0,1341835.5,4440594.5,354944390.5,592936.5,65312520.0,15431091500.0,14222992365.5,15.4310915,14.2229923655,670.91775,475756544.0,453.716796875,4.2348809242248535,338.50134897232056
596,R5,OBLIQUE-ABRUPT-MILD,36,b11e5392c2fd4bb3,POPULATION-RESEED,0.29700000000000004,65312520.0,6045.0,1218330.0,4356692.0,393921756.0,559279.0,65318565.0,14965394500.0,13867670795.0,14.9653945,13.867670795,609.165,494008320.0,471.123046875,4.154865264892578,375.6730613708496
597,R5,OBLIQUE-ABRUPT-MILD,37,74640ca521567bbf,CHAMPION-RESEED,0.30725,65312520.0,31.0,1264058.5,4558040.5,367115013.5,535701.0,65312551.0,14475136000.0,13487493721.5,14.475136,13.4874937215,632.02925,438450176.0,418.138671875,4.346886157989502,350.10815954208374
597,R5,OBLIQUE-ABRUPT-MILD,37,74640ca521567bbf,PERSIST,0.30874999999999997,65312520.0,0.0,1287810.5,3774759.0,291469693.0,489190.5,65312520.0,13511053500.0,12631831127.0,13.5110535,12.631831127,643.90525,429322240.0,409.43359375,3.59989070892334,277.96716022491455
597,R5,OBLIQUE-ABRUPT-MILD,37,74640ca521567bbf,POPULATION-RESEED,0.30400000000000005,65312520.0,4322.0,1262887.5,4938334.5,357912823.0,509221.5,65316842.0,14484858000.0,13507547680.5,14.484858,13.5075476805,631.44375,470779904.0,448.970703125,4.7095627784729,341.33226680755615
598,R5,OBLIQUE-ABRUPT-MILD,38,9d687d2554062c5c,CHAMPION-RESEED,0.28675,65312520.0,25.0,1301081.5,3791283.0,325069695.0,478471.0,65312545.0,14495747000.0,13514084144.5,14.495747,13.5140841445,650.54075,432785408.0,412.736328125,3.6156492233276367,310.0106191635132
598,R5,OBLIQUE-ABRUPT-MILD,38,9d687d2554062c5c,PERSIST,0.29225,65312520.0,0.0,1379238.0,3182172.0,272651375.0,459372.0,65312520.0,14636683500.0,13537539076.0,14.6366835,13.537539076,689.619,421787648.0,402.248046875,3.0347557067871094,260.0206136703491
598,R5,OBLIQUE-ABRUPT-MILD,38,9d687d2554062c5c,POPULATION-RESEED,0.29100000000000004,65312520.0,3814.0,1204393.5,4411953.5,348549043.0,499004.0,65316334.0,15073211000.0,13963926947.5,15.073211,13.9639269475,602.19675,471912448.0,450.05078125,4.207566738128662,332.40227031707764
599,R5,OBLIQUE-ABRUPT-MILD,39,c65b6a3ca3ac5bba,CHAMPION-RESEED,0.29100000000000004,65312520.0,32.0,1342167.0,4471602.5,384017235.5,558438.5,65312552.0,15384182500.0,14466281167.5,15.3841825,14.4662811675,671.0835,456439808.0,435.294921875,4.2644524574279785,366.2273745536804
599,R5,OBLIQUE-ABRUPT-MILD,39,c65b6a3ca3ac5bba,PERSIST,0.29525,65312520.0,0.0,5116271.0,3712937.5,305947974.0,514841.0,65312520.0,14930538500.0,13938410062.0,14.9305385,13.938410062,2558.1355,437415936.0,417.15234375,3.540933132171631,291.77472496032715
599,R5,OBLIQUE-ABRUPT-MILD,39,c65b6a3ca3ac5bba,POPULATION-RESEED,0.29475,65312520.0,5098.0,1362068.5,4414385.0,374818833.5,532824.0,65317618.0,15276777500.0,14311462016.0,15.2767775,14.311462016,681.03425,467740672.0,446.072265625,4.209885597229004,357.45509481430054
600,R5,OBLIQUE-ABRUPT-MILD,40,54affc8481474301,CHAMPION-RESEED,0.28025,65312520.0,38.0,1267584.5,4578465.5,396942549.0,575586.5,65312558.0,15850099000.0,14611875064.5,15.850099,14.6118750645,633.79225,524521472.0,500.22265625,4.3663649559021,378.5539140701294
600,R5,OBLIQUE-ABRUPT-MILD,40,54affc8481474301,PERSIST,0.2875,65312520.0,0.0,1306137.5,4168068.5,326754900.0,548150.0,65312520.0,15144815500.0,13877838138.0,15.1448155,13.877838138,653.06875,511764480.0,488.056640625,3.974979877471924,311.6177558898926
600,R5,OBLIQUE-ABRUPT-MILD,40,54affc8481474301,POPULATION-RESEED,0.28125,65312520.0,5912.0,1255857.0,4895104.0,429397421.5,605033.5,65318432.0,16751235500.0,15296766846.0,16.7512355,15.296766846,627.9285,524521472.0,500.22265625,4.6683349609375,409.5052924156189
601,R5,OBLIQUE-ABRUPT-MILD,41,116c1a59d8ac043e,CHAMPION-RESEED,0.2955,65312520.0,28.0,1206725.5,3873155.5,311710210.0,460193.0,65312548.0,13394613000.0,12626698109.0,13.394613,12.626698109,603.36275,489285632.0,466.619140625,3.6937289237976074,297.27002143859863
601,R5,OBLIQUE-ABRUPT-MILD,41,116c1a59d8ac043e,PERSIST,0.2855,65312520.0,0.0,1432539.0,4661966.0,345458653.5,576508.5,65312520.0,16257397500.0,15163768285.0,16.2573975,15.163768285,716.2695,479494144.0,457.28125,4.44599723815918,329.4550452232361
601,R5,OBLIQUE-ABRUPT-MILD,41,116c1a59d8ac043e,POPULATION-RESEED,0.28900000000000003,65312520.0,5155.0,1308241.5,5182342.0,405849608.0,573898.0,65317675.0,16089159500.0,15000136631.5,16.0891595,15.0001366315,654.12075,489285632.0,466.619140625,4.942266464233398,387.04834747314453
602,R5,OBLIQUE-ABRUPT-MILD,42,f14f29648731b330,CHAMPION-RESEED,0.28575,65312520.0,48.0,1321699.0,5699216.5,353602750.0,509676.5,65312568.0,15771920500.0,14317947024.0,15.7719205,14.317947024,660.8495,510822400.0,487.158203125,5.435196399688721,337.2218608856201
602,R5,OBLIQUE-ABRUPT-MILD,42,f14f29648731b330,PERSIST,0.2975,65312520.0,0.0,1389429.0,5293252.0,294166408.0,491152.0,65312520.0,15106355000.0,13713092927.0,15.106355,13.713092927,694.7145,494223360.0,471.328125,5.048038482666016,280.53894805908203
602,R5,OBLIQUE-ABRUPT-MILD,42,f14f29648731b330,POPULATION-RESEED,0.29225,65312520.0,6365.0,1359016.5,6407967.0,378216007.5,533109.5,65318885.0,16412520000.0,14891350745.5,16.41252,14.8913507455,679.50825,518053888.0,494.0546875,6.111113548278809,360.6948924064636
603,R5,OBLIQUE-ABRUPT-MILD,43,1e1945ea2a7ff02f,CHAMPION-RESEED,0.28800000000000003,65312520.0,32.0,1433854.0,4233428.5,356748988.0,522134.0,65312552.0,15277204500.0,14163287710.5,15.2772045,14.1632877105,716.927,460963840.0,439.609375,4.037312030792236,340.2223472595215
603,R5,OBLIQUE-ABRUPT-MILD,43,1e1945ea2a7ff02f,PERSIST,0.2845,65312520.0,0.0,1419617.0,3164555.5,277617257.5,466907.5,65312520.0,13752329500.0,12769960104.0,13.7523295,12.769960104,709.8085,450248704.0,429.390625,3.0179553031921387,264.7564482688904
603,R5,OBLIQUE-ABRUPT-MILD,43,1e1945ea2a7ff02f,POPULATION-RESEED,0.2905,65312520.0,4708.0,1311620.0,3911758.0,332379575.5,475946.0,65317228.0,14602776000.0,13480861903.5,14.602776,13.4808619035,655.81,506134528.0,482.6875,3.7305431365966797,316.98186445236206
604,R5,OBLIQUE-ABRUPT-MILD,44,82cab36d291cfd1b,CHAMPION-RESEED,0.2845,65312520.0,24.0,1316574.0,3532545.0,299125548.0,442073.5,65312544.0,12877831500.0,12032914687.0,12.8778315,12.032914687,658.287,443387904.0,422.84765625,3.3688974380493164,285.2683525085449
604,R5,OBLIQUE-ABRUPT-MILD,44,82cab36d291cfd1b,PERSIST,0.29425,65312520.0,0.0,1381103.5,3868870.5,271799632.0,457527.5,65312520.0,13995628000.0,12838067313.0,13.995628,12.838067313,690.55175,427388928.0,407.58984375,3.6896424293518066,259.2083282470703
604,R5,OBLIQUE-ABRUPT-MILD,44,82cab36d291cfd1b,POPULATION-RESEED,0.29025,65312520.0,4120.0,1405429.0,3714158.5,314969065.0,451538.0,65316640.0,13473169500.0,12566173415.5,13.4731695,12.5661734155,702.7145,446267392.0,425.59375,3.542097568511963,300.3779077529907
605,R5,OBLIQUE-ABRUPT-MILD,45,93e917f44edffd19,CHAMPION-RESEED,0.2865,65312520.0,31.0,1347378.0,4361739.5,365705490.5,532809.5,65312551.0,14682571000.0,13541107639.5,14.682571,13.5411076395,673.689,457578496.0,436.380859375,4.159678936004639,348.76393365859985
605,R5,OBLIQUE-ABRUPT-MILD,45,93e917f44edffd19,PERSIST,0.28600000000000003,65312520.0,0.0,1446823.0,3948201.5,303307161.5,511438.5,65312520.0,14257383500.0,13088256678.0,14.2573835,13.088256678,723.4115,438407168.0,418.09765625,3.765298366546631,289.25624990463257
605,R5,OBLIQUE-ABRUPT-MILD,45,93e917f44edffd19,POPULATION-RESEED,0.28225,65312520.0,4745.0,1302656.0,4760658.0,380286120.5,538417.5,65317265.0,14911641000.0,13739393278.0,14.911641,13.739393278,651.328,482682880.0,460.322265625,4.540117263793945,362.6691060066223
606,R5,OBLIQUE-ABRUPT-MILD,46,cd8b74f5e2a57e6b,CHAMPION-RESEED,0.28300000000000003,65312520.0,30.0,1217790.5,3514228.5,327211242.0,482155.5,65312550.0,13205335500.0,12490948563.0,13.2053355,12.490948563,608.89525,423530496.0,403.91015625,3.3514294624328613,312.05295753479004
606,R5,OBLIQUE-ABRUPT-MILD,46,cd8b74f5e2a57e6b,PERSIST,0.28925,65312520.0,0.0,1304411.5,3245300.5,258328484.0,435781.0,65312520.0,12437672000.0,11786840022.0,12.437672,11.786840022,652.20575,410308608.0,391.30078125,3.0949597358703613,246.3612403869629
606,R5,OBLIQUE-ABRUPT-MILD,46,cd8b74f5e2a57e6b,POPULATION-RESEED,0.2835,65312520.0,4028.0,1229003.5,3947591.0,320301008.5,459956.5,65316548.0,12873241000.0,12212769713.0,12.873241,12.212769713,614.50175,429688832.0,409.783203125,3.764716148376465,305.46284532546997
607,R5,OBLIQUE-ABRUPT-MILD,47,d734b696184bb322,CHAMPION-RESEED,0.28974999999999995,65312520.0,38.0,1287835.0,4672906.5,401260780.5,582374.0,65312558.0,15513004000.0,14200879473.5,15.513004,14.2008794735,643.9175,485828608.0,463.322265625,4.456430912017822,382.67210054397583
607,R5,OBLIQUE-ABRUPT-MILD,47,d734b696184bb322,PERSIST,0.2835,65312520.0,0.0,1292835.0,4224088.5,344699471.5,577131.5,65312520.0,15190471000.0,13959912385.5,15.190471,13.9599123855,646.4175,475990016.0,453.939453125,4.028404712677002,328.73103284835815
607,R5,OBLIQUE-ABRUPT-MILD,47,d734b696184bb322,POPULATION-RESEED,0.28200000000000003,65312520.0,5894.0,1281469.5,5192428.5,434276000.5,613070.5,65318414.0,16002939500.0,14787645425.5,16.0029395,14.7876454255,640.73475,528979968.0,504.474609375,4.95188570022583,414.1578679084778
608,R5,OBLIQUE-ABRUPT-MILD,48,c8964289f98cb822,CHAMPION-RESEED,0.31325000000000003,65312520.0,21.0,1219999.5,3203970.5,274385478.5,407809.5,65312541.0,11932711500.0,11231123583.0,11.9327115,11.231123583,609.99975,414326784.0,395.1328125,3.055544376373291,261.6743836402893
608,R5,OBLIQUE-ABRUPT-MILD,48,c8964289f98cb822,PERSIST,0.30225,65312520.0,0.0,1238000.5,3280850.5,254836590.5,429192.5,65312520.0,12397453000.0,11601342323.5,12.397453,11.6013423235,619.00025,402530304.0,383.8828125,3.1288628578186035,243.03111124038696
608,R5,OBLIQUE-ABRUPT-MILD,48,c8964289f98cb822,POPULATION-RESEED,0.3,65312520.0,3897.0,1200176.5,3905670.0,312818444.5,447325.5,65316417.0,12777346000.0,11992174338.5,12.777346,11.9921743385,600.08825,414777344.0,395.5625,3.7247371673583984,298.32691621780396
609,R5,OBLIQUE-ABRUPT-MILD,49,959fa09f62bcba56,CHAMPION-RESEED,0.30025,65312520.0,26.0,1298517.5,4216937.0,341599570.5,501452.5,65312546.0,13920091000.0,12890158828.0,13.920091,12.890158828,649.25875,398393344.0,379.9375,4.021584510803223,325.7747368812561
609,R5,OBLIQUE-ABRUPT-MILD,49,959fa09f62bcba56,PERSIST,0.29525,65312520.0,0.0,1310941.0,3333812.5,275327555.0,464432.0,65312520.0,13155068000.0,12142278360.5,13.155068,12.1422783605,655.4705,391684096.0,373.5390625,3.1793713569641113,262.5728178024292
609,R5,OBLIQUE-ABRUPT-MILD,49,959fa09f62bcba56,POPULATION-RESEED,0.29175,65312520.0,4042.0,1232561.0,4559925.5,337674102.0,482184.5,65316562.0,13727561500.0,12683941573.0,13.7275615,12.683941573,616.2805,407754752.0,388.865234375,4.348683834075928,322.03111839294434
610,R5,OBLIQUE-ABRUPT-MILD,50,6500f8abcdfae9e2,CHAMPION-RESEED,0.2835,65312520.0,45.0,1304534.0,4180977.0,441896193.0,637504.5,65312565.0,16372714000.0,15050616493.5,16.372714,15.0506164935,652.267,495970304.0,472.994140625,3.987290382385254,421.4250497817993
610,R5,OBLIQUE-ABRUPT-MILD,50,6500f8abcdfae9e2,PERSIST,0.29325,65312520.0,0.0,1271980.5,4210116.0,372054976.5,621684.5,65312520.0,16106331000.0,14728722137.5,16.106331,14.7287221375,635.99025,475279360.0,453.26171875,4.015079498291016,354.8192753791809
610,R5,OBLIQUE-ABRUPT-MILD,50,6500f8abcdfae9e2,POPULATION-RESEED,0.29800000000000004,65312520.0,5955.0,1231670.5,4917402.0,430582549.0,606237.5,65318475.0,16138872000.0,14819461192.0,16.138872,14.819461192,615.83525,533927936.0,509.193359375,4.689599990844727,410.63551807403564
611,R5,OBLIQUE-ABRUPT-MILD,51,89b411eeeccfcc52,CHAMPION-RESEED,0.2885,65312520.0,26.0,1235133.0,3749765.5,317394141.5,467647.5,65312546.0,13246919500.0,12372199427.0,13.2469195,12.372199427,617.5665,451645440.0,430.72265625,3.5760550498962402,302.6906409263611
611,R5,OBLIQUE-ABRUPT-MILD,51,89b411eeeccfcc52,PERSIST,0.29375,65312520.0,0.0,1272606.0,3523190.5,285863317.0,482304.0,65312520.0,13693799000.0,12548770527.5,13.693799,12.5487705275,636.303,426457088.0,406.701171875,3.359976291656494,272.62050342559814
611,R5,OBLIQUE-ABRUPT-MILD,51,89b411eeeccfcc52,POPULATION-RESEED,0.29075,65312520.0,3990.0,1162709.5,4403845.5,345271432.0,492598.5,65316510.0,13983665500.0,12909778059.5,13.9836655,12.9097780595,581.35475,460376064.0,439.048828125,4.19983434677124,329.27649688720703
612,R5,OBLIQUE-ABRUPT-MILD,52,30e412271e82dd2c,CHAMPION-RESEED,0.29000000000000004,65312520.0,26.0,1236576.0,3652253.5,332169326.0,488856.5,65312546.0,14130187500.0,13110942214.5,14.1301875,13.1109422145,618.288,431284224.0,411.3046875,3.483060359954834,316.7813549041748
612,R5,OBLIQUE-ABRUPT-MILD,52,30e412271e82dd2c,PERSIST,0.2895,65312520.0,0.0,1235169.0,3417207.5,267471187.5,449039.0,65312520.0,13417115500.0,12367542459.0,13.4171155,12.367542459,617.5845,415172608.0,395.939453125,3.2589030265808105,255.08040189743042
612,R5,OBLIQUE-ABRUPT-MILD,52,30e412271e82dd2c,POPULATION-RESEED,0.29125,65312520.0,4290.0,1199486.0,4104925.5,335609523.0,481758.0,65316810.0,14055713000.0,13000855811.5,14.055713,13.0008558115,599.743,439386112.0,419.03125,3.914762020111084,320.06218242645264
613,R5,OBLIQUE-ABRUPT-MILD,53,485961d022a48f79,CHAMPION-RESEED,0.2935,65312520.0,27.0,1192288.0,3681609.5,310082938.5,457198.0,65312547.0,12690157500.0,12079461339.5,12.6901575,12.0794613395,596.144,429338624.0,409.44921875,3.511056423187256,295.71813440322876
613,R5,OBLIQUE-ABRUPT-MILD,53,485961d022a48f79,PERSIST,0.28500000000000003,65312520.0,0.0,1310440.0,3931671.0,290865327.0,488145.5,65312520.0,13417857000.0,12607008181.5,13.417857,12.6070081815,655.22,421023744.0,401.51953125,3.7495336532592773,277.39079189300537
613,R5,OBLIQUE-ABRUPT-MILD,53,485961d022a48f79,POPULATION-RESEED,0.28475,65312520.0,4621.0,1285077.0,4522769.0,360994085.0,513480.5,65317141.0,14180928000.0,13358401781.0,14.180928,13.358401781,642.5385,436674560.0,416.4453125,4.313248634338379,344.2707872390747
614,R5,OBLIQUE-ABRUPT-MILD,54,dab29ef31e7f02c7,CHAMPION-RESEED,0.29975,65312520.0,25.0,1191950.0,3809549.0,315234873.0,464267.0,65312545.0,12753438000.0,12101315642.0,12.753438,12.101315642,595.975,484642816.0,462.19140625,3.6330690383911133,300.63140201568604
614,R5,OBLIQUE-ABRUPT-MILD,54,dab29ef31e7f02c7,PERSIST,0.29225,65312520.0,0.0,1269048.5,3714848.0,291549411.5,490642.0,65312520.0,13299295500.0,12503992146.0,13.2992955,12.503992146,634.52425,470206464.0,448.423828125,3.542755126953125,278.043185710907
614,R5,OBLIQUE-ABRUPT-MILD,54,dab29ef31e7f02c7,POPULATION-RESEED,0.2915,65312520.0,4467.0,1543970.5,4724706.0,362226918.0,514813.5,65316987.0,13896903000.0,13128174115.0,13.896903,13.128174115,771.98525,491499520.0,468.73046875,4.505830764770508,345.4465084075928
615,R5,OBLIQUE-ABRUPT-MILD,55,aff3f2431e024aba,CHAMPION-RESEED,0.3015,65312520.0,27.0,1277638.5,3877563.5,329525775.5,484671.0,65312547.0,13507832000.0,12693964253.0,13.507832,12.693964253,638.81925,418328576.0,398.94921875,3.697932720184326,314.2602686882019
615,R5,OBLIQUE-ABRUPT-MILD,55,aff3f2431e024aba,PERSIST,0.28900000000000003,65312520.0,0.0,1324873.5,3823528.0,294023692.0,492943.5,65312520.0,13651989500.0,12701942468.0,13.6519895,12.701942468,662.43675,402667520.0,384.013671875,3.6464004516601562,280.4028434753418
615,R5,OBLIQUE-ABRUPT-MILD,55,aff3f2431e024aba,POPULATION-RESEED,0.2995,65312520.0,4252.0,1213248.5,4071357.5,340750901.5,486127.0,65316772.0,13749081500.0,12839588740.0,13.7490815,12.83958874,606.62425,430876672.0,410.916015625,3.882749080657959,324.9653830528259
616,R5,OBLIQUE-ABRUPT-MILD,56,19f1d9d76c6a0a98,CHAMPION-RESEED,0.2955,65312520.0,37.0,13790166.0,4476984.0,412235364.0,598342.0,65312557.0,15653580000.0,14443229627.5,15.65358,14.4432296275,6895.083,447883264.0,427.134765625,4.269584655761719,393.13827896118164
616,R5,OBLIQUE-ABRUPT-MILD,56,19f1d9d76c6a0a98,PERSIST,0.29825,65312520.0,0.0,1280807.5,3541687.0,312308534.0,522197.0,65312520.0,14390407000.0,13186001502.0,14.390407,13.186001502,640.40375,427894784.0,408.072265625,3.3776159286499023,297.8406276702881
616,R5,OBLIQUE-ABRUPT-MILD,56,19f1d9d76c6a0a98,POPULATION-RESEED,0.3015,65312520.0,4907.0,1175031.5,4315528.5,377741004.0,537926.5,65317427.0,14827701500.0,13627255295.0,14.8277015,13.627255295,587.51575,463013888.0,441.564453125,4.1156086921691895,360.24189376831055
617,R5,OBLIQUE-ABRUPT-MILD,57,acccf45b2e68be4f,CHAMPION-RESEED,0.30300000000000005,65312520.0,30.0,1275697.0,4004870.5,338980230.0,495315.0,65312550.0,13244219500.0,12564019142.5,13.2442195,12.5640191425,637.8485,463624192.0,442.146484375,3.8193421363830566,323.2767391204834
617,R5,OBLIQUE-ABRUPT-MILD,57,acccf45b2e68be4f,PERSIST,0.2985,65312520.0,0.0,1279477.0,3777132.5,306835346.5,514285.0,65312520.0,13834284500.0,13024380720.0,13.8342845,13.02438072,639.7385,453918720.0,432.890625,3.60215425491333,292.62098932266235
617,R5,OBLIQUE-ABRUPT-MILD,57,acccf45b2e68be4f,POPULATION-RESEED,0.2995,65312520.0,4849.0,1312781.5,4854266.0,400441408.5,566509.5,65317369.0,14740918500.0,13874907310.0,14.7409185,13.87490731,656.39075,472086528.0,450.216796875,4.629388809204102,381.8906865119934
618,R5,OBLIQUE-ABRUPT-MILD,58,648e579c77379257,CHAMPION-RESEED,0.3035,65312520.0,35.0,1317868.0,4001883.5,379109098.0,552674.0,65312555.0,14310896500.0,13471301282.5,14.3108965,13.4713012825,658.934,461113344.0,439.751953125,3.816493511199951,361.54660987854004
618,R5,OBLIQUE-ABRUPT-MILD,58,648e579c77379257,PERSIST,0.2895,65312520.0,0.0,1340587.5,3861554.5,295181665.5,494887.0,65312520.0,13271621000.0,12510135352.5,13.271621,12.5101353525,670.29375,445732864.0,425.083984375,3.6826653480529785,281.50717306137085
618,R5,OBLIQUE-ABRUPT-MILD,58,648e579c77379257,POPULATION-RESEED,0.2905,65312520.0,4846.0,3873534.5,5051590.5,367764502.5,523708.0,65317366.0,14208488000.0,13356327365.0,14.208488,13.356327365,1936.76725,465072128.0,443.52734375,4.817572116851807,350.7275605201721
619,R5,OBLIQUE-ABRUPT-MILD,59,efc732a43490c694,CHAMPION-RESEED,0.30175,65312520.0,29.0,1226376.5,4027115.5,370478961.0,542091.0,65312549.0,14348281500.0,13306109934.5,14.3482815,13.3061099345,613.18825,457986048.0,436.76953125,3.8405566215515137,353.31626987457275
619,R5,OBLIQUE-ABRUPT-MILD,59,efc732a43490c694,PERSIST,0.30000000000000004,65312520.0,0.0,1280380.5,4128939.5,317555216.0,530231.5,65312520.0,14405670500.0,13209581390.5,14.4056705,13.2095813905,640.19025,443392000.0,422.8515625,3.9376635551452637,302.84425354003906
619,R5,OBLIQUE-ABRUPT-MILD,59,efc732a43490c694,POPULATION-RESEED,0.29225,65312520.0,4735.0,1192007.0,4450516.0,371116110.5,529598.0,65317255.0,14446102500.0,13308442033.5,14.4461025,13.3084420335,596.0035,458162176.0,436.9375,4.244342803955078,353.92390298843384
620,R5,OBLIQUE-ABRUPT-MILD,60,f05619499437b4fd,CHAMPION-RESEED,0.277,65312520.0,43.0,1255402.5,4932477.5,453279634.0,654040.5,65312563.0,16009641000.0,14982204345.5,16.009641,14.9822043455,627.70125,527290368.0,502.86328125,4.703977108001709,432.2811450958252
620,R5,OBLIQUE-ABRUPT-MILD,60,f05619499437b4fd,PERSIST,0.28500000000000003,65312520.0,0.0,1275342.0,5184318.0,404758121.5,672155.5,65312520.0,16286375500.0,15226164804.5,16.2863755,15.2261648045,637.671,503478272.0,480.154296875,4.944150924682617,386.0074248313904
620,R5,OBLIQUE-ABRUPT-MILD,60,f05619499437b4fd,POPULATION-RESEED,0.2885,65312520.0,6000.0,1296417.0,5241370.0,468201829.0,657036.5,65318520.0,16120597500.0,15175319565.5,16.1205975,15.1753195655,648.2085,527290368.0,502.86328125,4.998559951782227,446.51205921173096
621,R5,OBLIQUE-ABRUPT-MILD,61,9c975cd38beff446,CHAMPION-RESEED,0.304,65312520.0,27.0,1248419.5,4132366.5,322772541.0,475514.5,65312547.0,12877391500.0,12183854961.0,12.8773915,12.183854961,624.20975,420691968.0,401.203125,3.940931797027588,307.8198823928833
621,R5,OBLIQUE-ABRUPT-MILD,61,9c975cd38beff446,PERSIST,0.29325,65312520.0,0.0,1318095.5,4263833.5,294313554.0,492650.5,65312520.0,13260733000.0,12505989847.5,13.260733,12.5059898475,659.04775,418050048.0,398.68359375,4.066308498382568,280.67927742004395
621,R5,OBLIQUE-ABRUPT-MILD,61,9c975cd38beff446,POPULATION-RESEED,0.2975,65312520.0,4236.0,1270044.5,4790853.5,359772006.5,511966.5,65316756.0,13669989500.0,12904130943.5,13.6699895,12.9041309435,635.02225,423763968.0,404.1328125,4.56891393661499,343.10532236099243
622,R5,OBLIQUE-ABRUPT-MILD,62,02963ea58bb8dc39,CHAMPION-RESEED,0.2865,65312520.0,35.0,1228581.0,4334565.0,376552748.5,548707.0,65312555.0,14300526000.0,13468904128.5,14.300526,13.4689041285,614.2905,427790336.0,407.97265625,4.133763313293457,359.1086850166321
622,R5,OBLIQUE-ABRUPT-MILD,62,02963ea58bb8dc39,PERSIST,0.28200000000000003,65312520.0,0.0,1278607.5,3729427.5,294634641.5,496199.5,65312520.0,13350443000.0,12625275414.5,13.350443,12.6252754145,639.30375,419014656.0,399.603515625,3.55665922164917,280.98549032211304
622,R5,OBLIQUE-ABRUPT-MILD,62,02963ea58bb8dc39,POPULATION-RESEED,0.28075,65312520.0,4916.0,1199013.5,4608338.0,366424129.5,522309.5,65317436.0,14356659000.0,13499681721.0,14.356659,13.499681721,599.50675,429164544.0,409.283203125,4.394853591918945,349.4492812156677
623,R5,OBLIQUE-ABRUPT-MILD,63,6ad140f4d4f07a98,CHAMPION-RESEED,0.29675,65312520.0,35.0,1316081.0,4361708.5,395340398.5,573754.5,65312555.0,15689866000.0,14763032032.0,15.689866,14.763032032,658.0405,473415680.0,451.484375,4.15964937210083,377.02598428726196
623,R5,OBLIQUE-ABRUPT-MILD,63,6ad140f4d4f07a98,PERSIST,0.3035,65312520.0,0.0,1344318.0,3893067.0,312000305.0,522966.5,65312520.0,14752343500.0,13706631536.5,14.7523435,13.7066315365,672.159,450349056.0,429.486328125,3.7127180099487305,297.5466775894165
623,R5,OBLIQUE-ABRUPT-MILD,63,6ad140f4d4f07a98,POPULATION-RESEED,0.29825,65312520.0,4964.0,1276195.0,4290569.5,376404684.0,533238.5,65317484.0,15051229000.0,14168992129.5,15.051229,14.1689921295,638.0975,485105664.0,462.6328125,4.091805934906006,358.96747970581055
624,R5,OBLIQUE-ABRUPT-MILD,64,e52e7e7dd8eb4e20,CHAMPION-RESEED,0.3025,65312520.0,38.0,1354536.5,4108751.5,389215796.0,566522.5,65312558.0,15383537000.0,14187421937.5,15.383537,14.1874219375,677.26825,431951872.0,411.94140625,3.9184107780456543,371.18510818481445
624,R5,OBLIQUE-ABRUPT-MILD,64,e52e7e7dd8eb4e20,PERSIST,0.2925,65312520.0,0.0,1368544.0,3782494.5,308698366.5,517121.5,65312520.0,14617324000.0,13339614672.5,14.617324,13.3396146725,684.272,412999680.0,393.8671875,3.6072678565979004,294.3977036476135
624,R5,OBLIQUE-ABRUPT-MILD,64,e52e7e7dd8eb4e20,POPULATION-RESEED,0.28800000000000003,65312520.0,5178.0,1310349.5,4403428.5,382541872.5,544618.5,65317698.0,15203140000.0,13918500302.5,15.20314,13.9185003025,655.17475,431951872.0,411.94140625,4.199436664581299,364.82035875320435
625,R5,OBLIQUE-ABRUPT-MILD,65,623ffcc7a58c25e6,CHAMPION-RESEED,0.29600000000000004,65312520.0,34.0,1272466.5,4167700.0,371499741.0,540332.0,65312554.0,14464181500.0,13485384772.5,14.4641815,13.4853847725,636.23325,524077056.0,499.798828125,3.974628448486328,354.2897615432739
625,R5,OBLIQUE-ABRUPT-MILD,65,623ffcc7a58c25e6,PERSIST,0.28800000000000003,65312520.0,0.0,1235436.0,3673626.5,304252742.5,510720.0,65312520.0,13940867000.0,12963526004.0,13.940867,12.963526004,617.718,512800768.0,489.044921875,3.5034432411193848,290.1580262184143
625,R5,OBLIQUE-ABRUPT-MILD,65,623ffcc7a58c25e6,POPULATION-RESEED,0.29325,65312520.0,4912.0,1257876.5,4476481.0,367723020.0,523057.0,65317432.0,14375865000.0,13360414034.5,14.375865,13.3604140345,628.93825,575107072.0,548.46484375,4.269104957580566,350.6879997253418
626,R5,OBLIQUE-ABRUPT-MILD,66,1eb893c6e4c42122,CHAMPION-RESEED,0.2925,65312520.0,34.0,1285521.5,4561622.5,396868387.5,576454.0,65312554.0,15376526000.0,14129866797.5,15.376526,14.1298667975,642.76075,505190400.0,481.787109375,4.350302219390869,378.48318815231323
626,R5,OBLIQUE-ABRUPT-MILD,66,1eb893c6e4c42122,PERSIST,0.29225,65312520.0,0.0,1293516.0,4673603.5,324142993.5,542471.0,65312520.0,14780250500.0,13494512311.5,14.7802505,13.4945123115,646.758,447332352.0,426.609375,4.457095623016357,309.12684774398804
626,R5,OBLIQUE-ABRUPT-MILD,66,1eb893c6e4c42122,POPULATION-RESEED,0.29225,65312520.0,4753.0,1198830.5,5073362.5,404046428.5,572996.5,65317273.0,15374218500.0,14243475466.5,15.3742185,14.2434754665,599.41525,517343232.0,493.376953125,4.8383355140686035,385.32870149612427
627,R5,OBLIQUE-ABRUPT-MILD,67,d0e7da6c4ffe4f96,CHAMPION-RESEED,0.29525,65312520.0,36.0,1231409.5,4633925.0,395373941.0,573008.0,65312556.0,15088569500.0,13983087404.0,15.0885695,13.983087404,615.70475,474351616.0,452.376953125,4.419255256652832,377.05797290802
627,R5,OBLIQUE-ABRUPT-MILD,67,d0e7da6c4ffe4f96,PERSIST,0.29225,65312520.0,0.0,1342251.0,4384822.0,337045494.5,562932.5,65312520.0,15440380000.0,14095451877.0,15.44038,14.095451877,671.1255,444106752.0,423.533203125,4.181692123413086,321.431631565094
627,R5,OBLIQUE-ABRUPT-MILD,67,d0e7da6c4ffe4f96,POPULATION-RESEED,0.2945,65312520.0,5278.0,1173504.5,5057719.0,408843232.5,579182.0,65317798.0,15557052000.0,14227562304.0,15.557052,14.227562304,586.75225,492916736.0,470.08203125,4.823416709899902,389.90329027175903
628,R5,OBLIQUE-ABRUPT-MILD,68,ccd49459b6d57f3a,CHAMPION-RESEED,0.2955,65312520.0,35.0,1258801.0,5002785.0,404108981.0,587001.0,65312555.0,15592549000.0,14331995310.5,15.592549,14.3319953105,629.4005,502206464.0,478.94140625,4.771027565002441,385.38835620880127
628,R5,OBLIQUE-ABRUPT-MILD,68,ccd49459b6d57f3a,PERSIST,0.2945,65312520.0,0.0,1401654.0,4528415.0,385547053.0,643180.0,65312520.0,16614962000.0,15174783802.5,16.614962,15.1747838025,700.827,470188032.0,448.40625,4.318633079528809,367.68632221221924
628,R5,OBLIQUE-ABRUPT-MILD,68,ccd49459b6d57f3a,POPULATION-RESEED,0.29100000000000004,65312520.0,6164.0,1246674.0,4868451.5,422583777.0,596207.0,65318684.0,15900796500.0,14673790078.5,15.9007965,14.6737900785,623.337,517683200.0,493.701171875,4.642917156219482,403.0072946548462
629,R5,OBLIQUE-ABRUPT-MILD,69,10c708a2a52056de,CHAMPION-RESEED,0.27275,65312520.0,38.0,1295435.5,5145931.0,422728293.5,612667.5,65312558.0,15818378000.0,14674275319.0,15.818378,14.674275319,647.71775,512268288.0,488.537109375,4.9075422286987305,403.1451163291931
629,R5,OBLIQUE-ABRUPT-MILD,69,10c708a2a52056de,PERSIST,0.28175,65312520.0,0.0,1377888.5,4490074.5,360526456.5,604565.5,65312520.0,15709981500.0,14532354112.0,15.7099815,14.532354112,688.94425,483282944.0,460.89453125,4.282068729400635,343.8248219490051
629,R5,OBLIQUE-ABRUPT-MILD,69,10c708a2a52056de,POPULATION-RESEED,0.28275,65312520.0,5529.0,1309306.0,5060683.5,430465787.5,606721.0,65318049.0,15849240000.0,14694041472.5,15.84924,14.6940414725,654.653,524615680.0,500.3125,4.826243877410889,410.5241656303406
630,R5,OBLIQUE-ABRUPT-MILD,70,012edb083bef51fb,CHAMPION-RESEED,0.28325,65312520.0,40.0,1230975.5,4789595.0,439675768.0,635755.5,65312560.0,16112601000.0,15034054965.5,16.112601,15.0340549655,615.48775,489168896.0,466.5078125,4.567713737487793,419.30748748779297
630,R5,OBLIQUE-ABRUPT-MILD,70,012edb083bef51fb,PERSIST,0.28325,65312520.0,0.0,1229162.5,4361669.0,340005764.0,568518.0,65312520.0,15208928000.0,14215780099.5,15.208928,14.2157800995,614.58125,478707712.0,456.53125,4.159611701965332,324.25476455688477
630,R5,OBLIQUE-ABRUPT-MILD,70,012edb083bef51fb,POPULATION-RESEED,0.28900000000000003,65312520.0,5123.0,1170092.5,4962984.5,405742680.5,573065.0,65317643.0,14771736000.0,13965076580.0,14.771736,13.96507658,585.04625,489168896.0,466.5078125,4.7330708503723145,386.946373462677
631,R5,OBLIQUE-ABRUPT-MILD,71,5113d39cb23558ab,CHAMPION-RESEED,0.281,65312520.0,31.0,1358886.0,4020066.5,370950956.5,542549.0,65312551.0,14586801500.0,13489678157.5,14.5868015,13.4896781575,679.443,491223040.0,468.466796875,3.833834171295166,353.7663998603821
631,R5,OBLIQUE-ABRUPT-MILD,71,5113d39cb23558ab,PERSIST,0.27525,65312520.0,0.0,1367694.0,4099245.0,313713284.0,526108.0,65312520.0,14365650500.0,13215814498.0,14.3656505,13.215814498,683.847,480788480.0,458.515625,3.9093446731567383,299.18030166625977
631,R5,OBLIQUE-ABRUPT-MILD,71,5113d39cb23558ab,POPULATION-RESEED,0.28425,65312520.0,4831.0,1303995.0,4717110.5,390500908.5,553877.0,65317351.0,15139262000.0,13884585237.0,15.139262,13.884585237,651.9975,551589888.0,526.037109375,4.498587131500244,372.4106869697571
632,R5,OBLIQUE-ABRUPT-MILD,72,e2e71aa5ba225819,CHAMPION-RESEED,0.29025,65312520.0,27.0,1242125.0,4870666.5,346408725.5,506733.0,65312547.0,13656813500.0,12878936575.5,13.6568135,12.8789365755,621.0625,471527424.0,449.68359375,4.645029544830322,330.3611044883728
632,R5,OBLIQUE-ABRUPT-MILD,72,e2e71aa5ba225819,PERSIST,0.28800000000000003,65312520.0,0.0,1299971.5,3521770.5,278208414.5,470015.5,65312520.0,12945790500.0,12227894968.0,12.9457905,12.227894968,649.98575,456556544.0,435.40625,3.3586220741271973,265.32021951675415
632,R5,OBLIQUE-ABRUPT-MILD,72,e2e71aa5ba225819,POPULATION-RESEED,0.29300000000000004,65312520.0,4492.0,1224198.0,4338104.0,342743309.0,489530.0,65317012.0,13417847000.0,12668561619.0,13.417847,12.668561619,612.099,471527424.0,449.68359375,4.137138366699219,326.8654909133911
633,R5,OBLIQUE-ABRUPT-MILD,73,5cffb1645721e51e,CHAMPION-RESEED,0.31599999999999995,65312520.0,29.0,1322143.0,3617122.0,315509985.5,464077.5,65312549.0,14539057000.0,13567506909.5,14.539057,13.5675069095,661.0715,464838656.0,443.3046875,3.449556350708008,300.89376974105835
633,R5,OBLIQUE-ABRUPT-MILD,73,5cffb1645721e51e,PERSIST,0.30974999999999997,65312520.0,0.0,1656993.0,3573104.0,274677592.5,461784.5,65312520.0,15191237000.0,14021978605.0,15.191237,14.021978605,828.4965,441243648.0,420.802734375,3.4075775146484375,261.952965259552
633,R5,OBLIQUE-ABRUPT-MILD,73,5cffb1645721e51e,POPULATION-RESEED,0.29975,65312520.0,4465.0,1275382.5,5139492.0,380081483.5,540712.0,65316985.0,15701398000.0,14549897862.0,15.701398,14.549897862,637.69125,475893760.0,453.84765625,4.901401519775391,362.4739489555359
634,R5,OBLIQUE-ABRUPT-MILD,74,799e8aef3c8813c2,CHAMPION-RESEED,0.291,65312520.0,42.0,1352562.5,4420519.5,436345535.5,631385.5,65312562.0,17901821500.0,16662482124.5,17.9018215,16.6624821245,676.28125,449972224.0,429.126953125,4.215735912322998,416.1315302848816
634,R5,OBLIQUE-ABRUPT-MILD,74,799e8aef3c8813c2,PERSIST,0.297,65312520.0,0.0,1415849.5,4786969.5,370575327.0,614767.5,65312520.0,17634392500.0,16227841386.0,17.6343925,16.227841386,707.92475,436353024.0,416.138671875,4.565209865570068,353.40817165374756
634,R5,OBLIQUE-ABRUPT-MILD,74,799e8aef3c8813c2,POPULATION-RESEED,0.295,65312520.0,5193.0,1486518.0,4202638.0,384448986.5,547443.0,65317713.0,17684937500.0,16457260515.0,17.6849375,16.457260515,743.259,493258752.0,470.408203125,4.00794792175293,366.63912439346313
635,R5,OBLIQUE-ABRUPT-MILD,75,b815600f2cb92f6f,CHAMPION-RESEED,0.29475,65312520.0,29.0,1653340.0,4445033.5,350257023.0,514009.5,65312549.0,15234083000.0,14159839280.5,15.234083,14.1598392805,826.67,425973760.0,406.240234375,4.239114284515381,334.0311269760132
635,R5,OBLIQUE-ABRUPT-MILD,75,b815600f2cb92f6f,PERSIST,0.281,65312520.0,0.0,1300443.0,3813182.5,296827138.0,499825.0,65312520.0,14588229500.0,13504823708.0,14.5882295,13.504823708,650.2215,414652416.0,395.443359375,3.6365342140197754,283.07641792297363
635,R5,OBLIQUE-ABRUPT-MILD,75,b815600f2cb92f6f,POPULATION-RESEED,0.28875,65312520.0,4919.0,1246981.0,4272218.5,356021731.0,507587.0,65317439.0,15095847500.0,14056729870.5,15.0958475,14.0567298705,623.4905,437075968.0,416.828125,4.074305057525635,339.5287809371948
636,R5,OBLIQUE-ABRUPT-MILD,76,b96fc213da3694f8,CHAMPION-RESEED,0.28425,65312520.0,38.0,1323376.5,4718078.0,414755176.5,601711.0,65312558.0,16054981000.0,15096969622.5,16.054981,15.0969696225,661.68825,507471872.0,483.962890625,4.499509811401367,395.54135942459106
636,R5,OBLIQUE-ABRUPT-MILD,76,b96fc213da3694f8,PERSIST,0.28525,65312520.0,0.0,1427703.0,4120146.0,348669183.5,582195.0,65312520.0,16721225000.0,15728855194.0,16.721225,15.728855194,713.8515,489295872.0,466.62890625,3.9292774200439453,332.51684522628784
636,R5,OBLIQUE-ABRUPT-MILD,76,b96fc213da3694f8,POPULATION-RESEED,0.281,65312520.0,5557.0,1217730.5,5469210.0,445654129.5,628165.5,65318077.0,16538838000.0,15565677030.5,16.538838,15.5656770305,608.86525,513685504.0,489.888671875,5.215845108032227,425.0088973045349
637,R5,OBLIQUE-ABRUPT-MILD,77,08022f8ca9f9af4c,CHAMPION-RESEED,0.30100000000000005,65312520.0,33.0,1259557.5,4745335.0,368472644.0,538064.0,65312553.0,16034937500.0,14905577406.5,16.0349375,14.9055774065,629.77875,477106176.0,455.00390625,4.525504112243652,351.4028968811035
637,R5,OBLIQUE-ABRUPT-MILD,77,08022f8ca9f9af4c,PERSIST,0.29875,65312520.0,0.0,1416996.0,4112305.0,298533012.0,501886.0,65312520.0,14893786000.0,13747148086.0,14.893786,13.747148086,708.498,452229120.0,431.279296875,3.921799659729004,284.7032661437988
637,R5,OBLIQUE-ABRUPT-MILD,77,08022f8ca9f9af4c,POPULATION-RESEED,0.3065,65312520.0,4384.0,1336180.5,4565629.5,366024906.5,522302.0,65316904.0,15526022000.0,14290122995.5,15.526022,14.2901229955,668.09025,482494464.0,460.142578125,4.354123592376709,349.0685524940491
638,R5,OBLIQUE-ABRUPT-MILD,78,d379d550177ade22,CHAMPION-RESEED,0.28975,65312520.0,38.0,4742964.0,5026877.5,421302629.5,608840.5,65312558.0,16840140500.0,15658931065.0,16.8401405,15.658931065,2371.482,597764096.0,570.072265625,4.794003963470459,401.7854971885681
638,R5,OBLIQUE-ABRUPT-MILD,78,d379d550177ade22,PERSIST,0.28825,65312520.0,0.0,1481570.0,5029751.5,399629417.0,664012.5,65312520.0,18073879000.0,16743863092.0,18.073879,16.743863092,740.785,533747712.0,509.021484375,4.7967448234558105,381.1163110733032
638,R5,OBLIQUE-ABRUPT-MILD,78,d379d550177ade22,POPULATION-RESEED,0.28575,65312520.0,5760.0,1304024.5,6438725.5,492300860.5,689881.5,65318280.0,18134786000.0,16836271931.5,18.134786,16.8362719315,652.01225,611487744.0,583.16015625,6.14044713973999,469.49468660354614
639,R5,OBLIQUE-ABRUPT-MILD,79,564518c2d5b69d41,CHAMPION-RESEED,0.30225,65312520.0,27.0,1602217.5,4197793.5,348358173.0,511735.5,65312547.0,15961452500.0,15103976948.0,15.9614525,15.103976948,801.10875,414093312.0,394.91015625,4.0033278465271,332.2202425003052
639,R5,OBLIQUE-ABRUPT-MILD,79,564518c2d5b69d41,PERSIST,0.30874999999999997,65312520.0,0.0,1334409.0,3418575.5,279520656.5,469000.0,65312520.0,14022371500.0,13256612544.0,14.0223715,13.256612544,667.2045,395628544.0,377.30078125,3.2602076530456543,266.5716710090637
639,R5,OBLIQUE-ABRUPT-MILD,79,564518c2d5b69d41,POPULATION-RESEED,0.301,65312520.0,4247.0,3871312.5,5131759.0,375560222.0,535835.5,65316767.0,16375287500.0,15514832682.5,16.3752875,15.5148326825,1935.65625,425455616.0,405.74609375,4.894026756286621,358.1621379852295
640,R5,OBLIQUE-ABRUPT-SEVERE,0,01b9034401bbfd17,CHAMPION-RESEED,0.349,65312520.0,35.0,1311950.0,3307913.5,311223617.5,456672.0,65312555.0,14519510000.0,13585988999.5,14.51951,13.5859889995,655.975,457170944.0,435.9921875,3.154672145843506,296.8059706687927
640,R5,OBLIQUE-ABRUPT-SEVERE,0,01b9034401bbfd17,PERSIST,0.37375,65312520.0,0.0,1373092.5,2815705.0,275116253.5,455151.0,65312520.0,14313047000.0,13182884430.0,14.313047,13.18288443,686.54625,435949568.0,415.75390625,2.68526554107666,262.3713049888611
640,R5,OBLIQUE-ABRUPT-SEVERE,0,01b9034401bbfd17,POPULATION-RESEED,0.3765,65312520.0,5603.0,1309265.0,4288758.5,380336504.5,537123.0,65318123.0,15863349000.0,14610317795.0,15.863349,14.610317795,654.6325,469053440.0,447.32421875,4.090078830718994,362.7171559333801
641,R5,OBLIQUE-ABRUPT-SEVERE,1,27961361a6e67eee,CHAMPION-RESEED,0.3275,65312520.0,29.0,1381000.5,3190792.0,338287484.0,492395.0,65312549.0,14360334000.0,13436092926.0,14.360334,13.436092926,690.50025,470216704.0,448.43359375,3.0429763793945312,322.61608505249023
641,R5,OBLIQUE-ABRUPT-SEVERE,1,27961361a6e67eee,PERSIST,0.3495,65312520.0,0.0,1407236.5,4786342.5,299277993.0,493067.5,65312520.0,14637176000.0,13559753886.0,14.637176,13.559753886,703.61825,459571200.0,438.28125,4.564611911773682,285.4137353897095
641,R5,OBLIQUE-ABRUPT-SEVERE,1,27961361a6e67eee,POPULATION-RESEED,0.33675,65312520.0,5125.0,1290627.0,6499131.0,424357656.0,595179.0,65317645.0,16205240000.0,15108600100.0,16.20524,15.1086001,645.3135,490758144.0,468.0234375,6.198054313659668,404.6989974975586
642,R5,OBLIQUE-ABRUPT-SEVERE,2,1a20682b02ce1c0f,CHAMPION-RESEED,0.35024999999999995,65312520.0,37.0,1334388.5,3554875.5,355575564.5,514840.0,65312557.0,14145694500.0,13379660792.0,14.1456945,13.379660792,667.19425,470816768.0,449.005859375,3.390193462371826,339.10328340530396
642,R5,OBLIQUE-ABRUPT-SEVERE,2,1a20682b02ce1c0f,PERSIST,0.33725000000000005,65312520.0,0.0,1421989.5,4183618.0,313570707.0,514103.5,65312520.0,14710061500.0,13896647116.0,14.7100615,13.896647116,710.99475,446345216.0,425.66796875,3.989809036254883,299.0443296432495
642,R5,OBLIQUE-ABRUPT-SEVERE,2,1a20682b02ce1c0f,POPULATION-RESEED,0.3465,65312520.0,4949.0,1310418.0,4241231.0,382240490.0,538207.5,65317469.0,14698294500.0,13903134743.0,14.6982945,13.903134743,655.209,476043264.0,453.990234375,4.044753074645996,364.53293800354004
643,R5,OBLIQUE-ABRUPT-SEVERE,3,b7014b7633bc9d37,CHAMPION-RESEED,0.33075,65312520.0,45.0,1243736.0,3618778.5,335944657.5,489014.0,65312565.0,14399644500.0,13381587547.5,14.3996445,13.3815875475,621.868,460865536.0,439.515625,3.4511361122131348,320.3817915916443
643,R5,OBLIQUE-ABRUPT-SEVERE,3,b7014b7633bc9d37,PERSIST,0.32875,65312520.0,0.0,1364947.0,2809241.5,258795983.5,429472.0,65312520.0,13340905000.0,12498050082.0,13.340905,12.498050082,682.4735,435869696.0,415.677734375,2.6791014671325684,246.80708265304565
643,R5,OBLIQUE-ABRUPT-SEVERE,3,b7014b7633bc9d37,POPULATION-RESEED,0.34325000000000006,65312520.0,4842.0,1239599.0,3492200.0,279932971.0,403433.5,65317362.0,12702892000.0,11940252674.5,12.702892,11.9402526745,619.7995,474071040.0,452.109375,3.3304214477539062,266.9648847579956
644,R5,OBLIQUE-ABRUPT-SEVERE,4,5f03ae942758533d,CHAMPION-RESEED,0.34450000000000003,65312520.0,33.0,1365898.0,4158611.0,360727730.0,520979.5,65312553.0,15245568500.0,14232595450.0,15.2455685,14.23259545,682.949,450940928.0,430.05078125,3.9659605026245117,344.0167713165283
644,R5,OBLIQUE-ABRUPT-SEVERE,4,5f03ae942758533d,PERSIST,0.3285,65312520.0,0.0,5689798.0,3162332.5,282638670.5,467313.0,65312520.0,14195562500.0,13192551299.0,14.1955625,13.192551299,2844.899,421545984.0,402.017578125,3.0158352851867676,269.54524087905884
644,R5,OBLIQUE-ABRUPT-SEVERE,4,5f03ae942758533d,POPULATION-RESEED,0.34775,65312520.0,4658.0,1274771.5,3516532.5,337871624.0,480945.0,65317178.0,13847285000.0,12956028960.5,13.847285,12.9560289605,637.38575,459933696.0,438.626953125,3.3536267280578613,322.21949005126953
645,R5,OBLIQUE-ABRUPT-SEVERE,5,cfc403346625c242,CHAMPION-RESEED,0.34875,65312520.0,32.0,1227922.5,3199032.5,303042266.5,445604.5,65312552.0,13410273500.0,12572925644.0,13.4102735,12.572925644,613.96125,474243072.0,452.2734375,3.050835132598877,289.00362634658813
645,R5,OBLIQUE-ABRUPT-SEVERE,5,cfc403346625c242,PERSIST,0.33975,65312520.0,0.0,1303336.0,3761194.0,296330334.5,489606.5,65312520.0,13903506500.0,12979986808.0,13.9035065,12.979986808,651.668,459300864.0,438.0234375,3.586954116821289,282.6026291847229
645,R5,OBLIQUE-ABRUPT-SEVERE,5,cfc403346625c242,POPULATION-RESEED,0.335,65312520.0,5069.0,1220647.0,3013668.0,314855199.0,451483.0,65317589.0,13225730500.0,12450578268.0,13.2257305,12.450578268,610.3235,474861568.0,452.86328125,2.8740577697753906,300.2693166732788
646,R5,OBLIQUE-ABRUPT-SEVERE,6,70ce676e25399554,CHAMPION-RESEED,0.34299999999999997,65312520.0,40.0,3046749.5,3711148.0,364097535.5,526656.5,65312560.0,14151658000.0,13396197793.5,14.151658,13.3961977935,1523.37475,517023744.0,493.072265625,3.539226531982422,347.23046827316284
646,R5,OBLIQUE-ABRUPT-SEVERE,6,70ce676e25399554,PERSIST,0.33499999999999996,65312520.0,0.0,1214340.0,3770851.0,290444643.0,480243.5,65312520.0,13921046500.0,13061993086.5,13.9210465,13.0619930865,607.17,502456320.0,479.1796875,3.596163749694824,276.9895963668823
646,R5,OBLIQUE-ABRUPT-SEVERE,6,70ce676e25399554,POPULATION-RESEED,0.3435,65312520.0,6322.0,1179268.0,4043019.0,371645347.5,525042.0,65318842.0,14392639500.0,13677928376.0,14.3926395,13.677928376,589.634,544505856.0,519.28125,3.8557233810424805,354.42862272262573
647,R5,OBLIQUE-ABRUPT-SEVERE,7,b65b46d3e7ef656b,CHAMPION-RESEED,0.322,65312520.0,39.0,1289075.5,3822657.5,379269526.5,547014.5,65312559.0,15487604500.0,14293788540.5,15.4876045,14.2937885405,644.53775,462221312.0,440.80859375,3.6455702781677246,361.6996064186096
647,R5,OBLIQUE-ABRUPT-SEVERE,7,b65b46d3e7ef656b,PERSIST,0.33399999999999996,65312520.0,0.0,1325937.0,3170064.5,309659993.5,509785.0,65312520.0,14817837500.0,13683474111.0,14.8178375,13.683474111,662.9685,456546304.0,435.396484375,3.0232090950012207,295.3147826194763
647,R5,OBLIQUE-ABRUPT-SEVERE,7,b65b46d3e7ef656b,POPULATION-RESEED,0.31925000000000003,65312520.0,5700.0,1298054.0,4047129.5,370930721.0,523990.5,65318220.0,15291229500.0,14113632453.0,15.2912295,14.113632453,649.027,495730688.0,472.765625,3.8596434593200684,353.74710178375244
648,R5,OBLIQUE-ABRUPT-SEVERE,8,608e11a9f1bd7225,CHAMPION-RESEED,0.33675,65312520.0,28.0,1329964.0,4613142.5,359056953.0,520887.5,65312548.0,14679311500.0,13701966920.5,14.6793115,13.7019669205,664.982,470781952.0,448.97265625,4.399435520172119,342.42339420318604
648,R5,OBLIQUE-ABRUPT-SEVERE,8,608e11a9f1bd7225,PERSIST,0.3485,65312520.0,0.0,1354713.5,3389517.5,276920454.5,458708.0,65312520.0,13720577500.0,12739542252.0,13.7205775,12.739542252,677.35675,448638976.0,427.85546875,3.2324957847595215,264.09192514419556
648,R5,OBLIQUE-ABRUPT-SEVERE,8,608e11a9f1bd7225,POPULATION-RESEED,0.35175,65312520.0,5559.0,5375259.0,3680654.5,339364485.5,483614.0,65318079.0,14597439500.0,13622532155.0,14.5974395,13.622532155,2687.6295,471277568.0,449.4453125,3.510145664215088,323.64319372177124
649,R5,OBLIQUE-ABRUPT-SEVERE,9,f996b92a31f5fcc9,CHAMPION-RESEED,0.341,65312520.0,37.0,1231790.5,3790278.0,380940818.5,550648.0,65312557.0,15486775500.0,14333523164.0,15.4867755,14.333523164,615.89525,536721408.0,511.857421875,3.6146907806396484,363.29347467422485
649,R5,OBLIQUE-ABRUPT-SEVERE,9,f996b92a31f5fcc9,PERSIST,0.34375,65312520.0,0.0,1288721.5,2683599.0,270105840.0,449320.0,65312520.0,13470175500.0,12375083875.5,13.4701755,12.3750838755,644.36075,508254208.0,484.708984375,2.559279441833496,257.59300231933594
649,R5,OBLIQUE-ABRUPT-SEVERE,9,f996b92a31f5fcc9,POPULATION-RESEED,0.35150000000000003,65312520.0,5245.0,1236806.0,4225016.0,368818512.0,521537.0,65317765.0,15964757500.0,14706376976.5,15.9647575,14.7063769765,618.403,579526656.0,552.6796875,4.029289245605469,351.7327423095703
650,R5,OBLIQUE-ABRUPT-SEVERE,10,fc17f058c4fb0671,CHAMPION-RESEED,0.33925000000000005,65312520.0,30.0,1325946.5,3703638.5,342922698.5,492737.0,65312550.0,13831241500.0,13116243763.0,13.8312415,13.116243763,662.97325,422201344.0,402.642578125,3.532064914703369,327.0365700721741
650,R5,OBLIQUE-ABRUPT-SEVERE,10,fc17f058c4fb0671,PERSIST,0.34175,65312520.0,0.0,1359148.5,4181842.0,310283370.5,500539.5,65312520.0,13801792000.0,13063856162.0,13.801792,13.063856162,679.57425,410546176.0,391.52734375,3.9881153106689453,295.9092812538147
650,R5,OBLIQUE-ABRUPT-SEVERE,10,fc17f058c4fb0671,POPULATION-RESEED,0.3235,65312520.0,4349.0,1373708.5,3731965.0,311554483.0,441893.0,65316869.0,14080561000.0,13415391834.0,14.080561,13.415391834,686.85425,424437760.0,404.775390625,3.559079170227051,297.12150859832764
651,R5,OBLIQUE-ABRUPT-SEVERE,11,e8c5cfb170477e0f,CHAMPION-RESEED,0.34550000000000003,65312520.0,45.0,1255724.0,3286885.0,350348539.0,502215.5,65312565.0,14441376500.0,13692310927.0,14.4413765,13.692310927,627.862,465872896.0,444.291015625,3.134617805480957,334.1184034347534
651,R5,OBLIQUE-ABRUPT-SEVERE,11,e8c5cfb170477e0f,PERSIST,0.34824999999999995,65312520.0,0.0,1415073.5,3586179.5,310979797.5,505896.5,65312520.0,14722495500.0,13886265662.5,14.7224955,13.8862656625,707.53675,446767104.0,426.0703125,3.4200472831726074,296.57344579696655
651,R5,OBLIQUE-ABRUPT-SEVERE,11,e8c5cfb170477e0f,POPULATION-RESEED,0.35775,65312520.0,6031.0,1316756.5,3247814.0,340367789.5,479607.5,65318551.0,14180854000.0,13509743556.0,14.180854,13.509743556,658.37825,473309184.0,451.3828125,3.0973567962646484,324.6000189781189
652,R5,OBLIQUE-ABRUPT-SEVERE,12,3f54afba98e10ebc,CHAMPION-RESEED,0.35025,65312520.0,24.0,1372934.5,3740732.0,352883252.5,509635.0,65312544.0,14930220000.0,14028560430.5,14.93022,14.0285604305,686.46725,428347392.0,408.50390625,3.5674400329589844,336.5356945991516
652,R5,OBLIQUE-ABRUPT-SEVERE,12,3f54afba98e10ebc,PERSIST,0.34650000000000003,65312520.0,0.0,1284425.0,3295956.5,251366933.0,411353.0,65312520.0,12824096500.0,11974678752.0,12.8240965,11.974678752,642.2125,413831168.0,394.66015625,3.1432690620422363,239.72218799591064
652,R5,OBLIQUE-ABRUPT-SEVERE,12,3f54afba98e10ebc,POPULATION-RESEED,0.33075,65312520.0,3699.0,1224936.0,3460872.0,320644418.5,454661.0,65316219.0,14557953500.0,13681737310.0,14.5579535,13.68173731,612.468,442425344.0,421.9296875,3.3005447387695312,305.79034662246704
653,R5,OBLIQUE-ABRUPT-SEVERE,13,699537ddcc105acd,CHAMPION-RESEED,0.33825,65312520.0,39.0,1284449.0,5154598.0,409987534.0,583141.0,65312559.0,16164072500.0,15051615642.5,16.1640725,15.0516156425,642.2245,470632448.0,448.830078125,4.915807723999023,390.9945812225342
653,R5,OBLIQUE-ABRUPT-SEVERE,13,699537ddcc105acd,PERSIST,0.3545,65312520.0,0.0,1239449.5,3315576.5,275429876.0,450372.0,65312520.0,13207008000.0,12353049127.5,13.207008,12.3530491275,619.72475,457062400.0,435.888671875,3.161980152130127,262.6703987121582
653,R5,OBLIQUE-ABRUPT-SEVERE,13,699537ddcc105acd,POPULATION-RESEED,0.357,65312520.0,4888.0,1285825.0,3162204.0,290037466.0,413401.0,65317408.0,13635933000.0,12718665568.0,13.635933,12.718665568,642.9125,477179904.0,455.07421875,3.0157127380371094,276.601282119751
654,R5,OBLIQUE-ABRUPT-SEVERE,14,7a24c889c8eae6d3,CHAMPION-RESEED,0.337,65312520.0,43.0,1329385.5,3361575.0,366851656.0,527631.0,65312563.0,15247088000.0,14058695177.5,15.247088,14.0586951775,664.69275,520982528.0,496.84765625,3.20584774017334,349.8570022583008
654,R5,OBLIQUE-ABRUPT-SEVERE,14,7a24c889c8eae6d3,PERSIST,0.34225,65312520.0,0.0,1338027.0,2837143.5,305082090.0,499169.0,65312520.0,14706922000.0,13612839683.0,14.706922,13.612839683,669.0135,512858112.0,489.099609375,2.7057108879089355,290.94895362854004
654,R5,OBLIQUE-ABRUPT-SEVERE,14,7a24c889c8eae6d3,POPULATION-RESEED,0.34025,65312520.0,5991.0,1278799.0,4648593.5,422396581.5,589376.5,65318511.0,16748015500.0,15389279856.5,16.7480155,15.3892798565,639.3995,588843008.0,561.564453125,4.433244228363037,402.82877111434937
655,R5,OBLIQUE-ABRUPT-SEVERE,15,14eaea1e1ab58192,CHAMPION-RESEED,0.348,65312520.0,36.0,1263304.5,4582139.5,361346067.5,520632.5,65312556.0,14595147500.0,13572762237.0,14.5951475,13.572762237,631.65225,484960256.0,462.494140625,4.369868755340576,344.60646390914917
655,R5,OBLIQUE-ABRUPT-SEVERE,15,14eaea1e1ab58192,PERSIST,0.331,65312520.0,0.0,1305971.5,3704761.0,334618616.0,544605.0,65312520.0,15501882000.0,14216712292.5,15.501882,14.2167122925,652.98575,473817088.0,451.8671875,3.533135414123535,319.11717987060547
655,R5,OBLIQUE-ABRUPT-SEVERE,15,14eaea1e1ab58192,POPULATION-RESEED,0.3385,65312520.0,6135.0,1178666.0,4601613.5,400822800.5,557281.0,65318655.0,15856248000.0,14586663786.0,15.856248,14.586663786,589.333,494012416.0,471.126953125,4.3884406089782715,382.2544102668762
656,R5,OBLIQUE-ABRUPT-SEVERE,16,1f8bed817822e9c4,CHAMPION-RESEED,0.33075,65312520.0,38.0,1314369.5,4277798.0,420294970.5,598060.0,65312558.0,16410443500.0,15313975508.5,16.4104435,15.3139755085,657.18475,451426304.0,430.513671875,4.079626083374023,400.8245186805725
656,R5,OBLIQUE-ABRUPT-SEVERE,16,1f8bed817822e9c4,PERSIST,0.34425,65312520.0,0.0,1404932.0,2426384.5,249004635.0,409129.0,65312520.0,13059278000.0,12180707460.5,13.059278,12.1807074605,702.466,431468544.0,411.48046875,2.3139805793762207,237.4693250656128
656,R5,OBLIQUE-ABRUPT-SEVERE,16,1f8bed817822e9c4,POPULATION-RESEED,0.3295,65312520.0,4391.0,1262660.5,3229490.5,303368841.5,430232.5,65316911.0,13246521500.0,12468099041.5,13.2465215,12.4680990415,631.33025,471332864.0,449.498046875,3.0798821449279785,289.3150725364685
657,R5,OBLIQUE-ABRUPT-SEVERE,17,660fadc498dce124,CHAMPION-RESEED,0.3385,65312520.0,31.0,1385374.5,3646964.0,331630896.0,478351.0,65312551.0,13879282000.0,13007539703.0,13.879282,13.007539703,692.68725,478496768.0,456.330078125,3.478015899658203,316.2678680419922
657,R5,OBLIQUE-ABRUPT-SEVERE,17,660fadc498dce124,PERSIST,0.33499999999999996,65312520.0,0.0,1435251.5,3331288.5,308838995.0,502067.5,65312520.0,14159757000.0,13189338255.5,14.159757,13.1893382555,717.62575,474386432.0,452.41015625,3.176964282989502,294.53181743621826
657,R5,OBLIQUE-ABRUPT-SEVERE,17,660fadc498dce124,POPULATION-RESEED,0.3175,65312520.0,5158.0,1350525.5,3681744.5,339495136.5,478224.5,65317678.0,14284207000.0,13419514911.0,14.284207,13.419514911,675.26275,478496768.0,456.330078125,3.5111851692199707,323.76779222488403
658,R5,OBLIQUE-ABRUPT-SEVERE,18,5e5c294f1157400f,CHAMPION-RESEED,0.341,65312519.5,37.0,1273821.5,2834734.5,326109424.0,472011.5,65312556.5,13826903000.0,13117320617.0,13.826903,13.117320617,636.91075,439810048.0,419.435546875,2.703413486480713,311.00218200683594
658,R5,OBLIQUE-ABRUPT-SEVERE,18,5e5c294f1157400f,PERSIST,0.366,65312520.0,0.0,3756138.0,3077809.5,278117705.0,453129.5,65312520.0,13601981500.0,12862747876.5,13.6019815,12.8627478765,1878.069,425639936.0,405.921875,2.935227870941162,265.2337121963501
658,R5,OBLIQUE-ABRUPT-SEVERE,18,5e5c294f1157400f,POPULATION-RESEED,0.3605,65312520.0,4638.0,1216157.0,3794829.0,338210390.0,476758.0,65317158.0,14004058500.0,13233697086.0,14.0040585,13.233697086,608.0785,442908672.0,422.390625,3.6190309524536133,322.5425624847412
659,R5,OBLIQUE-ABRUPT-SEVERE,19,d244225adf5b0df7,CHAMPION-RESEED,0.34425,65312520.0,31.0,1293205.0,3592328.0,333579425.0,480734.5,65312551.0,14203058000.0,13519824394.5,14.203058,13.5198243945,646.6025,545718272.0,520.4375,3.4259109497070312,318.12613010406494
659,R5,OBLIQUE-ABRUPT-SEVERE,19,d244225adf5b0df7,PERSIST,0.33875,65312520.0,0.0,1244474.5,2785300.0,283520606.5,465253.5,65312520.0,13602421500.0,12792308829.5,13.6024215,12.7923088295,622.23725,533434368.0,508.72265625,2.656269073486328,270.3863205909729
659,R5,OBLIQUE-ABRUPT-SEVERE,19,d244225adf5b0df7,POPULATION-RESEED,0.34475,65312520.0,4708.0,1188104.5,4145605.0,370443666.0,519993.0,65317228.0,14319272500.0,13503281403.5,14.3192725,13.5032814035,594.05225,589744128.0,562.423828125,3.953557014465332,353.2826099395752
660,R5,OBLIQUE-ABRUPT-SEVERE,20,575029c4c94ccb43,CHAMPION-RESEED,0.35224999999999995,65312520.0,33.0,5488396.5,3165035.0,327345920.5,472731.5,65312553.0,14288544000.0,13335505419.5,14.288544,13.3355054195,2744.19825,519098368.0,495.05078125,3.0184125900268555,312.18139696121216
660,R5,OBLIQUE-ABRUPT-SEVERE,20,575029c4c94ccb43,PERSIST,0.34575,65312520.0,0.0,1419478.0,3672639.0,303806675.5,495809.0,65312520.0,14773273000.0,13729399263.5,14.773273,13.7293992635,709.739,517068800.0,493.115234375,3.5025014877319336,289.7326235771179
660,R5,OBLIQUE-ABRUPT-SEVERE,20,575029c4c94ccb43,POPULATION-RESEED,0.33875,65312520.0,5321.0,1323112.5,4013192.5,347442545.0,488802.5,65317841.0,15069742500.0,14059785601.0,15.0697425,14.059785601,661.55625,526696448.0,502.296875,3.8272786140441895,331.34703159332275
661,R5,OBLIQUE-ABRUPT-SEVERE,21,c870b43b43aac7fd,CHAMPION-RESEED,0.33025,65312520.0,41.0,1245474.0,3840433.5,395247272.0,564231.0,65312561.0,15741061000.0,14887708153.0,15.741061,14.887708153,622.737,472838144.0,450.93359375,3.662522792816162,376.93717193603516
661,R5,OBLIQUE-ABRUPT-SEVERE,21,c870b43b43aac7fd,PERSIST,0.32775,65312520.0,0.0,1244800.0,4385515.0,365524259.5,590479.0,65312520.0,16309460500.0,15374841028.0,16.3094605,15.374841028,622.4,470396928.0,448.60546875,4.1823530197143555,348.59109830856323
661,R5,OBLIQUE-ABRUPT-SEVERE,21,c870b43b43aac7fd,POPULATION-RESEED,0.335,65312520.0,5717.0,1324784.5,4593945.5,406410708.0,565405.5,65318237.0,16169436500.0,15237619378.5,16.1694365,15.2376193785,662.39225,480321536.0,458.0703125,4.381127834320068,387.5834541320801
662,R5,OBLIQUE-ABRUPT-SEVERE,22,ed371c404fcf1fc5,CHAMPION-RESEED,0.3365,65312520.0,33.0,1400972.0,4259718.5,341430115.5,490335.5,65312553.0,15321903500.0,14237198499.5,15.3219035,14.2371984995,700.486,482525184.0,460.171875,4.062384128570557,325.6131319999695
662,R5,OBLIQUE-ABRUPT-SEVERE,22,ed371c404fcf1fc5,PERSIST,0.35524999999999995,65312520.0,0.0,1373827.0,3151036.5,263650348.5,432059.5,65312520.0,13151546000.0,12210485958.5,13.151546,12.2104859585,686.9135,447895552.0,427.146484375,3.0050625801086426,251.43656587600708
662,R5,OBLIQUE-ABRUPT-SEVERE,22,ed371c404fcf1fc5,POPULATION-RESEED,0.34624999999999995,65312520.0,3906.0,1255954.0,3239381.5,291529959.5,412926.0,65316426.0,13331102500.0,12455001443.5,13.3311025,12.4550014435,627.977,498495488.0,475.40234375,3.0893149375915527,278.02463483810425
663,R5,OBLIQUE-ABRUPT-SEVERE,23,afb0c5875d2b8651,CHAMPION-RESEED,0.3505,65312520.0,40.0,1203121.5,3547677.5,359763143.5,515821.5,65312560.0,15246255500.0,14183911494.0,15.2462555,14.183911494,601.56075,495378432.0,472.4296875,3.383328914642334,343.0968699455261
663,R5,OBLIQUE-ABRUPT-SEVERE,23,afb0c5875d2b8651,PERSIST,0.34875,65312520.0,0.0,1337560.0,2763399.5,290388028.5,473651.5,65312520.0,15055266500.0,13886105208.0,15.0552665,13.886105208,668.78,462729216.0,441.29296875,2.635383129119873,276.93560457229614
663,R5,OBLIQUE-ABRUPT-SEVERE,23,afb0c5875d2b8651,POPULATION-RESEED,0.3355,65312520.0,4844.0,1196003.5,3330094.0,351771994.0,492275.5,65317364.0,14525433500.0,13553095064.5,14.5254335,13.5530950645,598.00175,501307392.0,478.083984375,3.1758251190185547,335.4759159088135
664,R5,OBLIQUE-ABRUPT-SEVERE,24,67fb90f5bd2df708,CHAMPION-RESEED,0.346,65312520.0,31.0,1344151.0,2222278.5,295964431.0,430750.5,65312551.0,13373040500.0,12542382271.5,13.3730405,12.5423822715,672.0755,435732480.0,415.546875,2.1193299293518066,282.25367641448975
664,R5,OBLIQUE-ABRUPT-SEVERE,24,67fb90f5bd2df708,PERSIST,0.33599999999999997,65312520.0,0.0,1410060.0,3488016.5,269334988.0,439866.5,65312520.0,13782628500.0,12677708929.5,13.7826285,12.6777089295,705.03,421785600.0,402.24609375,3.3264317512512207,256.85786056518555
664,R5,OBLIQUE-ABRUPT-SEVERE,24,67fb90f5bd2df708,POPULATION-RESEED,0.35325,65312520.0,4738.0,1352690.0,4343692.5,344526823.5,484784.5,65317258.0,14352861000.0,13330396897.0,14.352861,13.330396897,676.345,445110272.0,424.490234375,4.142467975616455,328.56638288497925
665,R5,OBLIQUE-ABRUPT-SEVERE,25,82868c4566a74dbe,CHAMPION-RESEED,0.33225000000000005,65312520.0,32.0,1378562.5,3172903.5,315468560.5,455909.0,65312552.0,13182638500.0,12552028998.0,13.1826385,12.552028998,689.28125,441112576.0,420.677734375,3.025916576385498,300.8542637825012
665,R5,OBLIQUE-ABRUPT-SEVERE,25,82868c4566a74dbe,PERSIST,0.34199999999999997,65312520.0,0.0,1443994.0,3930258.5,276090394.0,448023.5,65312520.0,13140276000.0,12387298905.0,13.140276,12.387298905,721.997,431020032.0,411.052734375,3.7481865882873535,263.3003177642822
665,R5,OBLIQUE-ABRUPT-SEVERE,25,82868c4566a74dbe,POPULATION-RESEED,0.33875,65312520.0,4519.0,1296316.0,3051859.0,292852719.5,417132.0,65317039.0,13261914000.0,12586325166.5,13.261914,12.5863251665,648.158,444534784.0,423.94140625,2.9104795455932617,279.2861170768738
666,R5,OBLIQUE-ABRUPT-SEVERE,26,b1b856316837dd6b,CHAMPION-RESEED,0.329,65312520.0,30.0,1230982.5,3501888.5,350735344.0,506021.5,65312550.0,14587786000.0,13581336728.5,14.587786,13.5813367285,615.49125,459042816.0,437.77734375,3.339661121368408,334.48728942871094
666,R5,OBLIQUE-ABRUPT-SEVERE,26,b1b856316837dd6b,PERSIST,0.32825000000000004,65312520.0,0.0,1356450.5,3903555.5,307796612.0,502682.5,65312520.0,14618360000.0,13428061450.0,14.61836,13.42806145,678.22525,445837312.0,425.18359375,3.7227206230163574,293.53772354125977
666,R5,OBLIQUE-ABRUPT-SEVERE,26,b1b856316837dd6b,POPULATION-RESEED,0.3315,65312520.0,4370.0,1245073.5,3960627.5,338098171.5,475949.5,65316890.0,14659734000.0,13585534141.0,14.659734,13.585534141,622.53675,459042816.0,437.77734375,3.777148723602295,322.4355425834656
667,R5,OBLIQUE-ABRUPT-SEVERE,27,36d87930c58e900b,CHAMPION-RESEED,0.34925,65312520.0,36.0,1327327.5,4161958.0,360513474.0,516415.0,65312556.0,14674457000.0,13753889489.0,14.674457,13.753889489,663.66375,492914688.0,470.080078125,3.9691524505615234,343.8124408721924
667,R5,OBLIQUE-ABRUPT-SEVERE,27,36d87930c58e900b,PERSIST,0.3435,65312520.0,0.0,1363375.0,2837823.0,269550024.5,441786.0,65312520.0,12974890000.0,12108068815.5,12.97489,12.1080688155,681.6875,456323072.0,435.18359375,2.7063589096069336,257.06293535232544
667,R5,OBLIQUE-ABRUPT-SEVERE,27,36d87930c58e900b,POPULATION-RESEED,0.34825,65312520.0,5165.0,1249119.0,4462564.5,344245364.0,483634.0,65317685.0,14211944000.0,13282970593.0,14.211944,13.282970593,624.5595,508254208.0,484.708984375,4.255833148956299,328.2979621887207
668,R5,OBLIQUE-ABRUPT-SEVERE,28,1e2cf8f7a4b81c2b,CHAMPION-RESEED,0.369,65312520.0,32.0,1353152.0,3531671.5,337964211.0,486795.5,65312552.0,14026842500.0,13139333458.5,14.0268425,13.1393334585,676.576,436361216.0,416.146484375,3.3680644035339355,322.30778789520264
668,R5,OBLIQUE-ABRUPT-SEVERE,28,1e2cf8f7a4b81c2b,PERSIST,0.35425,65312520.0,0.0,1388092.5,3853366.0,292928653.5,474801.0,65312520.0,14001893000.0,13068010799.0,14.001893,13.068010799,694.04625,420149248.0,400.685546875,3.674856185913086,279.35853338241577
668,R5,OBLIQUE-ABRUPT-SEVERE,28,1e2cf8f7a4b81c2b,POPULATION-RESEED,0.38049999999999995,65312520.0,4033.0,1312632.5,4097390.0,370839646.5,518006.0,65316553.0,14902855000.0,14006003726.0,14.902855,14.006003726,656.31625,459083776.0,437.81640625,3.9075756072998047,353.6602463722229
669,R5,OBLIQUE-ABRUPT-SEVERE,29,a0c573d82e9b96e2,CHAMPION-RESEED,0.34450000000000003,65312520.0,33.0,1159487.0,4148179.5,364398444.0,522558.0,65312553.0,14192294500.0,13330740359.5,14.1922945,13.3307403595,579.7435,476561408.0,454.484375,3.95601224899292,347.5174369812012
669,R5,OBLIQUE-ABRUPT-SEVERE,29,a0c573d82e9b96e2,PERSIST,0.33475,65312520.0,0.0,1245169.0,3325757.0,306844131.0,499773.0,65312520.0,13996068500.0,12968573439.0,13.9960685,12.968573439,622.5845,451436544.0,430.5234375,3.171689033508301,292.6293668746948
669,R5,OBLIQUE-ABRUPT-SEVERE,29,a0c573d82e9b96e2,POPULATION-RESEED,0.33925000000000005,65312520.0,4976.0,1208553.0,4359767.5,404223736.0,564412.5,65317496.0,15980492000.0,14866963629.5,15.980492,14.8669636295,604.2765,502284288.0,479.015625,4.1577982902526855,385.49779510498047
670,R5,OBLIQUE-ABRUPT-SEVERE,30,f3bccfe6b2eb4c55,CHAMPION-RESEED,0.35,65312520.0,26.0,1306009.0,2962970.0,295775450.0,430794.0,65312546.0,12767527000.0,12094259607.5,12.767527,12.0942596075,653.0045,432906240.0,412.8515625,2.8257083892822266,282.073450088501
670,R5,OBLIQUE-ABRUPT-SEVERE,30,f3bccfe6b2eb4c55,PERSIST,0.33825,65312520.0,0.0,1399727.0,2680544.5,240783026.5,394692.0,65312520.0,12292397500.0,11605512236.0,12.2923975,11.605512236,699.8635,417259520.0,397.9296875,2.556366443634033,229.62858819961548
670,R5,OBLIQUE-ABRUPT-SEVERE,30,f3bccfe6b2eb4c55,POPULATION-RESEED,0.3365,65312520.0,4358.0,1275209.5,3433470.5,308494227.0,438994.5,65316878.0,13216620000.0,12656147464.5,13.21662,12.6561474645,637.60475,438546432.0,418.23046875,3.2744126319885254,294.2030210494995
671,R5,OBLIQUE-ABRUPT-SEVERE,31,8fbc58ef8d225dce,CHAMPION-RESEED,0.33025,65312520.0,35.0,1248826.0,3719262.0,338148528.5,487655.5,65312555.0,13515511000.0,12823590613.5,13.515511,12.8235906135,624.413,493004800.0,470.166015625,3.546964645385742,322.48356676101685
671,R5,OBLIQUE-ABRUPT-SEVERE,31,8fbc58ef8d225dce,PERSIST,0.34450000000000003,65312520.0,0.0,1336628.5,2148317.5,220886647.0,363734.5,65312520.0,11596289000.0,10996261383.5,11.596289,10.9962613835,668.31425,468545536.0,446.83984375,2.048795223236084,210.65392208099365
671,R5,OBLIQUE-ABRUPT-SEVERE,31,8fbc58ef8d225dce,POPULATION-RESEED,0.344,65312520.0,4918.0,1240123.5,3047739.5,290663500.0,411943.0,65317438.0,12773093000.0,12131271405.5,12.773093,12.1312714055,620.06175,503640064.0,480.30859375,2.906550884246826,277.19831466674805
672,R5,OBLIQUE-ABRUPT-SEVERE,32,6942162a2041a993,CHAMPION-RESEED,0.3315,65312520.0,40.0,1357102.0,3691669.0,403440584.0,573813.5,65312560.0,15978561000.0,14724130142.0,15.978561,14.724130142,678.551,522530816.0,498.32421875,3.5206499099731445,384.7509231567383
672,R5,OBLIQUE-ABRUPT-SEVERE,32,6942162a2041a993,PERSIST,0.3295,65312520.0,0.0,1430553.5,4133342.5,320318867.0,520960.5,65312520.0,15262691500.0,14035571471.0,15.2626915,14.035571471,715.27675,516685824.0,492.75,3.9418625831604004,305.4798765182495
672,R5,OBLIQUE-ABRUPT-SEVERE,32,6942162a2041a993,POPULATION-RESEED,0.3335,65312520.0,4944.0,1270946.0,4803003.5,415656788.5,576949.0,65317464.0,16465490500.0,15150371485.5,16.4654905,15.1503714855,635.473,578086912.0,551.306640625,4.580501079559326,396.40120363235474
673,R5,OBLIQUE-ABRUPT-SEVERE,33,69f9e89b7007b2ee,CHAMPION-RESEED,0.36075,65312520.0,34.0,1256480.0,3224191.5,354962099.5,510158.0,65312554.0,14489236000.0,13342998170.5,14.489236,13.3429981705,628.24,430411776.0,410.47265625,3.074828624725342,338.5182375907898
673,R5,OBLIQUE-ABRUPT-SEVERE,33,69f9e89b7007b2ee,PERSIST,0.34825,65312519.5,0.0,1317398.5,2804678.5,262930718.0,429608.0,65312519.5,12897774500.0,11922978555.0,12.8977745,11.922978555,658.69925,415838208.0,396.57421875,2.6747498512268066,250.7502727508545
673,R5,OBLIQUE-ABRUPT-SEVERE,33,69f9e89b7007b2ee,POPULATION-RESEED,0.35,65312520.0,4592.0,1211201.5,2813560.0,317110446.0,447108.0,65317112.0,13635759500.0,12685428982.5,13.6357595,12.6854289825,605.60075,434434048.0,414.30859375,2.6832199096679688,302.42008781433105
674,R5,OBLIQUE-ABRUPT-SEVERE,34,947b3dddb0c0084d,CHAMPION-RESEED,0.334,65312520.0,31.0,4694494.5,3112574.5,333844028.0,481777.5,65312551.0,14004453000.0,13149655397.5,14.004453,13.1496553975,2347.24725,479557632.0,457.341796875,2.9683823585510254,318.378475189209
674,R5,OBLIQUE-ABRUPT-SEVERE,34,947b3dddb0c0084d,PERSIST,0.36075,65312520.0,0.0,1436443.5,4213349.0,346339267.0,562023.5,65312520.0,15384138500.0,14306036151.0,15.3841385,14.306036151,718.22175,464918528.0,443.380859375,4.018162727355957,330.2948637008667
674,R5,OBLIQUE-ABRUPT-SEVERE,34,947b3dddb0c0084d,POPULATION-RESEED,0.3295,65312520.0,5201.0,1371178.5,3295477.0,356720770.0,499784.5,65317721.0,14343635500.0,13417828586.0,14.3436355,13.417828586,685.58925,491415552.0,468.650390625,3.1428117752075195,340.19543647766113
675,R5,OBLIQUE-ABRUPT-SEVERE,35,2be3e5b7796dc5c6,CHAMPION-RESEED,0.33025000000000004,65312520.0,31.0,1363815.0,4396927.0,356288974.5,510055.5,65312551.0,14479948500.0,13673329228.0,14.4799485,13.673329228,681.9075,463441920.0,441.97265625,4.193236351013184,339.78364419937134
675,R5,OBLIQUE-ABRUPT-SEVERE,35,2be3e5b7796dc5c6,PERSIST,0.3205,65312519.0,0.0,1361343.5,3583445.5,277566976.0,451152.0,65312519.0,13613893500.0,12634619081.5,13.6138935,12.6346190815,680.67175,430008320.0,410.087890625,3.4174399375915527,264.70849609375
675,R5,OBLIQUE-ABRUPT-SEVERE,35,2be3e5b7796dc5c6,POPULATION-RESEED,0.3365,65312519.5,5415.0,1231572.0,4496191.5,364643201.5,511046.0,65317934.5,14608081000.0,13678077084.0,14.608081,13.678077084,615.786,464037888.0,442.541015625,4.287902355194092,347.750855922699
676,R5,OBLIQUE-ABRUPT-SEVERE,36,b515af8ae50ebec7,CHAMPION-RESEED,0.34099999999999997,65312520.0,37.0,1270327.5,4055890.5,388721301.0,553480.5,65312557.0,15445229000.0,14271561518.0,15.445229,14.271561518,635.16375,460947456.0,439.59375,3.8679986000061035,370.71352100372314
676,R5,OBLIQUE-ABRUPT-SEVERE,36,b515af8ae50ebec7,PERSIST,0.32625000000000004,65312520.0,0.0,1355997.0,4033659.0,331584867.0,538404.0,65312520.0,14970506000.0,13787003063.5,14.970506,13.7870030635,677.9985,446773248.0,426.076171875,3.846796989440918,316.2239713668823
676,R5,OBLIQUE-ABRUPT-SEVERE,36,b515af8ae50ebec7,POPULATION-RESEED,0.32775,65312520.0,5170.0,7401897.0,3551386.5,364131346.5,508948.5,65317690.0,14938805000.0,13814049573.5,14.938805,13.8140495735,3700.9485,463335424.0,441.87109375,3.3868660926818848,347.26271295547485
677,R5,OBLIQUE-ABRUPT-SEVERE,37,f92f1a61942edf7a,CHAMPION-RESEED,0.34275,65312520.0,29.0,1298252.0,5055793.5,364090604.0,521232.0,65312549.0,15135530000.0,14016990876.0,15.13553,14.016990876,649.126,434767872.0,414.626953125,4.821580410003662,347.2238578796387
677,R5,OBLIQUE-ABRUPT-SEVERE,37,f92f1a61942edf7a,PERSIST,0.346,65312520.0,0.0,1288766.5,3584367.0,308449529.0,499177.5,65312520.0,14197859500.0,13108730332.0,14.1978595,13.108730332,644.38325,423401472.0,403.787109375,3.418318748474121,294.1603937149048
677,R5,OBLIQUE-ABRUPT-SEVERE,37,f92f1a61942edf7a,POPULATION-RESEED,0.345,65312520.0,5280.0,1204359.5,3242508.5,309186098.5,437281.0,65317800.0,13548264500.0,12531352853.0,13.5482645,12.531352853,602.17975,440389632.0,419.98828125,3.092297077178955,294.862841129303
678,R5,OBLIQUE-ABRUPT-SEVERE,38,61b797f32ad68154,CHAMPION-RESEED,0.325,65312520.0,33.0,1294393.0,3139608.5,314454078.5,456610.5,65312553.0,13533305500.0,12614457503.0,13.5333055,12.614457503,647.1965,468008960.0,446.328125,2.994163990020752,299.8867783546448
678,R5,OBLIQUE-ABRUPT-SEVERE,38,61b797f32ad68154,PERSIST,0.33125000000000004,65312520.0,0.0,1371190.0,3768919.5,296198247.0,481697.0,65312520.0,14118624000.0,13158358920.0,14.118624,13.15835892,685.595,460300288.0,438.9765625,3.5943217277526855,282.4766607284546
678,R5,OBLIQUE-ABRUPT-SEVERE,38,61b797f32ad68154,POPULATION-RESEED,0.33099999999999996,65312520.0,4253.0,1339402.5,3183050.0,319809593.0,451699.0,65316773.0,13690677500.0,12841128271.0,13.6906775,12.841128271,669.70125,503175168.0,479.865234375,3.035593032836914,304.99419498443604
679,R5,OBLIQUE-ABRUPT-SEVERE,39,a9af4777e5b69a8f,CHAMPION-RESEED,0.35275,65312520.0,30.0,4582969.5,2915343.0,297970395.5,433384.5,65312550.0,12707984500.0,12011837637.5,12.7079845,12.0118376375,2291.48475,428455936.0,408.607421875,2.780287742614746,284.16671323776245
679,R5,OBLIQUE-ABRUPT-SEVERE,39,a9af4777e5b69a8f,PERSIST,0.357,65312520.0,0.0,1230449.0,3191745.5,273589799.0,448281.5,65312520.0,12736278500.0,12069481873.0,12.7362785,12.069481873,615.2245,417556480.0,398.212890625,3.0438857078552246,260.91556453704834
679,R5,OBLIQUE-ABRUPT-SEVERE,39,a9af4777e5b69a8f,POPULATION-RESEED,0.3465,65312520.0,4943.0,1182666.0,4787002.5,381369743.5,534149.5,65317463.0,14809603000.0,13946012836.0,14.809603,13.946012836,591.333,434794496.0,414.65234375,4.56524133682251,363.7025294303894
680,R5,OBLIQUE-ABRUPT-SEVERE,40,dfb924b090113894,CHAMPION-RESEED,0.34275,65312520.0,32.0,1243009.0,3817765.0,315996841.5,456849.0,65312552.0,13429332500.0,12456400007.5,13.4293325,12.4564000075,621.5045,427364352.0,407.56640625,3.640904426574707,301.35807180404663
680,R5,OBLIQUE-ABRUPT-SEVERE,40,dfb924b090113894,PERSIST,0.349,65312520.0,0.0,1338376.5,2561345.0,269813862.5,440762.5,65312520.0,13204579000.0,12223688056.0,13.204579,12.223688056,669.18825,416366592.0,397.078125,2.4426889419555664,257.31455087661743
680,R5,OBLIQUE-ABRUPT-SEVERE,40,dfb924b090113894,POPULATION-RESEED,0.3555,65312520.0,4623.0,1216674.5,3994697.5,347516459.0,490020.0,65317143.0,14026674000.0,13015372114.5,14.026674,13.0153721145,608.33725,433860608.0,413.76171875,3.809640407562256,331.4175214767456
681,R5,OBLIQUE-ABRUPT-SEVERE,41,81e39c95a4dd4c95,CHAMPION-RESEED,0.34125,65312520.0,43.0,1201786.5,3544013.0,364494491.0,524380.0,65312563.0,14359883000.0,13370930319.5,14.359883,13.3709303195,600.89325,467333120.0,445.68359375,3.3798341751098633,347.60903453826904
681,R5,OBLIQUE-ABRUPT-SEVERE,41,81e39c95a4dd4c95,PERSIST,0.35175,65312519.5,0.0,1275914.5,2968140.5,269384623.5,441659.5,65312519.5,13409781500.0,12337104390.0,13.4097815,12.33710439,637.95725,450371584.0,429.5078125,2.830639362335205,256.90519666671753
681,R5,OBLIQUE-ABRUPT-SEVERE,41,81e39c95a4dd4c95,POPULATION-RESEED,0.34425,65312520.0,5328.0,1184360.0,3156275.5,314840889.5,447774.5,65317848.0,13209086000.0,12339207558.5,13.209086,12.3392075585,592.18,483950592.0,461.53125,3.010058879852295,300.2556700706482
682,R5,OBLIQUE-ABRUPT-SEVERE,42,ccf9ca9ffc76d0fd,CHAMPION-RESEED,0.35224999999999995,65312520.0,29.0,1208893.5,3578865.5,384553199.0,553040.0,65312549.0,14999851000.0,14052747914.0,14.999851,14.052747914,604.44675,438740992.0,418.416015625,3.413072109222412,366.7385091781616
682,R5,OBLIQUE-ABRUPT-SEVERE,42,ccf9ca9ffc76d0fd,PERSIST,0.35525,65312520.0,0.0,1395722.0,3168191.0,285821305.0,464356.5,65312520.0,14164068500.0,13164877544.0,14.1640685,13.164877544,697.861,429176832.0,409.294921875,3.0214223861694336,272.5804376602173
682,R5,OBLIQUE-ABRUPT-SEVERE,42,ccf9ca9ffc76d0fd,POPULATION-RESEED,0.35125,65312520.0,4679.0,1202572.0,3736222.0,331730327.5,468733.0,65317199.0,13661122500.0,12830885092.5,13.6611225,12.8308850925,601.286,460808192.0,439.4609375,3.563138961791992,316.36269330978394
683,R5,OBLIQUE-ABRUPT-SEVERE,43,5d5614b2ff025d74,CHAMPION-RESEED,0.33625,65312520.0,39.0,1261451.0,4373747.0,377944827.0,540535.5,65312559.0,15399451500.0,14243566749.5,15.3994515,14.2435667495,630.7255,491292672.0,468.533203125,4.171130180358887,360.4362745285034
683,R5,OBLIQUE-ABRUPT-SEVERE,43,5d5614b2ff025d74,PERSIST,0.345,65312520.0,0.0,1317905.0,3628554.0,305318459.0,496125.5,65312520.0,14771139500.0,13620464532.5,14.7711395,13.6204645325,658.9525,469938176.0,448.16796875,3.460458755493164,291.17437267303467
683,R5,OBLIQUE-ABRUPT-SEVERE,43,5d5614b2ff025d74,POPULATION-RESEED,0.34675,65312520.0,6749.0,1182537.5,3922624.0,378624086.0,532642.5,65319269.0,14915071000.0,13838491977.0,14.915071,13.838491977,591.26875,521148416.0,497.005859375,3.74090576171875,361.0840663909912
684,R5,OBLIQUE-ABRUPT-SEVERE,44,ce72c91d01494dcd,CHAMPION-RESEED,0.354,65312520.0,29.0,1252017.5,3462922.0,315508795.5,457199.0,65312549.0,13781800000.0,12841781247.0,13.7818,12.841781247,626.00875,490944512.0,468.201171875,3.302499771118164,300.8926348686218
684,R5,OBLIQUE-ABRUPT-SEVERE,44,ce72c91d01494dcd,PERSIST,0.3595,65312520.0,0.0,1337495.0,3184073.5,269633156.0,438999.5,65312520.0,13743033000.0,12707282575.0,13.743033,12.707282575,668.7475,483024896.0,460.6484375,3.036569118499756,257.14221572875977
684,R5,OBLIQUE-ABRUPT-SEVERE,44,ce72c91d01494dcd,POPULATION-RESEED,0.34325,65312520.0,4945.0,1293986.0,3403029.5,316108120.5,447157.5,65317465.0,13504421500.0,12496528463.0,13.5044215,12.496528463,646.993,497070080.0,474.04296875,3.2453818321228027,301.464195728302
685,R5,OBLIQUE-ABRUPT-SEVERE,45,fa8135e48d57c5dc,CHAMPION-RESEED,0.3155,65312520.0,29.0,1172365.0,3289952.5,305505772.0,442803.0,65312549.0,12967634500.0,12323019440.0,12.9676345,12.32301944,586.1825,428513280.0,408.662109375,3.137543201446533,291.3530082702637
685,R5,OBLIQUE-ABRUPT-SEVERE,45,fa8135e48d57c5dc,PERSIST,0.32825000000000004,65312520.0,0.0,1258293.5,3454256.5,255920621.5,419422.0,65312520.0,12637219000.0,12004191235.5,12.637219,12.0041912355,629.14675,421652480.0,402.119140625,3.2942357063293457,244.06492376327515
685,R5,OBLIQUE-ABRUPT-SEVERE,45,fa8135e48d57c5dc,POPULATION-RESEED,0.31525000000000003,65312520.0,4313.0,1268347.0,4240805.0,341312063.5,481940.5,65316833.0,14630544000.0,13910113606.5,14.630544,13.9101136065,634.1735,435953664.0,415.7578125,4.044346809387207,325.5005488395691
686,R5,OBLIQUE-ABRUPT-SEVERE,46,9bb9d6c2f83cb8bc,CHAMPION-RESEED,0.347,65312520.0,28.0,1276597.5,3736948.5,342193810.5,494449.5,65312548.0,14198688500.0,13364942494.5,14.1986885,13.3649424945,638.29875,481075200.0,458.7890625,3.5638318061828613,326.34144830703735
686,R5,OBLIQUE-ABRUPT-SEVERE,46,9bb9d6c2f83cb8bc,PERSIST,0.346,65312520.0,0.0,1328722.0,2988728.0,278523966.5,451396.5,65312520.0,13236455000.0,12324941318.5,13.236455,12.3249413185,664.361,464140288.0,442.638671875,2.8502731323242188,265.6211533546448
686,R5,OBLIQUE-ABRUPT-SEVERE,46,9bb9d6c2f83cb8bc,POPULATION-RESEED,0.3435,65312520.0,4479.0,1376900.0,3483309.0,325004374.5,459091.0,65316999.0,13988563000.0,13064288179.0,13.988563,13.064288179,688.45,481337344.0,459.0390625,3.3219423294067383,309.94832468032837
687,R5,OBLIQUE-ABRUPT-SEVERE,47,30e348a32572781e,CHAMPION-RESEED,0.34125,65312520.0,23.0,5421885.5,3044619.0,245898052.0,362352.5,65312543.0,11715416000.0,11099483190.0,11.715416,11.09948319,2710.94275,440500224.0,420.09375,2.9035749435424805,234.50665664672852
687,R5,OBLIQUE-ABRUPT-SEVERE,47,30e348a32572781e,PERSIST,0.349,65312520.0,0.0,1269537.5,2508696.0,222261002.5,366781.5,65312520.0,12074894500.0,11321671171.5,12.0748945,11.3216711715,634.76875,428474368.0,408.625,2.3924789428710938,211.96460962295532
687,R5,OBLIQUE-ABRUPT-SEVERE,47,30e348a32572781e,POPULATION-RESEED,0.34225,65312520.0,3631.0,1214535.0,3688235.5,280517527.0,400447.5,65316151.0,12355063500.0,11607668565.0,12.3550635,11.607668565,607.2675,451338240.0,430.4296875,3.5173754692077637,267.5223608016968
688,R5,OBLIQUE-ABRUPT-SEVERE,48,c38630df13d7e8b4,CHAMPION-RESEED,0.34125000000000005,65312520.0,30.0,1193430.5,3028313.0,292672950.5,423955.5,65312550.0,12552712000.0,11939826811.0,12.552712,11.939826811,596.71525,423866368.0,404.23046875,2.88802433013916,279.11467599868774
688,R5,OBLIQUE-ABRUPT-SEVERE,48,c38630df13d7e8b4,PERSIST,0.35425,65312520.0,0.0,1267389.5,3066814.5,275254162.5,449501.0,65312520.0,13187104500.0,12396160747.0,13.1871045,12.396160747,633.69475,411244544.0,392.193359375,2.9247422218322754,262.50282526016235
688,R5,OBLIQUE-ABRUPT-SEVERE,48,c38630df13d7e8b4,POPULATION-RESEED,0.3195,65312520.0,4467.0,1260545.0,3336392.0,281423094.5,401513.5,65316987.0,12841474000.0,12262698878.0,12.841474,12.262698878,630.2725,434563072.0,414.431640625,3.1818313598632812,268.385977268219
689,R5,OBLIQUE-ABRUPT-SEVERE,49,3b3cdf9fa8834120,CHAMPION-RESEED,0.34825,65312520.0,31.0,1182445.5,4376599.5,334274786.0,481510.0,65312551.0,13992427500.0,13281179824.0,13.9924275,13.281179824,591.22275,443039744.0,422.515625,4.1738505363464355,318.7892780303955
689,R5,OBLIQUE-ABRUPT-SEVERE,49,3b3cdf9fa8834120,PERSIST,0.347,65312520.0,0.0,1221526.5,4055364.5,288809185.0,468847.5,65312520.0,14050926000.0,13231550624.0,14.050926,13.231550624,610.76325,421906432.0,402.361328125,3.867496967315674,275.4299020767212
689,R5,OBLIQUE-ABRUPT-SEVERE,49,3b3cdf9fa8834120,POPULATION-RESEED,0.362,65312520.0,4389.0,1289972.5,4638310.5,357679630.0,501142.0,65316909.0,14377944000.0,13653426835.0,14.377944,13.653426835,644.98625,443590656.0,423.041015625,4.423437595367432,341.10987663269043
690,R5,OBLIQUE-ABRUPT-SEVERE,50,ea36032bd75b81e6,CHAMPION-RESEED,0.35075,65312520.0,33.0,1324215.5,3611283.5,295926833.5,429610.5,65312553.0,13345482500.0,12546609090.5,13.3454825,12.5466090905,662.10775,480491520.0,458.232421875,3.44398832321167,282.21782064437866
690,R5,OBLIQUE-ABRUPT-SEVERE,50,ea36032bd75b81e6,PERSIST,0.34199999999999997,65312520.0,0.0,1338034.0,2873438.0,291865514.5,477573.0,65312520.0,13765736000.0,12828260281.0,13.765736,12.828260281,669.017,465524736.0,443.958984375,2.740324020385742,278.34464502334595
690,R5,OBLIQUE-ABRUPT-SEVERE,50,ea36032bd75b81e6,POPULATION-RESEED,0.341,65312520.0,5753.0,1331147.5,3095890.0,354637220.5,498060.5,65318273.0,14837615500.0,13933016023.0,14.8376155,13.933016023,665.57375,485472256.0,462.982421875,2.9524707794189453,338.20840883255005
691,R5,OBLIQUE-ABRUPT-SEVERE,51,33b1ed8350c318b9,CHAMPION-RESEED,0.352,65312520.0,32.0,1222288.5,3323002.0,315745973.0,455948.0,65312552.0,12972740500.0,12335539074.0,12.9727405,12.335539074,611.14425,433932288.0,413.830078125,3.1690616607666016,301.11882495880127
691,R5,OBLIQUE-ABRUPT-SEVERE,51,33b1ed8350c318b9,PERSIST,0.33999999999999997,65312520.0,0.0,1332944.5,2554446.0,269992920.0,440813.0,65312520.0,13039308500.0,12316498177.5,13.0393085,12.3164981775,666.47225,428969984.0,409.09765625,2.4361095428466797,257.48531341552734
691,R5,OBLIQUE-ABRUPT-SEVERE,51,33b1ed8350c318b9,POPULATION-RESEED,0.34975,65312520.0,4624.0,1216794.5,3866156.5,310760644.0,441517.5,65317144.0,13207298000.0,12516854139.5,13.207298,12.5168541395,608.39725,447916032.0,427.166015625,3.68705415725708,296.364444732666
692,R5,OBLIQUE-ABRUPT-SEVERE,52,03ff716a965d8809,CHAMPION-RESEED,0.33275,65312520.0,38.0,1336544.5,4602545.0,365980634.0,522548.0,65312558.0,14930259000.0,13877296822.0,14.930259,13.877296822,668.27225,477810688.0,455.67578125,4.389328956604004,349.026330947876
692,R5,OBLIQUE-ABRUPT-SEVERE,52,03ff716a965d8809,PERSIST,0.33725,65312520.0,0.0,1310598.5,3400410.0,274995570.0,451506.5,65312520.0,13615121000.0,12640139968.5,13.615121,12.6401399685,655.29925,463233024.0,441.7734375,3.2428836822509766,262.25621223449707
692,R5,OBLIQUE-ABRUPT-SEVERE,52,03ff716a965d8809,POPULATION-RESEED,0.34625,65312520.0,5055.0,1231518.0,5035130.0,350765755.5,490229.5,65317575.0,14452205000.0,13460994392.5,14.452205,13.4609943925,615.759,513953792.0,490.14453125,4.801874160766602,334.5162920951843
693,R5,OBLIQUE-ABRUPT-SEVERE,53,ab5b0956220b2a24,CHAMPION-RESEED,0.33899999999999997,65312520.0,32.0,1283846.0,4043906.5,316420709.0,457932.5,65312552.0,13451037000.0,12633267905.0,13.451037,12.633267905,641.923,428617728.0,408.76171875,3.856569766998291,301.76230335235596
693,R5,OBLIQUE-ABRUPT-SEVERE,53,ab5b0956220b2a24,PERSIST,0.33925000000000005,65312520.0,0.0,1327942.0,2424675.0,245360176.0,404284.5,65312520.0,12740197000.0,11923891077.0,12.740197,11.923891077,663.971,415166464.0,395.93359375,2.312350273132324,233.9936981201172
693,R5,OBLIQUE-ABRUPT-SEVERE,53,ab5b0956220b2a24,POPULATION-RESEED,0.33675,65312520.0,4698.0,1279651.0,4017143.5,331450877.0,469732.5,65317218.0,14014138500.0,13114758022.0,14.0141385,13.114758022,639.8255,438190080.0,417.890625,3.8310465812683105,316.09618854522705
694,R5,OBLIQUE-ABRUPT-SEVERE,54,2e8a554de3feb399,CHAMPION-RESEED,0.33899999999999997,65312520.0,37.0,1235030.0,3716071.5,384021346.5,550066.0,65312557.0,14590086500.0,13719550384.5,14.5900865,13.7195503845,617.515,476913664.0,454.8203125,3.543921947479248,366.23129510879517
694,R5,OBLIQUE-ABRUPT-SEVERE,54,2e8a554de3feb399,PERSIST,0.35225,65312520.0,0.0,1328235.0,5491875.0,415260514.5,668626.0,65312520.0,16787693000.0,15687529293.5,16.787693,15.6875292935,664.1175,466724864.0,445.103515625,5.237460136413574,396.02328729629517
694,R5,OBLIQUE-ABRUPT-SEVERE,54,2e8a554de3feb399,POPULATION-RESEED,0.3445,65312520.0,6087.0,1185878.5,4858314.0,455259798.5,630681.5,65318607.0,16447173500.0,15408579765.0,16.4471735,15.408579765,592.93925,482199552.0,459.861328125,4.633249282836914,434.1695771217346
695,R5,OBLIQUE-ABRUPT-SEVERE,55,487cca5461bb11d1,CHAMPION-RESEED,0.351,65312519.5,22.0,1458331.0,4360280.5,342709242.0,494452.5,65312541.5,13826982500.0,13109690763.5,13.8269825,13.1096907635,729.1655,439758848.0,419.38671875,4.158287525177002,326.8330020904541
695,R5,OBLIQUE-ABRUPT-SEVERE,55,487cca5461bb11d1,PERSIST,0.34425,65312520.0,0.0,1320638.5,2578094.5,250455900.0,407986.0,65312520.0,12428970500.0,11740565475.5,12.4289705,11.7405654755,660.31925,416321536.0,397.03515625,2.458662509918213,238.8533592224121
695,R5,OBLIQUE-ABRUPT-SEVERE,55,487cca5461bb11d1,POPULATION-RESEED,0.365,65312520.0,4091.0,1259565.0,3088198.0,285553629.5,406656.0,65316611.0,12459243500.0,11809497023.5,12.4592435,11.8094970235,629.7825,439758848.0,419.38671875,2.9451351165771484,272.3251624107361
696,R5,OBLIQUE-ABRUPT-SEVERE,56,14792285a3f9f37d,CHAMPION-RESEED,0.35475,65312520.0,25.0,1296124.5,4959442.0,394295125.5,562395.5,65312545.0,15265842500.0,14338748408.5,15.2658425,14.3387484085,648.06225,421189632.0,401.677734375,4.729692459106445,376.02913427352905
696,R5,OBLIQUE-ABRUPT-SEVERE,56,14792285a3f9f37d,PERSIST,0.344,65312520.0,0.0,4575640.5,3024621.5,283845577.5,463292.5,65312520.0,13319284500.0,12608402795.5,13.3192845,12.6084027955,2287.82025,410312704.0,391.3046875,2.8845038414001465,270.69623708724976
696,R5,OBLIQUE-ABRUPT-SEVERE,56,14792285a3f9f37d,POPULATION-RESEED,0.34025,65312520.0,4564.0,1270962.0,4091665.5,367636916.0,516595.5,65317084.0,14496274500.0,13727353349.0,14.4962745,13.727353349,635.481,441501696.0,421.048828125,3.902116298675537,350.60588455200195
697,R5,OBLIQUE-ABRUPT-SEVERE,57,c39615534d801ebf,CHAMPION-RESEED,0.35250000000000004,65312520.0,32.0,1270549.0,3530824.0,315330934.5,455956.5,65312552.0,13240987000.0,12668131510.0,13.240987,12.66813151,635.2745,423610368.0,403.986328125,3.3672561645507812,300.7230134010315
697,R5,OBLIQUE-ABRUPT-SEVERE,57,c39615534d801ebf,PERSIST,0.34375,65312520.0,0.0,1485032.0,4024547.5,319215727.0,514839.0,65312520.0,14759838500.0,13869430411.5,14.7598385,13.8694304115,742.516,400510976.0,381.95703125,3.8381075859069824,304.4278402328491
697,R5,OBLIQUE-ABRUPT-SEVERE,57,c39615534d801ebf,POPULATION-RESEED,0.359,65312520.0,5523.0,1358673.5,4405321.5,369716554.0,515897.0,65318043.0,14981034000.0,14143255002.5,14.981034,14.1432550025,679.33675,425015296.0,405.326171875,4.201241970062256,352.5891819000244
698,R5,OBLIQUE-ABRUPT-SEVERE,58,8aa7da3d9af9a199,CHAMPION-RESEED,0.33299999999999996,65312520.0,32.0,1440634.0,3404114.0,343518139.5,496372.0,65312552.0,14037012500.0,13198871957.0,14.0370125,13.198871957,720.317,444846080.0,424.23828125,3.2464160919189453,327.6044268608093
698,R5,OBLIQUE-ABRUPT-SEVERE,58,8aa7da3d9af9a199,PERSIST,0.355,65312520.0,0.0,1421428.5,3648985.5,310442571.0,505254.0,65312520.0,14194775000.0,13205597364.0,14.194775,13.205597364,710.71425,440811520.0,420.390625,3.4799437522888184,296.06110668182373
698,R5,OBLIQUE-ABRUPT-SEVERE,58,8aa7da3d9af9a199,POPULATION-RESEED,0.34375,65312520.0,4857.0,1340847.0,5368631.5,416543951.0,577730.5,65317377.0,16161864500.0,15042126483.5,16.1618645,15.0421264835,670.4235,454330368.0,433.283203125,5.1199259757995605,397.2472677230835
699,R5,OBLIQUE-ABRUPT-SEVERE,59,3f7cbb42124c0230,CHAMPION-RESEED,0.338,65312520.0,32.0,1364667.0,3599230.0,328940642.0,474999.0,65312552.0,13654986500.0,12825153049.5,13.6549865,12.8251530495,682.3335,435894272.0,415.701171875,3.432493209838867,313.702241897583
699,R5,OBLIQUE-ABRUPT-SEVERE,59,3f7cbb42124c0230,PERSIST,0.32025000000000003,65312520.0,0.0,1371757.5,2736418.0,268341691.5,437910.0,65312520.0,13575497500.0,12669454803.5,13.5754975,12.6694548035,685.87875,423743488.0,404.11328125,2.609651565551758,255.91057920455933
699,R5,OBLIQUE-ABRUPT-SEVERE,59,3f7cbb42124c0230,POPULATION-RESEED,0.32475,65312520.0,4827.0,1266819.5,4530751.0,378117928.0,526771.0,65317347.0,14730150500.0,13744496481.5,14.7301505,13.7444964815,633.40975,448067584.0,427.310546875,4.320860862731934,360.60135650634766
700,R5,OBLIQUE-ABRUPT-SEVERE,60,b5bd7e0050ca8142,CHAMPION-RESEED,0.358,65312520.0,28.0,1246468.5,3561558.5,304270611.0,442006.0,65312548.0,13476946000.0,12638207460.5,13.476946,12.6382074605,623.23425,450965504.0,430.07421875,3.396566867828369,290.175066947937
700,R5,OBLIQUE-ABRUPT-SEVERE,60,b5bd7e0050ca8142,PERSIST,0.35475,65312520.0,0.0,1235837.0,2926647.5,260298069.0,427463.0,65312520.0,13479100500.0,12569066433.5,13.4791005,12.5690664335,617.9185,425121792.0,405.427734375,2.7910685539245605,248.2395830154419
700,R5,OBLIQUE-ABRUPT-SEVERE,60,b5bd7e0050ca8142,POPULATION-RESEED,0.357,65312520.0,4167.0,1311357.0,3828684.5,329435902.5,462173.0,65316687.0,13794340000.0,12978044907.5,13.79434,12.9780449075,655.6785,455155712.0,434.0703125,3.651318073272705,314.1745591163635
701,R5,OBLIQUE-ABRUPT-SEVERE,61,899d4de748330509,CHAMPION-RESEED,0.3355,65312519.5,31.0,1259272.0,2329910.5,300024536.5,433689.0,65312550.5,12579735000.0,11875307570.5,12.579735,11.8753075705,629.636,434038784.0,413.931640625,2.221975803375244,286.1256947517395
701,R5,OBLIQUE-ABRUPT-SEVERE,61,899d4de748330509,PERSIST,0.349,65312520.0,0.0,1248047.0,4064148.0,287612074.0,466501.5,65312520.0,13298801500.0,12380564422.0,13.2988015,12.380564422,624.0235,428095488.0,408.263671875,3.875873565673828,274.2882480621338
701,R5,OBLIQUE-ABRUPT-SEVERE,61,899d4de748330509,POPULATION-RESEED,0.35624999999999996,65312520.0,4890.0,1180908.0,5278042.0,333820300.5,467158.0,65317410.0,13942032500.0,12989607448.5,13.9420325,12.9896074485,590.454,437415936.0,417.15234375,5.033533096313477,318.35584688186646
702,R5,OBLIQUE-ABRUPT-SEVERE,62,fa8c469280d35c4d,CHAMPION-RESEED,0.33625000000000005,65312520.0,33.0,1268766.5,4051756.5,353418786.0,505879.5,65312553.0,14337162500.0,13401297518.0,14.3371625,13.401297518,634.38325,475435008.0,453.41015625,3.86405611038208,337.04641914367676
702,R5,OBLIQUE-ABRUPT-SEVERE,62,fa8c469280d35c4d,PERSIST,0.3335,65312520.0,0.0,1442694.5,6313521.0,394745935.0,636100.5,65312520.0,16510586500.0,15277688446.5,16.5105865,15.2776884465,721.34725,455634944.0,434.52734375,6.021042823791504,376.459059715271
702,R5,OBLIQUE-ABRUPT-SEVERE,62,fa8c469280d35c4d,POPULATION-RESEED,0.3325,65312520.0,4538.0,1235142.0,4146016.0,339106192.5,475402.5,65317058.0,13963175000.0,13006179262.5,13.963175,13.0061792625,617.571,475723776.0,453.685546875,3.953948974609375,323.3968663215637
703,R5,OBLIQUE-ABRUPT-SEVERE,63,80247ad7d2d833f1,CHAMPION-RESEED,0.34624999999999995,65312520.0,33.0,1235040.5,3023941.5,326993574.0,472828.0,65312553.0,13524105000.0,12536583066.5,13.524105,12.5365830665,617.52025,454866944.0,433.794921875,2.8838553428649902,311.8453731536865
703,R5,OBLIQUE-ABRUPT-SEVERE,63,80247ad7d2d833f1,PERSIST,0.34475,65312520.0,0.0,1278928.0,3301291.0,305698428.5,497030.5,65312520.0,14070586500.0,12992022307.0,14.0705865,12.992022307,639.464,444715008.0,424.11328125,3.1483564376831055,291.5367398262024
703,R5,OBLIQUE-ABRUPT-SEVERE,63,80247ad7d2d833f1,POPULATION-RESEED,0.32575,65312520.0,4561.0,1236899.5,3903111.0,340097095.0,478054.0,65317081.0,14435716000.0,13364374918.0,14.435716,13.364374918,618.44975,454866944.0,433.794921875,3.722296714782715,324.34186458587646
704,R5,OBLIQUE-ABRUPT-SEVERE,64,433b399adfa4309d,CHAMPION-RESEED,0.32675,65312520.0,35.0,1197343.0,3662487.0,347743329.0,499256.0,65312555.0,14045533000.0,13079624072.0,14.045533,13.079624072,598.6715,481271808.0,458.9765625,3.4928197860717773,331.6338815689087
704,R5,OBLIQUE-ABRUPT-SEVERE,64,433b399adfa4309d,PERSIST,0.33525000000000005,65312520.0,0.0,1264336.0,3192068.5,261256399.0,428394.5,65312520.0,13031463000.0,12050771428.0,13.031463,12.050771428,632.168,468672512.0,446.9609375,3.044193744659424,249.1535177230835
704,R5,OBLIQUE-ABRUPT-SEVERE,64,433b399adfa4309d,POPULATION-RESEED,0.332,65312520.0,4902.0,1187789.0,4187270.5,317044739.0,449535.0,65317422.0,13677031500.0,12634280862.0,13.6770315,12.634280862,593.8945,492965888.0,470.12890625,3.9932923316955566,302.35742473602295
705,R5,OBLIQUE-ABRUPT-SEVERE,65,5b963bba026dbb84,CHAMPION-RESEED,0.356,65312520.0,31.0,1202247.5,4817538.0,371518253.5,531121.0,65312551.0,14198693000.0,13435774193.0,14.198693,13.435774193,601.12375,468146176.0,446.458984375,4.594362258911133,354.3074164390564
705,R5,OBLIQUE-ABRUPT-SEVERE,65,5b963bba026dbb84,PERSIST,0.34775,65312520.0,0.0,1326149.5,3339056.5,269272564.5,441994.5,65312520.0,12818762000.0,12221801093.0,12.818762,12.221801093,663.07475,454244352.0,433.201171875,3.1843724250793457,256.79832887649536
705,R5,OBLIQUE-ABRUPT-SEVERE,65,5b963bba026dbb84,POPULATION-RESEED,0.349,65312520.0,4735.0,1147408.0,3521537.0,311508527.0,442272.5,65317255.0,12940222500.0,12272133657.0,12.9402225,12.272133657,573.704,468146176.0,446.458984375,3.3583993911743164,297.07768154144287
706,R5,OBLIQUE-ABRUPT-SEVERE,66,ab74642b7668db53,CHAMPION-RESEED,0.35024999999999995,65312520.0,42.0,1279529.5,3316809.5,382432536.0,547069.0,65312562.0,15404416000.0,14369868538.0,15.404416,14.369868538,639.76475,497721344.0,474.6640625,3.163156032562256,364.7160873413086
706,R5,OBLIQUE-ABRUPT-SEVERE,66,ab74642b7668db53,PERSIST,0.33825,65312520.0,0.0,1359008.0,2720377.5,295927540.0,483907.0,65312520.0,14024332500.0,13075578079.5,14.0243325,13.0755780795,679.504,484720640.0,462.265625,2.5943541526794434,282.2184944152832
706,R5,OBLIQUE-ABRUPT-SEVERE,66,ab74642b7668db53,POPULATION-RESEED,0.34375,65312520.0,6257.0,1342458.5,4517116.0,411993772.5,574655.5,65318777.0,16065325000.0,14929154953.5,16.065325,14.9291549535,671.22925,497813504.0,474.751953125,4.307857513427734,392.9078793525696
707,R5,OBLIQUE-ABRUPT-SEVERE,67,b4c3eea342a2d231,CHAMPION-RESEED,0.334,65312520.0,34.0,1366377.0,4369601.5,360377479.0,515752.0,65312554.0,14678936000.0,13697915656.0,14.678936,13.697915656,683.1885,423278592.0,403.669921875,4.167176723480225,343.6827459335327
707,R5,OBLIQUE-ABRUPT-SEVERE,67,b4c3eea342a2d231,PERSIST,0.32625000000000004,65312520.0,0.0,1504615.5,2951738.5,251918064.5,412550.0,65312520.0,12938242000.0,12090827538.5,12.938242,12.0908275385,752.30775,406697984.0,387.857421875,2.8149971961975098,240.2477879524231
707,R5,OBLIQUE-ABRUPT-SEVERE,67,b4c3eea342a2d231,POPULATION-RESEED,0.3265,65312520.0,4072.0,1414474.0,3606197.0,330733062.0,465131.5,65316592.0,13559172000.0,12774000488.5,13.559172,12.7740004885,707.237,438290432.0,417.986328125,3.4391374588012695,315.4116268157959
708,R5,OBLIQUE-ABRUPT-SEVERE,68,26d83d09bddfa762,CHAMPION-RESEED,0.35624999999999996,65312520.0,38.0,1326561.5,3264666.0,380402163.5,544584.0,65312558.0,14738731000.0,13931143920.0,14.738731,13.93114392,663.28075,455526400.0,434.423828125,3.1134281158447266,362.77977323532104
708,R5,OBLIQUE-ABRUPT-SEVERE,68,26d83d09bddfa762,PERSIST,0.34650000000000003,65312520.0,0.0,1322006.0,3038499.5,266499999.0,434501.5,65312520.0,13025292000.0,12241441921.0,13.025292,12.241441921,661.003,425562112.0,405.84765625,2.8977389335632324,254.1542043685913
708,R5,OBLIQUE-ABRUPT-SEVERE,68,26d83d09bddfa762,POPULATION-RESEED,0.35024999999999995,65312520.0,4569.0,1250058.0,2946284.5,319956788.0,452571.0,65317089.0,13608604500.0,12904758194.0,13.6086045,12.904758194,625.029,460419072.0,439.08984375,2.80979585647583,305.13457107543945
709,R5,OBLIQUE-ABRUPT-SEVERE,69,84f868b69836c5fd,CHAMPION-RESEED,0.3325,65312520.0,29.0,1299197.5,4201430.0,346838573.5,500040.0,65312549.0,14570935500.0,13523757120.5,14.5709355,13.5237571205,649.59875,491446272.0,468.6796875,4.006795883178711,330.7710394859314
709,R5,OBLIQUE-ABRUPT-SEVERE,69,84f868b69836c5fd,PERSIST,0.324,65312520.0,0.0,1860925.0,3462877.5,282627316.0,461926.5,65312520.0,14374285500.0,13271732417.5,14.3742855,13.2717324175,930.4625,467542016.0,445.8828125,3.302457332611084,269.5344123840332
709,R5,OBLIQUE-ABRUPT-SEVERE,69,84f868b69836c5fd,POPULATION-RESEED,0.3215,65312520.0,4529.0,1262266.5,3951706.0,355175268.0,497783.5,65317049.0,14241826500.0,13179551632.5,14.2418265,13.1795516325,631.13325,496087040.0,473.10546875,3.7686405181884766,338.72153091430664
710,R5,OBLIQUE-ABRUPT-SEVERE,70,26d652b31b1cc9e5,CHAMPION-RESEED,0.35350000000000004,65312520.0,25.0,1324347.5,3182946.5,301660372.5,438151.0,65312545.0,13662980000.0,12658506987.5,13.66298,12.6585069875,662.17375,438253568.0,417.951171875,3.035494327545166,287.68574953079224
710,R5,OBLIQUE-ABRUPT-SEVERE,70,26d652b31b1cc9e5,PERSIST,0.3525,65312520.0,0.0,1317400.0,2570491.0,265056701.0,433953.0,65312520.0,13995500000.0,12988151748.5,13.9955,12.9881517485,658.7,437002240.0,416.7578125,2.451411247253418,252.7777681350708
710,R5,OBLIQUE-ABRUPT-SEVERE,70,26d652b31b1cc9e5,POPULATION-RESEED,0.33975,65312520.0,4305.0,1187924.0,3937375.5,346438828.0,487664.0,65316825.0,14364382500.0,13337493884.0,14.3643825,13.337493884,593.962,464476160.0,442.958984375,3.754973888397217,330.3898124694824
711,R5,OBLIQUE-ABRUPT-SEVERE,71,821a27e77fbfa7d0,CHAMPION-RESEED,0.35124999999999995,65312520.0,28.0,1347935.0,3119637.0,302510683.5,438750.0,65312548.0,13518813500.0,12674312756.0,13.5188135,12.674312756,673.9675,430628864.0,410.6796875,2.9751176834106445,288.49666929244995
711,R5,OBLIQUE-ABRUPT-SEVERE,71,821a27e77fbfa7d0,PERSIST,0.33399999999999996,65312520.0,0.0,1408375.5,2869480.0,239472678.5,394647.0,65312520.0,12786017000.0,12020683590.5,12.786017,12.0206835905,704.18775,418408448.0,399.025390625,2.7365493774414062,228.37894296646118
711,R5,OBLIQUE-ABRUPT-SEVERE,71,821a27e77fbfa7d0,POPULATION-RESEED,0.34375,65312520.0,4821.0,1194728.0,2411982.0,280584914.5,402323.5,65317341.0,12362681000.0,11658838787.5,12.362681,11.6588387875,597.364,441915392.0,421.443359375,2.3002452850341797,267.5866265296936
712,R5,OBLIQUE-ABRUPT-SEVERE,72,fcae869cc2b43a47,CHAMPION-RESEED,0.35725,65312520.0,39.0,1274745.0,2960349.5,360318017.5,517015.0,65312559.0,14455594500.0,13392895419.0,14.4555945,13.392895419,637.3725,477599744.0,455.474609375,2.823209285736084,343.6260390281677
712,R5,OBLIQUE-ABRUPT-SEVERE,72,fcae869cc2b43a47,PERSIST,0.33475,65312520.0,0.0,1312536.0,3946904.0,308521293.0,502483.5,65312520.0,14757536500.0,13476979158.0,14.7575365,13.476979158,656.268,443596800.0,423.046875,3.7640609741210938,294.22883319854736
712,R5,OBLIQUE-ABRUPT-SEVERE,72,fcae869cc2b43a47,POPULATION-RESEED,0.35275,65312520.0,4989.0,1336857.5,4124294.0,364140371.0,508561.5,65317509.0,14661135500.0,13624141065.5,14.6611355,13.6241410655,668.42875,481466368.0,459.162109375,3.9332332611083984,347.27131938934326
713,R5,OBLIQUE-ABRUPT-SEVERE,73,02d0b5ebf1d20343,CHAMPION-RESEED,0.34525,65312520.0,27.0,1355448.0,3604645.5,268857882.5,390877.0,65312547.0,11733647000.0,11177642136.5,11.733647,11.1776421365,677.724,421922816.0,402.376953125,3.4376578330993652,256.4028573036194
713,R5,OBLIQUE-ABRUPT-SEVERE,73,02d0b5ebf1d20343,PERSIST,0.334,65312520.0,0.0,1331623.5,2899146.5,224096788.5,370092.0,65312520.0,11483182500.0,10874794733.0,11.4831825,10.874794733,665.81175,411072512.0,392.029296875,2.7648415565490723,213.7153515815735
713,R5,OBLIQUE-ABRUPT-SEVERE,73,02d0b5ebf1d20343,POPULATION-RESEED,0.34099999999999997,65312520.0,4228.0,1329059.0,3628116.0,277293929.0,394339.5,65316748.0,12011916000.0,11428046719.0,12.011916,11.428046719,664.5295,433129472.0,413.064453125,3.460041046142578,264.4480981826782
714,R5,OBLIQUE-ABRUPT-SEVERE,74,889d7895ef177527,CHAMPION-RESEED,0.36,65312520.0,42.0,1267625.5,3357012.5,395456398.0,564888.0,65312562.0,15861324000.0,14767671503.5,15.861324,14.7676715035,633.81275,597153792.0,569.490234375,3.2014966011047363,377.13661003112793
714,R5,OBLIQUE-ABRUPT-SEVERE,74,889d7895ef177527,PERSIST,0.34625,65312520.0,0.0,1377889.0,3225438.5,319887242.0,521135.0,65312520.0,15485730000.0,14397385592.5,15.48573,14.3973855925,688.9445,539844608.0,514.8359375,3.0760178565979004,305.06824684143066
714,R5,OBLIQUE-ABRUPT-SEVERE,74,889d7895ef177527,POPULATION-RESEED,0.347,65312520.0,6166.0,1272500.0,3647849.5,360048322.5,506102.0,65318686.0,14734490500.0,13713197132.0,14.7344905,13.713197132,636.25,610091008.0,581.828125,3.478860378265381,343.36883783340454
715,R5,OBLIQUE-ABRUPT-SEVERE,75,7614bfbd0d9f279b,CHAMPION-RESEED,0.35275,65312520.0,34.0,1326527.5,4024489.5,368627170.0,529064.5,65312554.0,14830514000.0,13866533166.5,14.830514,13.8665331665,663.26375,478560256.0,456.390625,3.838052272796631,351.5502643585205
715,R5,OBLIQUE-ABRUPT-SEVERE,75,7614bfbd0d9f279b,PERSIST,0.35224999999999995,65312520.0,0.0,1338336.0,3666141.5,297879778.0,484180.5,65312520.0,14261135000.0,13255387889.0,14.261135,13.255387889,669.168,462444544.0,441.021484375,3.496304988861084,284.0802936553955
715,R5,OBLIQUE-ABRUPT-SEVERE,75,7614bfbd0d9f279b,POPULATION-RESEED,0.346,65312520.0,5427.0,1256434.0,3413827.5,331276458.0,467665.5,65317947.0,13758128000.0,12820164650.0,13.758128,12.82016465,628.217,481153024.0,458.86328125,3.2556796073913574,315.9298496246338
716,R5,OBLIQUE-ABRUPT-SEVERE,76,d14423765a8fde30,CHAMPION-RESEED,0.36624999999999996,65312520.0,40.0,1325362.5,3767557.5,421260023.5,598194.0,65312560.0,16280550500.0,14990266232.5,16.2805505,14.9902662325,662.68125,523503616.0,499.251953125,3.5930228233337402,401.7448649406433
716,R5,OBLIQUE-ABRUPT-SEVERE,76,d14423765a8fde30,PERSIST,0.36724999999999997,65312520.0,0.0,1317141.0,5255399.0,377888886.0,611141.0,65312520.0,16479336500.0,15067917466.5,16.4793365,15.0679174665,658.5705,453771264.0,432.75,5.01193904876709,360.38292503356934
716,R5,OBLIQUE-ABRUPT-SEVERE,76,d14423765a8fde30,POPULATION-RESEED,0.3375,65312520.0,5910.0,1276257.5,4512347.5,404547888.5,563496.0,65318430.0,15552490000.0,14421745154.0,15.55249,14.421745154,638.12875,527101952.0,502.68359375,4.303309917449951,385.80693101882935
717,R5,OBLIQUE-ABRUPT-SEVERE,77,c8848bb2da4d18ea,CHAMPION-RESEED,0.355,65312520.0,34.0,1217924.0,4070334.0,370892761.5,530542.0,65312554.0,14729529000.0,13612346358.5,14.729529,13.6123463585,608.962,503963648.0,480.6171875,3.881772994995117,353.7109007835388
717,R5,OBLIQUE-ABRUPT-SEVERE,77,c8848bb2da4d18ea,PERSIST,0.3305,65312520.0,0.0,1279584.5,4000395.5,312209049.5,506331.0,65312520.0,14250489000.0,13172371657.5,14.250489,13.1723716575,639.79225,495003648.0,472.072265625,3.8150744438171387,297.74575185775757
717,R5,OBLIQUE-ABRUPT-SEVERE,77,c8848bb2da4d18ea,POPULATION-RESEED,0.331,65312520.0,4990.0,1280329.5,4573559.0,359418408.5,503938.5,65317510.0,14960332000.0,13880642461.0,14.960332,13.880642461,640.16475,556283904.0,530.513671875,4.361685752868652,342.7681050300598
718,R5,OBLIQUE-ABRUPT-SEVERE,78,4b85905a3a58864b,CHAMPION-RESEED,0.34875,65312520.0,41.0,1362874.0,3489064.5,393245559.0,560499.5,65312561.0,15986130500.0,14812505776.0,15.9861305,14.812505776,681.437,453289984.0,432.291015625,3.3274312019348145,375.02818965911865
718,R5,OBLIQUE-ABRUPT-SEVERE,78,4b85905a3a58864b,PERSIST,0.34924999999999995,65312520.0,0.0,1292596.5,2935952.5,305913993.5,497427.0,65312520.0,14745194000.0,13584495413.0,14.745194,13.584495413,646.29825,443637760.0,423.0859375,2.7999424934387207,291.7423186302185
718,R5,OBLIQUE-ABRUPT-SEVERE,78,4b85905a3a58864b,POPULATION-RESEED,0.34975,65312520.0,5874.0,1292404.5,3946418.5,401418124.5,558605.0,65318394.0,15806854000.0,14530493381.5,15.806854,14.5304933815,646.20225,458788864.0,437.53515625,3.7635979652404785,382.82215547561646
719,R5,OBLIQUE-ABRUPT-SEVERE,79,dcd780befacd4754,CHAMPION-RESEED,0.34199999999999997,65312520.0,34.0,1224933.0,3888201.5,357607158.0,512248.5,65312554.0,13988454000.0,13198006974.0,13.988454,13.198006974,612.4665,495734784.0,472.76953125,3.708077907562256,341.04076194763184
719,R5,OBLIQUE-ABRUPT-SEVERE,79,dcd780befacd4754,PERSIST,0.3495,65312520.0,0.0,1332759.0,4283112.5,358059053.5,580683.5,65312520.0,15390370500.0,14481334128.0,15.3903705,14.481334128,666.3795,482496512.0,460.14453125,4.0846943855285645,341.4717230796814
719,R5,OBLIQUE-ABRUPT-SEVERE,79,dcd780befacd4754,POPULATION-RESEED,0.346,65312520.0,6461.0,1205113.5,4902067.0,480293342.0,661184.5,65318981.0,16712640500.0,15737341369.0,16.7126405,15.737341369,602.55675,505661440.0,482.236328125,4.674975395202637,458.04342460632324
720,R5,OBLIQUE-GRADUAL-MILD,0,c15aa884b8503316,CHAMPION-RESEED,0.279,65312520.0,27.0,1341123.0,3662773.5,296043065.5,438363.0,65312547.0,12684441000.0,11961811885.5,12.684441,11.9618118855,670.5615,400402432.0,381.853515625,3.4930930137634277,282.3286681175232
720,R5,OBLIQUE-GRADUAL-MILD,0,c15aa884b8503316,PERSIST,0.28075,65312520.0,0.0,1274346.0,3353757.0,242375677.0,409395.0,65312520.0,12425980500.0,11637629122.0,12.4259805,11.637629122,637.173,387254272.0,369.314453125,3.198391914367676,231.14745807647705
720,R5,OBLIQUE-GRADUAL-MILD,0,c15aa884b8503316,POPULATION-RESEED,0.279,65312520.0,3770.0,4509952.0,3518402.5,280400884.0,406035.5,65316290.0,12435855500.0,11639174077.5,12.4358555,11.6391740775,2254.976,402290688.0,383.654296875,3.355410099029541,267.4111213684082
721,R5,OBLIQUE-GRADUAL-MILD,1,9698f11d5d8443fb,CHAMPION-RESEED,0.28625,65312520.0,30.0,1270767.0,4170262.5,345492222.5,505871.5,65312550.0,14542210000.0,13448002878.5,14.54221,13.4480028785,635.3835,468348928.0,446.65234375,3.977072238922119,329.4870591163635
721,R5,OBLIQUE-GRADUAL-MILD,1,9698f11d5d8443fb,PERSIST,0.28600000000000003,65312520.0,0.0,1337031.5,3184449.0,289328805.5,484722.5,65312520.0,14100261500.0,12992887416.0,14.1002615,12.992887416,668.51575,450793472.0,429.91015625,3.0369272232055664,275.92545080184937
721,R5,OBLIQUE-GRADUAL-MILD,1,9698f11d5d8443fb,POPULATION-RESEED,0.28475,65312520.0,4699.0,1240060.5,4803029.0,376150093.0,537093.0,65317219.0,15652777500.0,14456284453.5,15.6527775,14.4562844535,620.03025,478846976.0,456.6640625,4.5805253982543945,358.72468280792236
722,R5,OBLIQUE-GRADUAL-MILD,2,4bdfbc911d6ae647,CHAMPION-RESEED,0.28275,65312520.0,35.0,1256302.0,5020071.5,416505239.5,603609.5,65312555.0,16198932000.0,14965793993.5,16.198932,14.9657939935,628.151,473561088.0,451.623046875,4.787513256072998,397.21034955978394
722,R5,OBLIQUE-GRADUAL-MILD,2,4bdfbc911d6ae647,PERSIST,0.26975,65312520.0,0.0,1346228.0,4238878.0,336762081.5,563245.5,65312520.0,15554323500.0,14224126914.0,15.5543235,14.224126914,673.114,446115840.0,425.44921875,4.042509078979492,321.16134786605835
722,R5,OBLIQUE-GRADUAL-MILD,2,4bdfbc911d6ae647,POPULATION-RESEED,0.274,65312520.0,5095.0,1296910.5,4650180.0,392233970.5,555749.0,65317615.0,16015287500.0,14736714129.5,16.0152875,14.7367141295,648.45525,473561088.0,451.623046875,4.434757232666016,374.06346368789673
723,R5,OBLIQUE-GRADUAL-MILD,3,b0375e0406f4c1b2,CHAMPION-RESEED,0.2915,65312520.0,29.0,1270974.5,3425913.0,322276899.0,474217.0,65312549.0,13516332000.0,12564172500.5,13.516332,12.5641725005,635.48725,438077440.0,417.783203125,3.267205238342285,307.3472013473511
723,R5,OBLIQUE-GRADUAL-MILD,3,b0375e0406f4c1b2,PERSIST,0.29275,65312520.0,0.0,1305262.5,2926160.0,251312859.0,423304.0,65312520.0,12782530000.0,11823879165.5,12.78253,11.8238791655,652.63125,422948864.0,403.35546875,2.7906036376953125,239.6706190109253
723,R5,OBLIQUE-GRADUAL-MILD,3,b0375e0406f4c1b2,POPULATION-RESEED,0.28625,65312520.0,4226.0,1252544.5,3569184.0,317004642.5,455607.0,65316746.0,13734239000.0,12755006451.0,13.734239,12.755006451,626.27225,440451072.0,420.046875,3.403839111328125,302.31918573379517
724,R5,OBLIQUE-GRADUAL-MILD,4,b8adf18944f0d129,CHAMPION-RESEED,0.27349999999999997,65312520.0,28.0,1327726.5,4703976.0,271147995.0,397467.5,65312548.0,12302551000.0,11697189558.5,12.302551,11.6971895585,663.86325,420847616.0,401.3515625,4.486061096191406,258.5868787765503
724,R5,OBLIQUE-GRADUAL-MILD,4,b8adf18944f0d129,PERSIST,0.26475000000000004,65312520.0,0.0,1391325.5,4516634.0,219262728.5,370966.0,65312520.0,11878271500.0,11288135689.0,11.8782715,11.288135689,695.66275,403329024.0,384.64453125,4.307397842407227,209.1052327156067
724,R5,OBLIQUE-GRADUAL-MILD,4,b8adf18944f0d129,POPULATION-RESEED,0.26449999999999996,65312520.0,4790.0,1266571.0,5216811.5,273521502.5,390247.0,65317310.0,12555371000.0,11910535416.0,12.555371,11.910535416,633.2855,420847616.0,401.3515625,4.975139141082764,260.8504319190979
725,R5,OBLIQUE-GRADUAL-MILD,5,0842be6fadde7100,CHAMPION-RESEED,0.28125,65312520.0,27.0,1273845.0,3688613.5,318164151.5,468822.5,65312547.0,13512768000.0,12748927125.0,13.512768,12.748927125,636.9225,420724736.0,401.234375,3.5177359580993652,303.42497968673706
725,R5,OBLIQUE-GRADUAL-MILD,5,0842be6fadde7100,PERSIST,0.2875,65312520.0,0.0,1254564.0,3740632.5,284003246.5,477102.0,65312520.0,13611648500.0,12698050022.5,13.6116485,12.6980500225,627.282,408428544.0,389.5078125,3.567345142364502,270.8466019630432
725,R5,OBLIQUE-GRADUAL-MILD,5,0842be6fadde7100,POPULATION-RESEED,0.27725,65312520.0,4225.0,5996095.5,4310694.0,346162828.0,493234.5,65316745.0,14132139500.0,13230307546.5,14.1321395,13.2303075465,2998.04775,422156288.0,402.599609375,4.110998153686523,330.1265983581543
726,R5,OBLIQUE-GRADUAL-MILD,6,f4851e594441af1d,CHAMPION-RESEED,0.28375,65312520.0,28.0,1235827.5,3679399.5,322836180.5,476256.5,65312548.0,13551543000.0,12864756291.0,13.551543,12.864756291,617.91375,424290304.0,404.634765625,3.508948802947998,307.88057374954224
726,R5,OBLIQUE-GRADUAL-MILD,6,f4851e594441af1d,PERSIST,0.29274999999999995,65312520.0,0.0,1423581.0,3543819.0,265146512.0,447339.5,65312520.0,13705252000.0,12912125744.0,13.705252,12.912125744,711.7905,416319488.0,397.033203125,3.3796491622924805,252.86341857910156
726,R5,OBLIQUE-GRADUAL-MILD,6,f4851e594441af1d,POPULATION-RESEED,0.28375,65312520.0,4181.0,1238798.5,4010152.0,321165544.0,460764.5,65316701.0,13477738000.0,12762814076.5,13.477738,12.7628140765,619.39925,435163136.0,415.00390625,3.8243789672851562,306.2873306274414
727,R5,OBLIQUE-GRADUAL-MILD,7,ebbe031f0753f695,CHAMPION-RESEED,0.26325,65312520.0,41.0,1316579.5,5051476.5,444072886.5,640879.0,65312561.0,16847024500.0,15764387454.5,16.8470245,15.7643874545,658.28975,538816512.0,513.85546875,4.817463397979736,423.50090646743774
727,R5,OBLIQUE-GRADUAL-MILD,7,ebbe031f0753f695,PERSIST,0.25975,65312520.0,0.0,1436613.0,4508181.0,352492452.0,589905.0,65312520.0,16065009000.0,14900017611.5,16.065009,14.9000176115,718.3065,486178816.0,463.65625,4.2993364334106445,336.1629981994629
727,R5,OBLIQUE-GRADUAL-MILD,7,ebbe031f0753f695,POPULATION-RESEED,0.26125,65312520.0,5592.0,1404747.5,4416068.5,415120688.5,585946.0,65318112.0,15703116500.0,14806390300.5,15.7031165,14.8063903005,702.37375,578959360.0,552.138671875,4.211491107940674,395.88993883132935
728,R5,OBLIQUE-GRADUAL-MILD,8,0160493b57c22ba8,CHAMPION-RESEED,0.26675000000000004,65312520.0,39.0,1256429.5,5354407.0,456974933.0,659149.5,65312559.0,16626718000.0,15427962816.0,16.626718,15.427962816,628.21475,572657664.0,546.12890625,5.10636043548584,435.8052568435669
728,R5,OBLIQUE-GRADUAL-MILD,8,0160493b57c22ba8,PERSIST,0.268,65312520.0,0.0,1319827.5,4356307.5,356990392.0,598812.0,65312520.0,15690836500.0,14550265755.5,15.6908365,14.5502657555,659.91375,497725440.0,474.66796875,4.15449857711792,340.4525680541992
728,R5,OBLIQUE-GRADUAL-MILD,8,0160493b57c22ba8,POPULATION-RESEED,0.272,65312520.0,5627.0,1247255.5,5279993.0,426543674.5,600479.5,65318147.0,16262440000.0,15140633003.5,16.26244,15.1406330035,623.62775,589776896.0,562.455078125,5.035393714904785,406.7837471961975
729,R5,OBLIQUE-GRADUAL-MILD,9,42ce4cf2cf0787bd,CHAMPION-RESEED,0.27425,65312520.0,39.0,1290727.0,4623449.5,432620500.5,624418.0,65312559.0,16408911000.0,15280755297.5,16.408911,15.2807552975,645.3635,501491712.0,478.259765625,4.409265041351318,412.57906007766724
729,R5,OBLIQUE-GRADUAL-MILD,9,42ce4cf2cf0787bd,PERSIST,0.275,65312520.0,0.0,1365903.5,4349855.5,341408163.5,573256.0,65312520.0,15663742000.0,14537319837.0,15.663742,14.537319837,682.95175,483993600.0,461.572265625,4.148345470428467,325.59219694137573
729,R5,OBLIQUE-GRADUAL-MILD,9,42ce4cf2cf0787bd,POPULATION-RESEED,0.27475,65312520.0,5143.0,1330654.5,4509710.5,398669916.5,562700.5,65317663.0,15745257000.0,14782508851.5,15.745257,14.7825088515,665.32725,554516480.0,528.828125,4.300795078277588,380.20126008987427
730,R5,OBLIQUE-GRADUAL-MILD,10,d41181ac598361f9,CHAMPION-RESEED,0.26749999999999996,65312520.0,35.0,1271985.5,5025671.0,333640431.0,481309.0,65312555.0,13712746500.0,12965915604.5,13.7127465,12.9659156045,635.99275,446076928.0,425.412109375,4.792853355407715,318.1843099594116
730,R5,OBLIQUE-GRADUAL-MILD,10,d41181ac598361f9,PERSIST,0.264,65312519.5,0.0,1326290.0,4563435.5,305750629.0,507571.0,65312519.5,14283466000.0,13438428100.0,14.283466,13.4384281,663.145,434470912.0,414.34375,4.352031230926514,291.58652210235596
730,R5,OBLIQUE-GRADUAL-MILD,10,d41181ac598361f9,POPULATION-RESEED,0.265,65312520.0,5337.0,1255885.0,5584524.5,364545580.5,510029.5,65317857.0,14525914000.0,13686229545.0,14.525914,13.686229545,627.9425,446427136.0,425.74609375,5.325817584991455,347.6577572822571
731,R5,OBLIQUE-GRADUAL-MILD,11,0f5285bd7cc021dc,CHAMPION-RESEED,0.28700000000000003,65312520.0,31.0,1331663.0,4205024.0,365697040.0,528758.0,65312551.0,15443104000.0,14205905210.5,15.443104,14.2059052105,665.8315,467130368.0,445.490234375,4.010223388671875,348.75587463378906
731,R5,OBLIQUE-GRADUAL-MILD,11,0f5285bd7cc021dc,PERSIST,0.29200000000000004,65312520.0,0.0,1461722.5,3782203.5,307776273.5,510634.0,65312520.0,14797521500.0,13663931231.5,14.7975215,13.6639312315,730.86125,458326016.0,437.09375,3.606990337371826,293.51832723617554
731,R5,OBLIQUE-GRADUAL-MILD,11,0f5285bd7cc021dc,POPULATION-RESEED,0.28500000000000003,65312520.0,5023.0,1308217.5,4153128.0,356015444.0,504072.5,65317543.0,14921347000.0,13810256911.5,14.921347,13.8102569115,654.10875,505188352.0,481.78515625,3.9607315063476562,339.5227851867676
732,R5,OBLIQUE-GRADUAL-MILD,12,3b9523f8f9e06096,CHAMPION-RESEED,0.27849999999999997,65312520.0,34.0,1299065.5,4841071.5,402023118.5,575661.5,65312554.0,16668598000.0,15447000625.5,16.668598,15.4470006255,649.53275,566706176.0,540.453125,4.616805553436279,383.39912271499634
732,R5,OBLIQUE-GRADUAL-MILD,12,3b9523f8f9e06096,PERSIST,0.27525,65312520.0,0.0,1433016.0,4265724.5,367179648.5,606811.5,65312520.0,17327628000.0,15837820358.0,17.327628,15.837820358,716.508,520202240.0,496.103515625,4.068111896514893,350.16980028152466
732,R5,OBLIQUE-GRADUAL-MILD,12,3b9523f8f9e06096,POPULATION-RESEED,0.278,65312520.0,5485.0,1288951.5,5212469.5,438698826.5,610874.5,65318005.0,17856158500.0,16646297630.5,17.8561585,16.6462976305,644.47575,576577536.0,549.8671875,4.970998287200928,418.3758034706116
733,R5,OBLIQUE-GRADUAL-MILD,13,e29cc75337dac603,CHAMPION-RESEED,0.26225,65312520.0,32.0,1434670.5,4771414.5,374975858.5,539655.0,65312552.0,14657822000.0,13899268976.5,14.657822,13.8992689765,717.33525,453011456.0,432.025390625,4.550375461578369,357.60484552383423
733,R5,OBLIQUE-GRADUAL-MILD,13,e29cc75337dac603,PERSIST,0.26875,65312520.0,0.0,1208184.0,3880131.5,321207799.0,531590.0,65312520.0,14640856500.0,13734068852.0,14.6408565,13.734068852,604.092,428322816.0,408.48046875,3.7003817558288574,306.32762813568115
733,R5,OBLIQUE-GRADUAL-MILD,13,e29cc75337dac603,POPULATION-RESEED,0.26749999999999996,65312520.0,4802.0,1219701.5,4652120.0,388040382.5,542108.0,65317322.0,15201605500.0,14373174211.0,15.2016055,14.373174211,609.85075,474660864.0,452.671875,4.436607360839844,370.0641465187073
734,R5,OBLIQUE-GRADUAL-MILD,14,4cce04b83cab403a,CHAMPION-RESEED,0.27025,65312520.0,37.0,1305881.5,4995936.0,409824238.5,586674.5,65312557.0,16505542500.0,15222248584.0,16.5055425,15.222248584,652.94075,460300288.0,438.9765625,4.764495849609375,390.83885049819946
734,R5,OBLIQUE-GRADUAL-MILD,14,4cce04b83cab403a,PERSIST,0.27475,65312520.0,0.0,1349239.0,3825921.5,322907622.0,531750.0,65312520.0,15087544500.0,13924082923.5,15.0875445,13.9240829235,674.6195,449480704.0,428.658203125,3.6486830711364746,307.9487056732178
734,R5,OBLIQUE-GRADUAL-MILD,14,4cce04b83cab403a,POPULATION-RESEED,0.27675,65312520.0,4660.0,1365246.5,4031551.5,361306519.0,510601.5,65317180.0,15407293500.0,14288322509.5,15.4072935,14.2883225095,682.62325,470679552.0,448.875,3.844787120819092,344.5687475204468
735,R5,OBLIQUE-GRADUAL-MILD,15,e873164de4aefbfe,CHAMPION-RESEED,0.276,65312520.0,37.0,1352034.5,4465874.5,401714751.0,576096.0,65312557.0,15722337500.0,14597082367.0,15.7223375,14.597082367,676.01725,535930880.0,511.103515625,4.2589898109436035,383.10504055023193
735,R5,OBLIQUE-GRADUAL-MILD,15,e873164de4aefbfe,PERSIST,0.27675,65312520.0,0.0,1384269.5,3589997.5,333480804.0,551100.0,65312520.0,15345047500.0,14052748626.5,15.3450475,14.0527486265,692.13475,484440064.0,461.998046875,3.4236884117126465,318.03207778930664
735,R5,OBLIQUE-GRADUAL-MILD,15,e873164de4aefbfe,POPULATION-RESEED,0.2705,65312520.0,5149.0,1423666.5,5063363.5,402879125.5,563854.5,65317669.0,17558567000.0,16119048673.5,17.558567,16.1190486735,711.83325,554250240.0,528.57421875,4.828799724578857,384.2154746055603
736,R5,OBLIQUE-GRADUAL-MILD,16,b0897d2a0cadf52f,CHAMPION-RESEED,0.2745,65312520.0,33.0,1215014.0,4678988.5,395235409.0,567304.5,65312553.0,15543209500.0,14393252329.5,15.5432095,14.3932523295,607.507,475215872.0,453.201171875,4.462231159210205,376.92585849761963
736,R5,OBLIQUE-GRADUAL-MILD,16,b0897d2a0cadf52f,PERSIST,0.28825,65312520.0,0.0,1186021.0,4406419.5,337784552.5,558684.0,65312520.0,15708149500.0,14455094878.5,15.7081495,14.4550948785,593.0105,424806400.0,405.126953125,4.20228910446167,322.13645219802856
736,R5,OBLIQUE-GRADUAL-MILD,16,b0897d2a0cadf52f,POPULATION-RESEED,0.28574999999999995,65312520.0,4984.0,1228609.0,4985196.5,394111025.5,550338.0,65317504.0,15785138500.0,14515754240.5,15.7851385,14.5157542405,614.3045,496642048.0,473.634765625,4.75425386428833,375.85356283187866
737,R5,OBLIQUE-GRADUAL-MILD,17,f98f861da59a5349,CHAMPION-RESEED,0.29600000000000004,65312520.0,25.0,1304870.5,3510626.5,290062417.0,424862.5,65312545.0,12600506000.0,11938527308.5,12.600506,11.9385273085,652.43525,412907520.0,393.779296875,3.347994327545166,276.62507724761963
737,R5,OBLIQUE-GRADUAL-MILD,17,f98f861da59a5349,PERSIST,0.28675,65312520.0,0.0,1314957.5,3660356.0,269526371.0,446646.0,65312520.0,13216062000.0,12524441208.0,13.216062,12.524441208,657.47875,408150016.0,389.2421875,3.4907875061035156,257.0403776168823
737,R5,OBLIQUE-GRADUAL-MILD,17,f98f861da59a5349,POPULATION-RESEED,0.28625,65312520.0,4121.0,1387309.0,4835353.5,363621028.5,512632.5,65316641.0,14431535000.0,13621828154.0,14.431535,13.621828154,693.6545,416317440.0,397.03125,4.611352443695068,346.77603578567505
738,R5,OBLIQUE-GRADUAL-MILD,18,97ed2cb2a284e640,CHAMPION-RESEED,0.27625,65312520.0,32.0,1355569.0,4153376.0,366016481.0,527162.0,65312552.0,15223474500.0,14051080874.5,15.2234745,14.0510808745,677.7845,492634112.0,469.8125,3.960968017578125,349.0605173110962
738,R5,OBLIQUE-GRADUAL-MILD,18,97ed2cb2a284e640,PERSIST,0.27675,65312520.0,0.0,1348024.5,4113549.5,332011228.0,552204.0,65312520.0,15210727500.0,13944450469.5,15.2107275,13.9444504695,674.01225,485693440.0,463.193359375,3.9229865074157715,316.6305809020996
738,R5,OBLIQUE-GRADUAL-MILD,18,97ed2cb2a284e640,POPULATION-RESEED,0.278,65312520.0,5159.0,1307241.5,5147655.5,418073156.5,585188.5,65317679.0,16339674500.0,15029429755.0,16.3396745,15.029429755,653.62075,497025024.0,474.0,4.909186840057373,398.7056317329407
739,R5,OBLIQUE-GRADUAL-MILD,19,30e862ce73ddc7df,CHAMPION-RESEED,0.25849999999999995,65312520.0,41.0,1367038.5,5419222.0,404271113.0,577213.0,65312561.0,16340636500.0,15027824656.0,16.3406365,15.027824656,683.51925,472193024.0,450.318359375,5.168172836303711,385.54297733306885
739,R5,OBLIQUE-GRADUAL-MILD,19,30e862ce73ddc7df,PERSIST,0.254,65312519.0,0.0,1471895.0,4671413.5,281141220.5,467101.0,65312519.0,14769522500.0,13555934448.5,14.7695225,13.5559344485,735.9475,459921408.0,438.615234375,4.455007076263428,268.1171612739563
739,R5,OBLIQUE-GRADUAL-MILD,19,30e862ce73ddc7df,POPULATION-RESEED,0.26349999999999996,65312520.0,6007.0,5447162.5,5379051.5,350040111.5,490241.5,65318527.0,15184257500.0,13926856272.0,15.1842575,13.926856272,2723.58125,475512832.0,453.484375,5.129863262176514,333.82426404953003
740,R5,OBLIQUE-GRADUAL-MILD,20,39483052031d299f,CHAMPION-RESEED,0.278,65312520.0,26.0,1276756.0,3552414.0,324254945.0,473344.0,65312546.0,13736849500.0,12879384254.0,13.7368495,12.879384254,638.378,430571520.0,410.625,3.387845993041992,309.2336130142212
740,R5,OBLIQUE-GRADUAL-MILD,20,39483052031d299f,PERSIST,0.276,65312520.0,0.0,1314892.0,3427755.0,270437738.5,446007.0,65312520.0,13441446500.0,12521157908.0,13.4414465,12.521157908,657.446,409761792.0,390.779296875,3.2689619064331055,257.9095253944397
740,R5,OBLIQUE-GRADUAL-MILD,20,39483052031d299f,POPULATION-RESEED,0.27875,65312520.0,3745.0,1233942.5,4149808.0,316173430.0,449712.0,65316265.0,13119360500.0,12410562794.0,13.1193605,12.410562794,616.97125,435466240.0,415.29296875,3.9575653076171875,301.52647972106934
741,R5,OBLIQUE-GRADUAL-MILD,21,2c0ff4239b37f429,CHAMPION-RESEED,0.27275,65312520.0,27.0,1305238.0,3942044.5,343066492.0,498391.5,65312547.0,14454512000.0,13514294484.5,14.454512,13.5142944845,652.619,441493504.0,421.041015625,3.7594265937805176,327.17370223999023
741,R5,OBLIQUE-GRADUAL-MILD,21,2c0ff4239b37f429,PERSIST,0.26649999999999996,65312520.0,0.0,1311946.5,4010203.0,308440229.0,508364.0,65312520.0,14241861000.0,13277130078.0,14.241861,13.277130078,655.97325,434638848.0,414.50390625,3.824427604675293,294.1515245437622
741,R5,OBLIQUE-GRADUAL-MILD,21,2c0ff4239b37f429,POPULATION-RESEED,0.26649999999999996,65312520.0,4352.0,1250125.5,4183801.5,356573717.0,504048.5,65316872.0,14966558000.0,13965649780.0,14.966558,13.96564978,625.06275,443600896.0,423.05078125,3.9899840354919434,340.05519580841064
742,R5,OBLIQUE-GRADUAL-MILD,22,73681c315c4421e4,CHAMPION-RESEED,0.27949999999999997,65312520.0,33.0,1305413.0,4850405.0,403168266.5,578509.5,65312553.0,16011437500.0,15127171782.0,16.0114375,15.127171782,652.7065,467763200.0,446.09375,4.625706672668457,384.4912209510803
742,R5,OBLIQUE-GRADUAL-MILD,22,73681c315c4421e4,PERSIST,0.27875,65312520.0,0.0,1402529.0,4083011.0,325548938.5,536669.0,65312520.0,15051474500.0,14195079968.5,15.0514745,14.1950799685,701.2645,447903744.0,427.154296875,3.893862724304199,310.4676613807678
742,R5,OBLIQUE-GRADUAL-MILD,22,73681c315c4421e4,POPULATION-RESEED,0.27449999999999997,65312520.0,5483.0,1446224.0,4901332.0,400560769.5,561059.0,65318003.0,16903342000.0,16059318833.0,16.903342,16.059318833,723.112,492775424.0,469.947265625,4.674274444580078,382.004518032074
743,R5,OBLIQUE-GRADUAL-MILD,23,b4f39575c3c75cb9,CHAMPION-RESEED,0.293,65312520.0,25.0,1324040.5,3226341.0,279505233.0,409040.5,65312545.0,12905339000.0,12000354763.0,12.905339,12.000354763,662.02025,448593920.0,427.8125,3.076878547668457,266.55696201324463
743,R5,OBLIQUE-GRADUAL-MILD,23,b4f39575c3c75cb9,PERSIST,0.28325,65312520.0,0.0,1366973.0,3769720.5,306004090.0,507369.5,65312520.0,14136802000.0,13008336723.0,14.136802,13.008336723,683.4865,443695104.0,423.140625,3.595085620880127,291.8282413482666
743,R5,OBLIQUE-GRADUAL-MILD,23,b4f39575c3c75cb9,POPULATION-RESEED,0.2835,65312520.0,4300.0,1341195.5,4600946.0,341094031.0,480999.5,65316820.0,14604035000.0,13545717644.5,14.604035,13.5457176445,670.59775,468174848.0,446.486328125,4.38780403137207,325.29261684417725
744,R5,OBLIQUE-GRADUAL-MILD,24,be6fec84d9dedd88,CHAMPION-RESEED,0.2625,65312520.0,30.0,6243879.0,4221532.5,353539350.5,510602.0,65312550.0,14511785000.0,13414243338.0,14.511785,13.414243338,3121.9395,443363328.0,422.82421875,4.025967121124268,337.1613984107971
744,R5,OBLIQUE-GRADUAL-MILD,24,be6fec84d9dedd88,PERSIST,0.26375,65312520.0,0.0,1292653.5,3731013.0,304743096.5,505366.5,65312520.0,14205952500.0,13086232427.5,14.2059525,13.0862324275,646.32675,435730432.0,415.544921875,3.558171272277832,290.6256642341614
744,R5,OBLIQUE-GRADUAL-MILD,24,be6fec84d9dedd88,POPULATION-RESEED,0.25875000000000004,65312520.0,4369.0,1326275.0,4691063.5,369386152.5,519183.5,65316889.0,15125678000.0,13963809001.5,15.125678,13.9638090015,663.1375,452493312.0,431.53125,4.4737467765808105,352.2740864753723
745,R5,OBLIQUE-GRADUAL-MILD,25,1f6bf0285564a6d3,CHAMPION-RESEED,0.28,65312520.0,29.0,1214288.5,3898963.5,348000579.5,504728.0,65312549.0,13711669000.0,13001953058.5,13.711669,13.0019530585,607.14425,430587904.0,410.640625,3.71834135055542,331.87921476364136
745,R5,OBLIQUE-GRADUAL-MILD,25,1f6bf0285564a6d3,PERSIST,0.27649999999999997,65312520.0,0.0,3871803.5,3614908.5,289636635.0,480559.0,65312520.0,13281649000.0,12509756015.0,13.281649,12.509756015,1935.90175,417314816.0,397.982421875,3.4474453926086426,276.21901988983154
745,R5,OBLIQUE-GRADUAL-MILD,25,1f6bf0285564a6d3,POPULATION-RESEED,0.2815,65312520.0,4540.0,1196574.5,4458174.5,339999469.5,480038.5,65317060.0,13770088500.0,12995040065.0,13.7700885,12.995040065,598.28725,433502208.0,413.419921875,4.251646518707275,324.24876165390015
746,R5,OBLIQUE-GRADUAL-MILD,26,6b6d8da90183259f,CHAMPION-RESEED,0.255,65312520.0,32.0,1305819.0,4738561.0,388281528.0,559718.0,65312552.0,15360995000.0,14331628946.0,15.360995,14.331628946,652.9095,485908480.0,463.3984375,4.519043922424316,370.2941207885742
746,R5,OBLIQUE-GRADUAL-MILD,26,6b6d8da90183259f,PERSIST,0.26049999999999995,65312520.0,0.0,1301641.5,4001377.0,296083732.5,491355.0,65312520.0,14466565500.0,13398626005.5,14.4665655,13.3986260055,650.82075,441100288.0,420.666015625,3.8160104751586914,282.3674511909485
746,R5,OBLIQUE-GRADUAL-MILD,26,6b6d8da90183259f,POPULATION-RESEED,0.25925,65312520.0,4590.0,1173807.5,4385500.5,350132364.5,492967.0,65317110.0,14118395500.0,13185003204.5,14.1183955,13.1850032045,586.90375,487014400.0,464.453125,4.182339191436768,333.91224336624146
747,R5,OBLIQUE-GRADUAL-MILD,27,d624ea84196b5e6b,CHAMPION-RESEED,0.27625,65312520.0,34.0,1274901.5,4702520.0,406441758.0,582720.0,65312554.0,15738611000.0,14648225218.0,15.738611,14.648225218,637.45075,540461056.0,515.423828125,4.484672546386719,387.6130657196045
747,R5,OBLIQUE-GRADUAL-MILD,27,d624ea84196b5e6b,PERSIST,0.27325,65312520.0,0.0,1450662.0,4064478.5,346031404.5,575604.5,65312520.0,15881666000.0,14685815806.0,15.881666,14.685815806,725.331,518342656.0,494.330078125,3.8761887550354004,330.0012631416321
747,R5,OBLIQUE-GRADUAL-MILD,27,d624ea84196b5e6b,POPULATION-RESEED,0.26925,65312520.0,5201.0,1339560.5,5048122.5,415371039.5,580060.0,65317721.0,15902443000.0,14834862270.5,15.902443,14.8348622705,669.78025,599173120.0,571.416015625,4.81426477432251,396.12869215011597
748,R5,OBLIQUE-GRADUAL-MILD,28,f302b8b3bd3c6ea9,CHAMPION-RESEED,0.27249999999999996,65312520.0,28.0,1288674.0,3612678.5,320198774.5,465155.0,65312548.0,13604112000.0,12942142773.5,13.604112,12.9421427735,644.337,423565312.0,403.943359375,3.4453186988830566,305.3653473854065
748,R5,OBLIQUE-GRADUAL-MILD,28,f302b8b3bd3c6ea9,PERSIST,0.26275000000000004,65312520.0,0.0,1294742.0,3481439.0,294265907.5,489381.5,65312520.0,13567308500.0,12627308282.5,13.5673085,12.6273082825,647.371,413724672.0,394.55859375,3.3201589584350586,280.6338381767273
748,R5,OBLIQUE-GRADUAL-MILD,28,f302b8b3bd3c6ea9,POPULATION-RESEED,0.26949999999999996,65312520.0,4495.0,1209302.0,4275628.5,351262823.5,493724.5,65317015.0,14461391000.0,13675170769.5,14.461391,13.6751707695,604.651,433080320.0,413.017578125,4.07755708694458,334.99033308029175
749,R5,OBLIQUE-GRADUAL-MILD,29,981d3cd765880433,CHAMPION-RESEED,0.27125,65312520.0,35.0,1344585.5,4207364.5,363353581.5,525688.5,65312555.0,14488036500.0,13715613317.5,14.4880365,13.7156133175,672.29275,434137088.0,414.025390625,4.012455463409424,346.52097845077515
749,R5,OBLIQUE-GRADUAL-MILD,29,981d3cd765880433,PERSIST,0.2645,65312520.0,0.0,1458292.5,4343014.0,326243499.0,537529.5,65312520.0,14837517500.0,13973838174.5,14.8375175,13.9738381745,729.14625,426401792.0,406.6484375,4.141820907592773,311.1300458908081
749,R5,OBLIQUE-GRADUAL-MILD,29,981d3cd765880433,POPULATION-RESEED,0.26075000000000004,65312520.0,4411.0,1282828.0,4545371.5,372271231.5,524932.0,65316931.0,14525454000.0,13662494294.0,14.525454,13.662494294,641.414,446689280.0,425.99609375,4.334804058074951,355.02551221847534
750,R5,OBLIQUE-GRADUAL-MILD,30,bca5ba4baf8b25bd,CHAMPION-RESEED,0.27025,65312520.0,33.0,1197295.0,4002555.5,362864998.0,524445.5,65312553.0,14216801500.0,13473175523.0,14.2168015,13.473175523,598.6475,452358144.0,431.40234375,3.817134380340576,346.0550289154053
750,R5,OBLIQUE-GRADUAL-MILD,30,bca5ba4baf8b25bd,PERSIST,0.26349999999999996,65312520.0,0.0,1435089.0,3973459.5,318080654.5,525755.5,65312520.0,14393466500.0,13547782866.5,14.3934665,13.5477828665,717.5445,440365056.0,419.96484375,3.78938627243042,303.3453507423401
750,R5,OBLIQUE-GRADUAL-MILD,30,bca5ba4baf8b25bd,POPULATION-RESEED,0.26875,65312520.0,4761.0,1251629.0,5187659.0,408843392.0,571798.5,65317281.0,15473822500.0,14525298529.5,15.4738225,14.5252985295,625.8145,464453632.0,442.9375,4.9473371505737305,389.9034423828125
751,R5,OBLIQUE-GRADUAL-MILD,31,c8e8307504a1069c,CHAMPION-RESEED,0.28425,65312520.0,25.0,1321848.0,3789707.5,293484800.0,429456.0,65312545.0,12986689000.0,12349753799.0,12.986689,12.349753799,660.924,411887616.0,392.806640625,3.6141467094421387,279.888916015625
751,R5,OBLIQUE-GRADUAL-MILD,31,c8e8307504a1069c,PERSIST,0.28075,65312520.0,0.0,1380040.5,2828034.5,228241264.0,383507.5,65312520.0,11727731500.0,11157412992.5,11.7277315,11.1574129925,690.02025,399179776.0,380.6875,2.697023868560791,217.66783142089844
751,R5,OBLIQUE-GRADUAL-MILD,31,c8e8307504a1069c,POPULATION-RESEED,0.281,65312520.0,3656.0,1227085.5,3698354.5,310870506.5,441377.5,65316176.0,13117048000.0,12486479663.0,13.117048,12.486479663,613.54275,417513472.0,398.171875,3.5270256996154785,296.4692177772522
752,R5,OBLIQUE-GRADUAL-MILD,32,6d14adb017375bb1,CHAMPION-RESEED,0.27025,65312520.0,28.0,1364977.0,4459405.0,370188861.5,535139.0,65312548.0,14457994000.0,13647325420.0,14.457994,13.64732542,682.4885,430700544.0,410.748046875,4.252820014953613,353.03960943222046
752,R5,OBLIQUE-GRADUAL-MILD,32,6d14adb017375bb1,PERSIST,0.265,65312520.0,0.0,1383545.5,3845528.0,313087873.5,519714.0,65312520.0,14093643500.0,13312743656.5,14.0936435,13.3127436565,691.77275,422770688.0,403.185546875,3.6673812866210938,298.583863735199
752,R5,OBLIQUE-GRADUAL-MILD,32,6d14adb017375bb1,POPULATION-RESEED,0.2575,65312520.0,4781.0,1367474.5,4931964.0,385413473.5,540491.5,65317301.0,15133915000.0,14329634939.0,15.133915,14.329634939,683.73725,450160640.0,429.306640625,4.703487396240234,367.55893087387085
753,R5,OBLIQUE-GRADUAL-MILD,33,889eb729b9723d97,CHAMPION-RESEED,0.26375000000000004,65312520.0,39.0,1307419.5,6049483.0,383211702.0,549010.5,65312559.0,15590939500.0,14293153879.5,15.5909395,14.2931538795,653.70975,501135360.0,477.919921875,5.7692365646362305,365.4591579437256
753,R5,OBLIQUE-GRADUAL-MILD,33,889eb729b9723d97,PERSIST,0.2615,65312520.0,0.0,5783716.0,4658279.0,300800641.0,497612.0,65312520.0,14749774000.0,13558192003.0,14.749774,13.558192003,2891.858,493998080.0,471.11328125,4.44248104095459,286.8658456802368
753,R5,OBLIQUE-GRADUAL-MILD,33,889eb729b9723d97,POPULATION-RESEED,0.26825,65312519.5,6015.0,1279763.0,5389175.0,419402205.5,584037.5,65318534.5,16503041500.0,15104627398.5,16.5030415,15.1046273985,639.8815,540628992.0,515.583984375,5.139517784118652,399.9731116294861
754,R5,OBLIQUE-GRADUAL-MILD,34,4d2199bfa2fa176e,CHAMPION-RESEED,0.27949999999999997,65312520.0,29.0,1358153.5,4252660.0,358843583.0,520991.5,65312549.0,15194747500.0,14328202782.5,15.1947475,14.3282027825,679.07675,455987200.0,434.86328125,4.055652618408203,342.21990871429443
754,R5,OBLIQUE-GRADUAL-MILD,34,4d2199bfa2fa176e,PERSIST,0.28525,65312520.0,0.0,1405749.5,3749440.0,278758002.0,462857.0,65312520.0,13546091500.0,12756900086.0,13.5460915,12.756900086,702.87475,450260992.0,429.40234375,3.57574462890625,265.84434700012207
754,R5,OBLIQUE-GRADUAL-MILD,34,4d2199bfa2fa176e,POPULATION-RESEED,0.27549999999999997,65312520.0,4153.0,1332272.5,4740252.5,349775569.0,495679.0,65316673.0,14891214500.0,14093800250.5,14.8912145,14.0938002505,666.13625,466268160.0,444.66796875,4.520657062530518,333.57197666168213
755,R5,OBLIQUE-GRADUAL-MILD,35,f4bc93c61fd497b8,CHAMPION-RESEED,0.28049999999999997,65312520.0,23.0,1287297.0,2986301.5,252067593.5,372963.5,65312543.0,11834953500.0,11157552509.0,11.8349535,11.157552509,643.6485,401276928.0,382.6875,2.847959041595459,240.390389919281
755,R5,OBLIQUE-GRADUAL-MILD,35,f4bc93c61fd497b8,PERSIST,0.28775,65312520.0,0.0,1294301.5,2486503.0,193929097.5,327291.0,65312520.0,11057774500.0,10385215929.0,11.0577745,10.385215929,647.15075,390332416.0,372.25,2.37131404876709,184.9451994895935
755,R5,OBLIQUE-GRADUAL-MILD,35,f4bc93c61fd497b8,POPULATION-RESEED,0.29675,65312520.0,3093.0,1157355.5,3527773.0,261629776.5,377600.0,65315613.0,12042408500.0,11413976111.0,12.0424085,11.413976111,578.67775,407822336.0,388.9296875,3.364346504211426,249.50959825515747
756,R5,OBLIQUE-GRADUAL-MILD,36,99fe32c195e1dc85,CHAMPION-RESEED,0.2595,65312520.0,33.0,1471842.5,4743513.5,391306333.0,561661.5,65312553.0,15940343000.0,14695221386.0,15.940343,14.695221386,735.92125,521064448.0,496.92578125,4.523766994476318,373.1787996292114
756,R5,OBLIQUE-GRADUAL-MILD,36,99fe32c195e1dc85,PERSIST,0.26275000000000004,65312520.0,0.0,1418651.0,3877901.0,317231587.5,527468.0,65312520.0,15048676500.0,13822551283.5,15.0486765,13.8225512835,709.3255,495054848.0,472.12109375,3.6982545852661133,302.535617351532
756,R5,OBLIQUE-GRADUAL-MILD,36,99fe32c195e1dc85,POPULATION-RESEED,0.25675000000000003,65312520.0,5126.0,1430504.5,4961650.0,392044416.5,549572.0,65317646.0,15531967500.0,14446144262.0,15.5319675,14.446144262,715.25225,535631872.0,510.818359375,4.73179817199707,373.88269090652466
757,R5,OBLIQUE-GRADUAL-MILD,37,0f97847a043678de,CHAMPION-RESEED,0.29425,65312520.0,40.0,1303858.0,4919055.5,433445869.5,620450.0,65312560.0,16822396500.0,15864447739.5,16.8223965,15.8644477395,651.929,483186688.0,460.802734375,4.691176891326904,413.36619329452515
757,R5,OBLIQUE-GRADUAL-MILD,37,0f97847a043678de,PERSIST,0.28825,65312520.0,0.0,1502949.5,4337404.0,375614689.5,619701.0,65312520.0,16315044500.0,15341448161.0,16.3150445,15.341448161,751.47475,474322944.0,452.349609375,4.136470794677734,358.21408224105835
757,R5,OBLIQUE-GRADUAL-MILD,37,0f97847a043678de,POPULATION-RESEED,0.28825,65312520.0,5792.0,1302868.0,4629725.5,446618756.5,623449.5,65318312.0,16385444000.0,15418701998.0,16.385444,15.418701998,651.434,483186688.0,460.802734375,4.415250301361084,425.9288372993469
758,R5,OBLIQUE-GRADUAL-MILD,38,84d1cf366ee548c2,CHAMPION-RESEED,0.26849999999999996,65312520.0,29.0,1307668.0,4049845.5,346047423.0,502759.0,65312549.0,14083920000.0,13364112298.0,14.08392,13.364112298,653.834,506978304.0,483.4921875,3.8622336387634277,330.01653957366943
758,R5,OBLIQUE-GRADUAL-MILD,38,84d1cf366ee548c2,PERSIST,0.267,65312520.0,0.0,1346211.0,4214281.0,309693304.5,513430.5,65312520.0,14639876500.0,13770349205.0,14.6398765,13.770349205,673.1055,493780992.0,470.90625,4.019051551818848,295.3465504646301
758,R5,OBLIQUE-GRADUAL-MILD,38,84d1cf366ee548c2,POPULATION-RESEED,0.2615,65312520.0,4208.0,1215896.0,5092701.0,367749480.0,521317.0,65316728.0,14377223000.0,13640901700.5,14.377223,13.6409017005,607.948,532117504.0,507.466796875,4.856778144836426,350.7132339477539
759,R5,OBLIQUE-GRADUAL-MILD,39,22de52c2a7cefbaf,CHAMPION-RESEED,0.28725,65312520.0,37.0,1307664.0,4307506.5,385840869.5,556214.5,65312557.0,15208081500.0,14141644882.5,15.2080815,14.1416448825,653.832,457191424.0,436.01171875,4.1079583168029785,367.9665274620056
759,R5,OBLIQUE-GRADUAL-MILD,39,22de52c2a7cefbaf,PERSIST,0.2825,65312520.0,0.0,1351762.0,3799140.5,301996411.5,499287.0,65312520.0,14731548500.0,13700919277.0,14.7315485,13.700919277,675.881,443922432.0,423.357421875,3.623142719268799,288.0062212944031
759,R5,OBLIQUE-GRADUAL-MILD,39,22de52c2a7cefbaf,POPULATION-RESEED,0.28200000000000003,65312520.0,4999.0,1289554.5,4576004.0,366261576.5,515867.0,65317519.0,14412761500.0,13506438500.0,14.4127615,13.5064385,644.77725,465252352.0,443.69921875,4.364017486572266,349.29425859451294
760,R5,OBLIQUE-GRADUAL-MILD,40,44e71be8c875f460,CHAMPION-RESEED,0.28775,65312520.0,29.0,5561647.0,3535062.0,341500080.0,495310.0,65312549.0,14287463000.0,13390772468.0,14.287463,13.390772468,2780.8235,467107840.0,445.46875,3.371297836303711,325.6798553466797
760,R5,OBLIQUE-GRADUAL-MILD,40,44e71be8c875f460,PERSIST,0.27249999999999996,65312520.0,0.0,1427509.0,4040507.5,319221897.0,526304.5,65312520.0,15400242000.0,14378242711.5,15.400242,14.3782427115,713.7545,443963392.0,423.396484375,3.853328227996826,304.43372440338135
760,R5,OBLIQUE-GRADUAL-MILD,40,44e71be8c875f460,POPULATION-RESEED,0.27525,65312520.0,4706.0,1275111.0,4270384.5,377970861.0,532813.0,65317226.0,15146278000.0,14200308026.0,15.146278,14.200308026,637.5555,478754816.0,456.576171875,4.072556018829346,360.46110248565674
761,R5,OBLIQUE-GRADUAL-MILD,41,2c6884979d2de803,CHAMPION-RESEED,0.28049999999999997,65312520.0,28.0,1245516.0,4102429.5,358129960.5,518864.0,65312548.0,14974098000.0,13877973829.0,14.974098,13.877973829,622.758,450631680.0,429.755859375,3.912381649017334,341.5393452644348
761,R5,OBLIQUE-GRADUAL-MILD,41,2c6884979d2de803,PERSIST,0.264,65312520.0,0.0,1301968.5,3919294.5,290726665.5,481923.5,65312520.0,14343762000.0,13196753870.5,14.343762,13.1967538705,650.98425,430346240.0,410.41015625,3.7377305030822754,277.258553981781
761,R5,OBLIQUE-GRADUAL-MILD,41,2c6884979d2de803,POPULATION-RESEED,0.26125,65312520.0,4414.0,5744131.0,4497012.0,354150082.0,498703.0,65316934.0,15509665500.0,14384642937.5,15.5096655,14.3846429375,2872.0655,453197824.0,432.203125,4.288684844970703,337.7438373565674
762,R5,OBLIQUE-GRADUAL-MILD,42,2090a34fb4867a9f,CHAMPION-RESEED,0.27225,65312520.0,43.0,1293331.5,5322318.0,461756347.5,658674.0,65312563.0,18294600500.0,16822786556.0,18.2946005,16.822786556,646.66575,569880576.0,543.48046875,5.07575798034668,440.3651690483093
762,R5,OBLIQUE-GRADUAL-MILD,42,2090a34fb4867a9f,PERSIST,0.268,65312520.0,0.0,1346601.0,5726237.5,419029822.0,688968.0,65312520.0,18364047000.0,16773178966.0,18.364047,16.773178966,673.3005,495491072.0,472.537109375,5.460965633392334,399.6179790496826
762,R5,OBLIQUE-GRADUAL-MILD,42,2090a34fb4867a9f,POPULATION-RESEED,0.26875,65312520.0,5833.0,1346597.0,5746671.0,492400331.0,685415.5,65318353.0,18940186000.0,17443741564.5,18.940186,17.4437415645,673.2985,577163264.0,550.42578125,5.480452537536621,469.58954906463623
763,R5,OBLIQUE-GRADUAL-MILD,43,da42d92d9ab4dabf,CHAMPION-RESEED,0.27475,65312520.0,25.0,1305278.5,3117070.5,285556716.0,417865.0,65312545.0,13147213500.0,12380257830.0,13.1472135,12.38025783,652.63925,445372416.0,424.740234375,2.972670078277588,272.3281059265137
763,R5,OBLIQUE-GRADUAL-MILD,43,da42d92d9ab4dabf,PERSIST,0.27175,65312520.0,0.0,5422840.5,3039230.5,237198390.5,398293.5,65312520.0,12717932500.0,11848170482.5,12.7179325,11.8481704825,2711.42025,433145856.0,413.080078125,2.8984360694885254,226.21001291275024
763,R5,OBLIQUE-GRADUAL-MILD,43,da42d92d9ab4dabf,POPULATION-RESEED,0.27725,65312520.0,3670.0,1408291.5,3632480.5,297050906.5,422681.0,65316190.0,12879777500.0,12191729700.0,12.8797775,12.1917297,704.14575,457709568.0,436.505859375,3.464203357696533,283.2898201942444
764,R5,OBLIQUE-GRADUAL-MILD,44,562778400cbd6781,CHAMPION-RESEED,0.27625,65312520.0,45.0,1334488.0,5408112.5,478115191.0,682033.0,65312565.0,17956274500.0,16449248314.0,17.9562745,16.449248314,667.244,513591296.0,489.798828125,5.157577991485596,455.96617794036865
764,R5,OBLIQUE-GRADUAL-MILD,44,562778400cbd6781,PERSIST,0.27225,65312520.0,0.0,1413138.0,5002520.5,399398977.0,654333.0,65312520.0,17425596000.0,15949657182.0,17.425596,15.949657182,706.569,499828736.0,476.673828125,4.770775318145752,380.89654636383057
764,R5,OBLIQUE-GRADUAL-MILD,44,562778400cbd6781,POPULATION-RESEED,0.26775000000000004,65312520.0,6276.0,1272433.0,5692572.5,481030820.0,667596.5,65318796.0,17863830000.0,16393599638.5,17.86383,16.3935996385,636.2165,572266496.0,545.755859375,5.428860187530518,458.7467384338379
765,R5,OBLIQUE-GRADUAL-MILD,45,99f2a5b79a76d5c7,CHAMPION-RESEED,0.26175000000000004,65312520.0,30.0,1391687.0,3939257.0,344992609.0,498401.5,65312550.0,14659920000.0,13635751600.0,14.65992,13.6357516,695.8435,450895872.0,430.0078125,3.756768226623535,329.0105905532837
765,R5,OBLIQUE-GRADUAL-MILD,45,99f2a5b79a76d5c7,PERSIST,0.26575000000000004,65312520.0,0.0,1417941.0,3998185.5,312424682.5,517847.5,65312520.0,15005445000.0,13744813360.0,15.005445,13.74481336,708.9705,433301504.0,413.228515625,3.812966823577881,297.9513955116272
765,R5,OBLIQUE-GRADUAL-MILD,45,99f2a5b79a76d5c7,POPULATION-RESEED,0.27025,65312520.0,4855.0,1310532.5,4275287.0,367196484.0,516586.0,65317375.0,15153585000.0,13976256953.0,15.153585,13.976256953,655.26625,461901824.0,440.50390625,4.077231407165527,350.1858558654785
766,R5,OBLIQUE-GRADUAL-MILD,46,08aa169cf440368d,CHAMPION-RESEED,0.27825,65312520.0,33.0,1347948.0,4300828.5,370668422.0,534785.0,65312553.0,15169200000.0,14002351491.0,15.1692,14.002351491,673.974,457000960.0,435.830078125,4.101589679718018,353.4969539642334
766,R5,OBLIQUE-GRADUAL-MILD,46,08aa169cf440368d,PERSIST,0.27849999999999997,65312520.0,0.0,1331636.5,3761882.0,341270189.5,565350.5,65312520.0,15551916500.0,14326263938.5,15.5519165,14.3262639385,665.81825,446113792.0,425.447265625,3.5876102447509766,325.4606146812439
766,R5,OBLIQUE-GRADUAL-MILD,46,08aa169cf440368d,POPULATION-RESEED,0.27849999999999997,65312520.0,5221.0,1340866.5,5083417.0,424744888.0,592889.5,65317741.0,16386549500.0,15065004603.5,16.3865495,15.0650046035,670.43325,465960960.0,444.375,4.84792423248291,405.0682907104492
767,R5,OBLIQUE-GRADUAL-MILD,47,49cc06fec7c1bc84,CHAMPION-RESEED,0.29325,65312520.0,33.0,1211140.0,3824455.5,338471319.5,491900.5,65312553.0,14009884000.0,12976180863.5,14.009884,12.9761808635,605.57,486766592.0,464.216796875,3.647284984588623,322.79140424728394
767,R5,OBLIQUE-GRADUAL-MILD,47,49cc06fec7c1bc84,PERSIST,0.28425,65312520.0,0.0,1290261.5,4086722.0,317330891.5,521193.5,65312520.0,14902139500.0,13667781958.5,14.9021395,13.6677819585,645.13075,464721920.0,443.193359375,3.897401809692383,302.6303210258484
767,R5,OBLIQUE-GRADUAL-MILD,47,49cc06fec7c1bc84,POPULATION-RESEED,0.28600000000000003,65312520.0,4710.0,1183867.5,4987180.5,354400211.5,501296.5,65317230.0,14372673500.0,13339787199.0,14.3726735,13.339787199,591.93375,487290880.0,464.716796875,4.75614595413208,337.9823794364929
768,R5,OBLIQUE-GRADUAL-MILD,48,182ed50c22df53fa,CHAMPION-RESEED,0.29000000000000004,65312520.0,38.0,1410524.5,4890410.5,437466654.0,626832.5,65312558.0,17001870500.0,15613364877.5,17.0018705,15.6133648775,705.26225,549783552.0,524.314453125,4.663858890533447,417.2007122039795
768,R5,OBLIQUE-GRADUAL-MILD,48,182ed50c22df53fa,PERSIST,0.28200000000000003,65312520.0,0.0,1532111.0,4814685.0,384623696.5,631975.0,65312520.0,17731010000.0,16204374234.5,17.73101,16.2043742345,766.0555,528809984.0,504.3125,4.591641426086426,366.80574083328247
768,R5,OBLIQUE-GRADUAL-MILD,48,182ed50c22df53fa,POPULATION-RESEED,0.27725,65312520.0,5220.0,1320218.0,5361349.5,440974676.0,615810.5,65317740.0,16889618000.0,15554156317.5,16.889618,15.5541563175,660.109,618369024.0,589.72265625,5.11298131942749,420.5462226867676
769,R5,OBLIQUE-GRADUAL-MILD,49,6806c62816b39914,CHAMPION-RESEED,0.29625,65312520.0,30.0,1413121.0,3734648.0,318286134.5,464528.0,65312550.0,13292180500.0,12645040217.5,13.2921805,12.6450402175,706.5605,419817472.0,400.369140625,3.5616378784179688,303.54131174087524
769,R5,OBLIQUE-GRADUAL-MILD,49,6806c62816b39914,PERSIST,0.28725,65312520.0,0.0,1284194.0,4195925.0,300355715.5,495245.0,65312520.0,13754316000.0,12927998295.5,13.754316,12.9279982955,642.097,406089728.0,387.27734375,4.0015459060668945,286.4415316581726
769,R5,OBLIQUE-GRADUAL-MILD,49,6806c62816b39914,POPULATION-RESEED,0.28800000000000003,65312520.0,4061.0,1269568.5,3809526.0,323864540.5,460444.0,65316581.0,13437933500.0,12749119385.0,13.4379335,12.749119385,634.78425,430858240.0,410.8984375,3.633047103881836,308.86129426956177
770,R5,OBLIQUE-GRADUAL-MILD,50,67b4003ba2f8b8db,CHAMPION-RESEED,0.27475,65312520.0,31.0,1509332.0,3992922.0,367169280.0,530000.5,65312551.0,14796366500.0,13962128886.5,14.7963665,13.9621288865,754.666,455819264.0,434.703125,3.8079471588134766,350.159912109375
770,R5,OBLIQUE-GRADUAL-MILD,50,67b4003ba2f8b8db,PERSIST,0.272,65312520.0,0.0,1372959.5,3973445.5,329263380.0,546182.0,65312520.0,14997116000.0,14029251123.0,14.997116,14.029251123,686.47975,442368000.0,421.875,3.7893729209899902,314.0100288391113
770,R5,OBLIQUE-GRADUAL-MILD,50,67b4003ba2f8b8db,POPULATION-RESEED,0.27425,65312520.0,5242.0,1323843.0,4268538.5,372738014.0,524798.0,65317762.0,14778773000.0,13931258038.5,14.778773,13.9312580385,661.9215,457420800.0,436.23046875,4.07079553604126,355.47067070007324
771,R5,OBLIQUE-GRADUAL-MILD,51,20ad4c5e28c3bdd3,CHAMPION-RESEED,0.294,65312520.0,31.0,1339626.5,4274784.5,359823388.5,519247.5,65312551.0,14163987000.0,13404889537.5,14.163987,13.4048895375,669.81325,429647872.0,409.744140625,4.076752185821533,343.154324054718
771,R5,OBLIQUE-GRADUAL-MILD,51,20ad4c5e28c3bdd3,PERSIST,0.28600000000000003,65312520.0,0.0,1347479.5,3667280.5,300318797.5,500295.0,65312520.0,14089118000.0,13242155556.0,14.089118,13.242155556,673.73975,422621184.0,403.04296875,3.4973912239074707,286.4063239097595
771,R5,OBLIQUE-GRADUAL-MILD,51,20ad4c5e28c3bdd3,POPULATION-RESEED,0.28975,65312520.0,4422.0,1338296.5,5086848.0,399672903.5,558727.5,65316942.0,15372530000.0,14526443711.0,15.37253,14.526443711,669.14825,454721536.0,433.65625,4.8511962890625,381.1577830314636
772,R5,OBLIQUE-GRADUAL-MILD,52,b0032c1769e5f50b,CHAMPION-RESEED,0.27025,65312520.0,33.0,1328454.5,4430225.5,388659809.0,560076.0,65312553.0,15579605500.0,14558368583.0,15.5796055,14.558368583,664.22725,507895808.0,484.3671875,4.224992275238037,370.6548776626587
772,R5,OBLIQUE-GRADUAL-MILD,52,b0032c1769e5f50b,PERSIST,0.27,65312520.0,0.0,1284476.0,4482981.0,340508300.0,560660.5,65312520.0,15258331500.0,14172142199.5,15.2583315,14.1721421995,642.238,489289728.0,466.623046875,4.275303840637207,324.7340202331543
772,R5,OBLIQUE-GRADUAL-MILD,52,b0032c1769e5f50b,POPULATION-RESEED,0.27275000000000005,65312520.0,5177.0,1197821.5,5107787.0,403497798.0,565818.0,65317697.0,15837143500.0,14789317475.5,15.8371435,14.7893174755,598.91075,560279552.0,534.32421875,4.8711652755737305,384.80548667907715
773,R5,OBLIQUE-GRADUAL-MILD,53,570695b1048428d8,CHAMPION-RESEED,0.27725,65312520.0,38.0,1301493.5,5222368.0,434394223.5,622369.5,65312558.0,16076312500.0,15102672492.0,16.0763125,15.102672492,650.74675,461621248.0,440.236328125,4.980438232421875,414.2706141471863
773,R5,OBLIQUE-GRADUAL-MILD,53,570695b1048428d8,PERSIST,0.27625,65312520.0,0.0,1261479.0,5062908.5,377991735.0,621241.0,65312520.0,16313207500.0,15285324934.5,16.3132075,15.2853249345,630.7395,452759552.0,431.78515625,4.828365802764893,360.4810094833374
773,R5,OBLIQUE-GRADUAL-MILD,53,570695b1048428d8,POPULATION-RESEED,0.27175000000000005,65312520.0,5723.0,1299454.0,5439139.0,436359192.5,609496.5,65318243.0,16114960500.0,15182681088.5,16.1149605,15.1826810885,649.727,474425344.0,452.447265625,5.187167167663574,416.14455461502075
774,R5,OBLIQUE-GRADUAL-MILD,54,8ef2b53ddd49a26f,CHAMPION-RESEED,0.28200000000000003,65312520.0,31.0,1272030.0,4095988.0,354809819.5,514449.0,65312551.0,14381915000.0,13330762683.5,14.381915,13.3307626835,636.015,462145536.0,440.736328125,3.906238555908203,338.37301206588745
774,R5,OBLIQUE-GRADUAL-MILD,54,8ef2b53ddd49a26f,PERSIST,0.27725,65312520.0,0.0,1357146.0,3919104.0,310165068.0,513642.0,65312520.0,14821194500.0,13621193562.0,14.8211945,13.621193562,678.573,448808960.0,428.017578125,3.737548828125,295.79645919799805
774,R5,OBLIQUE-GRADUAL-MILD,54,8ef2b53ddd49a26f,POPULATION-RESEED,0.27449999999999997,65312520.0,4231.0,1270344.0,4512741.5,375767660.5,528856.0,65316751.0,15172118500.0,13997058188.0,15.1721185,13.997058188,635.172,462145536.0,440.736328125,4.303685665130615,358.35996675491333
775,R5,OBLIQUE-GRADUAL-MILD,55,219225d2dd6505f7,CHAMPION-RESEED,0.28425,65312520.0,25.0,1250557.0,3617564.0,292422558.5,428391.5,65312545.0,13320466500.0,12656178118.5,13.3204665,12.6561781185,625.2785,406210560.0,387.392578125,3.4499778747558594,278.87588357925415
775,R5,OBLIQUE-GRADUAL-MILD,55,219225d2dd6505f7,PERSIST,0.27849999999999997,65312520.0,0.0,1296031.0,2865301.0,228017378.5,382164.0,65312520.0,12351432500.0,11715142946.5,12.3514325,11.7151429465,648.0155,399071232.0,380.583984375,2.7325639724731445,217.45431756973267
775,R5,OBLIQUE-GRADUAL-MILD,55,219225d2dd6505f7,POPULATION-RESEED,0.277,65312520.0,3614.0,1360406.0,3458900.5,274406211.5,394398.5,65316134.0,12865635000.0,12231874928.0,12.865635,12.231874928,680.203,409765888.0,390.783203125,3.2986645698547363,261.69415616989136
776,R5,OBLIQUE-GRADUAL-MILD,56,b5716fec9e688905,CHAMPION-RESEED,0.273,65312520.0,24.0,1240309.5,4185800.5,324906193.0,474068.5,65312544.0,13563120500.0,12933790942.5,13.5631205,12.9337909425,620.15475,417169408.0,397.84375,3.9918904304504395,309.85469150543213
776,R5,OBLIQUE-GRADUAL-MILD,56,b5716fec9e688905,PERSIST,0.27575,65312520.0,0.0,1536174.0,4125288.0,304368179.0,500103.0,65312520.0,14471947500.0,13632076375.5,14.4719475,13.6320763755,768.087,409077760.0,390.126953125,3.9341812133789062,290.26811504364014
776,R5,OBLIQUE-GRADUAL-MILD,56,b5716fec9e688905,POPULATION-RESEED,0.28075,65312520.0,3845.0,1205522.0,3672619.0,315406688.0,448299.5,65316365.0,13022959000.0,12416489037.0,13.022959,12.416489037,602.761,428593152.0,408.73828125,3.5024824142456055,300.7952575683594
777,R5,OBLIQUE-GRADUAL-MILD,57,f8f5c9e4292e2d6c,CHAMPION-RESEED,0.26625,65312520.0,34.0,1435827.5,4062574.5,321624790.5,468099.5,65312554.0,14384992500.0,13567286276.0,14.3849925,13.567286276,717.91375,460759040.0,439.4140625,3.874372959136963,306.72530221939087
777,R5,OBLIQUE-GRADUAL-MILD,57,f8f5c9e4292e2d6c,PERSIST,0.26975,65312520.0,0.0,1351531.0,3337239.5,261727540.5,435637.5,65312520.0,13525568000.0,12606304915.0,13.525568,12.606304915,675.7655,440365056.0,419.96484375,3.1826395988464355,249.6028332710266
777,R5,OBLIQUE-GRADUAL-MILD,57,f8f5c9e4292e2d6c,POPULATION-RESEED,0.26975000000000005,65312520.0,4392.0,1284219.5,3894344.0,333083586.0,471664.0,65316912.0,14000643000.0,13170255620.5,14.000643,13.1702556205,642.10975,474109952.0,452.146484375,3.7139358520507812,317.6532611846924
778,R5,OBLIQUE-GRADUAL-MILD,58,b2af18dcd4c453f1,CHAMPION-RESEED,0.28675,65312520.0,35.0,1345788.0,4265540.0,388712475.0,560547.0,65312555.0,16661957000.0,15403472277.5,16.661957,15.4034722775,672.894,455557120.0,434.453125,4.067935943603516,370.70510387420654
778,R5,OBLIQUE-GRADUAL-MILD,58,b2af18dcd4c453f1,PERSIST,0.28075,65312520.0,0.0,1435972.5,4030964.5,285993450.0,473942.0,65312520.0,14554135000.0,13425695172.5,14.554135,13.4256951725,717.98625,447268864.0,426.548828125,3.8442273139953613,272.74460792541504
778,R5,OBLIQUE-GRADUAL-MILD,58,b2af18dcd4c453f1,POPULATION-RESEED,0.28,65312520.0,4885.0,1336441.5,4377529.0,341860406.0,484473.0,65317405.0,15391712500.0,14292653599.5,15.3917125,14.2926535995,668.22075,502145024.0,478.8828125,4.174736976623535,326.0234889984131
779,R5,OBLIQUE-GRADUAL-MILD,59,0a83c9da3cadbca3,CHAMPION-RESEED,0.27849999999999997,65312520.0,35.0,1288807.5,4692506.5,389726175.5,560666.0,65312555.0,14987039000.0,14227501610.5,14.987039,14.2275016105,644.40375,512382976.0,488.646484375,4.475122928619385,371.6718440055847
779,R5,OBLIQUE-GRADUAL-MILD,59,0a83c9da3cadbca3,PERSIST,0.27375,65312520.0,0.0,1364029.0,4293734.5,370118608.5,609022.0,65312520.0,16369808500.0,15260560391.0,16.3698085,15.260560391,682.0145,495069184.0,472.134765625,4.094824314117432,352.97261095046997
779,R5,OBLIQUE-GRADUAL-MILD,59,0a83c9da3cadbca3,POPULATION-RESEED,0.27125,65312520.0,5381.0,1353987.0,5821944.0,446975553.5,621578.0,65317901.0,16846484500.0,15847341543.5,16.8464845,15.8473415435,676.9935,529524736.0,504.994140625,5.552238464355469,426.2691054344177
780,R5,OBLIQUE-GRADUAL-MILD,60,3ade625e161f49e1,CHAMPION-RESEED,0.27425,65312520.0,26.0,1426540.0,3620281.5,302795650.0,441741.5,65312546.0,13774696000.0,12756417188.5,13.774696,12.7564171885,713.27,401510400.0,382.91015625,3.4525694847106934,288.76843452453613
780,R5,OBLIQUE-GRADUAL-MILD,60,3ade625e161f49e1,PERSIST,0.26949999999999996,65312520.0,0.0,1863385.0,3161475.5,252576379.5,424500.0,65312520.0,13482371000.0,12525018433.0,13.482371,12.525018433,931.6925,395864064.0,377.525390625,3.0150179862976074,240.87560606002808
780,R5,OBLIQUE-GRADUAL-MILD,60,3ade625e161f49e1,POPULATION-RESEED,0.264,65312520.0,4041.0,1320340.5,3919811.0,312243325.0,443139.5,65316561.0,13589816000.0,12635966159.0,13.589816,12.635966159,660.17025,411037696.0,391.99609375,3.738223075866699,297.77843952178955
781,R5,OBLIQUE-GRADUAL-MILD,61,21eb0abb7f11d35c,CHAMPION-RESEED,0.28225,65312520.0,33.0,1275492.5,4067099.5,347268576.0,502956.5,65312553.0,15125798500.0,14344397167.0,15.1257985,14.344397167,637.74625,431886336.0,411.87890625,3.878688335418701,331.1811218261719
781,R5,OBLIQUE-GRADUAL-MILD,61,21eb0abb7f11d35c,PERSIST,0.28400000000000003,65312520.0,0.0,1441962.5,3326418.5,290868828.5,481496.5,65312520.0,15279025000.0,14483638519.5,15.279025,14.4836385195,720.98125,418816000.0,399.4140625,3.1723198890686035,277.39413118362427
781,R5,OBLIQUE-GRADUAL-MILD,61,21eb0abb7f11d35c,POPULATION-RESEED,0.28500000000000003,65312520.0,4958.0,1371623.5,4972768.5,395088427.5,555781.5,65317478.0,15388595500.0,14540367214.5,15.3885955,14.5403672145,685.81175,439552000.0,419.189453125,4.742401599884033,376.78568601608276
782,R5,OBLIQUE-GRADUAL-MILD,62,e9a7a56a5a9bd231,CHAMPION-RESEED,0.2685,65312520.0,32.0,1551142.0,5083207.0,391801014.5,564927.5,65312552.0,16476656500.0,15417601989.5,16.4766565,15.4176019895,775.571,450666496.0,429.7890625,4.847723960876465,373.65056467056274
782,R5,OBLIQUE-GRADUAL-MILD,62,e9a7a56a5a9bd231,PERSIST,0.27475000000000005,65312520.0,0.0,1451000.5,3365526.5,269159901.0,446395.5,65312520.0,14754988000.0,13870691914.0,14.754988,13.870691914,725.50025,435892224.0,415.69921875,3.209616184234619,256.6908845901489
782,R5,OBLIQUE-GRADUAL-MILD,62,e9a7a56a5a9bd231,POPULATION-RESEED,0.27325,65312520.0,4568.0,1373451.0,4137989.5,306896140.0,438729.0,65317088.0,13575899000.0,12734312667.5,13.575899,12.7343126675,686.7255,456714240.0,435.556640625,3.9462943077087402,292.6789665222168
783,R5,OBLIQUE-GRADUAL-MILD,63,fada256647359060,CHAMPION-RESEED,0.29025,65312520.0,32.0,1422329.5,4554957.5,380409924.0,547621.0,65312552.0,15096034500.0,14241923297.0,15.0960345,14.241923297,711.16475,542062592.0,516.951171875,4.3439459800720215,362.7871742248535
783,R5,OBLIQUE-GRADUAL-MILD,63,fada256647359060,PERSIST,0.29000000000000004,65312520.0,0.0,1525285.0,4426074.5,340479177.0,561857.5,65312520.0,15607976500.0,14677975391.0,15.6079765,14.677975391,762.6425,521037824.0,496.900390625,4.221033573150635,324.7062463760376
783,R5,OBLIQUE-GRADUAL-MILD,63,fada256647359060,POPULATION-RESEED,0.28625,65312520.0,5635.0,1468898.5,4954184.5,410103794.5,573562.0,65318155.0,15664740000.0,14829148887.0,15.66474,14.829148887,734.44925,542062592.0,516.951171875,4.7246785163879395,391.10545587539673
784,R5,OBLIQUE-GRADUAL-MILD,64,b27fcc44e1e5adcc,CHAMPION-RESEED,0.2905,65312520.0,31.0,1240993.0,4175664.5,342644500.5,496525.0,65312551.0,14133370000.0,13141025544.0,14.13337,13.141025544,620.4965,430673920.0,410.72265625,3.9822239875793457,326.7712597846985
784,R5,OBLIQUE-GRADUAL-MILD,64,b27fcc44e1e5adcc,PERSIST,0.2845,65312520.0,0.0,1269528.5,3217670.5,262204815.0,434272.0,65312520.0,13074921000.0,12087825182.0,13.074921,12.087825182,634.76425,419534848.0,400.099609375,3.0686097145080566,250.05799770355225
784,R5,OBLIQUE-GRADUAL-MILD,64,b27fcc44e1e5adcc,POPULATION-RESEED,0.277,65312520.0,4245.0,1246818.5,3583265.0,316142278.5,448762.0,65316765.0,13957456500.0,12945480785.0,13.9574565,12.945480785,623.40925,439367680.0,419.013671875,3.4172677993774414,301.4967713356018
785,R5,OBLIQUE-GRADUAL-MILD,65,210965091df3214f,CHAMPION-RESEED,0.2575,65312520.0,33.0,1444369.5,3707040.0,329288275.5,477825.5,65312553.0,14368139000.0,13333764341.5,14.368139,13.3337643415,722.18475,443389952.0,422.849609375,3.535308837890625,314.0337710380554
785,R5,OBLIQUE-GRADUAL-MILD,65,210965091df3214f,PERSIST,0.2645,65312520.0,0.0,1394163.5,3392046.0,289701306.0,479210.5,65312520.0,14600567500.0,13500115523.0,14.6005675,13.500115523,697.08175,436985856.0,416.7421875,3.2349071502685547,276.28069496154785
785,R5,OBLIQUE-GRADUAL-MILD,65,210965091df3214f,POPULATION-RESEED,0.2575,65312520.0,4171.0,1293280.5,4127067.5,340095094.0,481951.0,65316691.0,14246945500.0,13154313248.5,14.2469455,13.1543132485,646.64025,444000256.0,423.431640625,3.935878276824951,324.33995628356934
786,R5,OBLIQUE-GRADUAL-MILD,66,bf2f2f4ac633b382,CHAMPION-RESEED,0.2915,65312520.0,34.0,1292018.0,4881746.0,391256022.5,564051.0,65312554.0,16023291500.0,15007315745.5,16.0232915,15.0073157455,646.009,439869440.0,419.4921875,4.655595779418945,373.13081979751587
786,R5,OBLIQUE-GRADUAL-MILD,66,bf2f2f4ac633b382,PERSIST,0.2895,65312520.0,0.0,1371642.5,4235413.5,330776761.5,545923.5,65312520.0,16433951000.0,15214283390.5,16.433951,15.2142833905,685.82125,423942144.0,404.302734375,4.039205074310303,315.4533019065857
786,R5,OBLIQUE-GRADUAL-MILD,66,bf2f2f4ac633b382,POPULATION-RESEED,0.2835,65312520.0,4790.0,1272124.0,4951304.0,385701659.5,542047.5,65317310.0,15718040500.0,14670545729.5,15.7180405,14.6705457295,636.062,447561728.0,426.828125,4.721931457519531,367.8337664604187
787,R5,OBLIQUE-GRADUAL-MILD,67,17344398fd2d044d,CHAMPION-RESEED,0.27725,65312520.0,25.0,1281797.0,3464898.0,301405916.5,441132.5,65312545.0,13781590500.0,12872772462.5,13.7815905,12.8727724625,640.8985,418461696.0,399.076171875,3.304384231567383,287.44308137893677
787,R5,OBLIQUE-GRADUAL-MILD,67,17344398fd2d044d,PERSIST,0.27725,65312520.0,0.0,1476158.5,3268356.0,265318067.0,441011.5,65312520.0,14202419500.0,13080239044.0,14.2024195,13.080239044,738.07925,408289280.0,389.375,3.1169471740722656,253.02702617645264
787,R5,OBLIQUE-GRADUAL-MILD,67,17344398fd2d044d,POPULATION-RESEED,0.285,65312520.0,4215.0,1184042.0,3390205.0,302186965.0,434044.5,65316735.0,13288879000.0,12312821707.0,13.288879,12.312821707,592.021,422692864.0,403.111328125,3.233151435852051,288.1879472732544
788,R5,OBLIQUE-GRADUAL-MILD,68,01879578d5fb0e03,CHAMPION-RESEED,0.28,65312520.0,33.0,1341867.5,4507623.0,395842631.5,568570.5,65312553.0,16244753500.0,15114344495.0,16.2447535,15.114344495,670.93375,473411584.0,451.48046875,4.29880428314209,377.5049510002136
788,R5,OBLIQUE-GRADUAL-MILD,68,01879578d5fb0e03,PERSIST,0.27175,65312520.0,0.0,1457003.0,4351442.5,352392574.5,580251.0,65312520.0,17069857500.0,15862045169.5,17.0698575,15.8620451695,728.5015,463968256.0,442.474609375,4.1498589515686035,336.067747592926
788,R5,OBLIQUE-GRADUAL-MILD,68,01879578d5fb0e03,POPULATION-RESEED,0.27249999999999996,65312520.0,5358.0,1270283.0,5050984.5,427888948.0,596520.0,65317878.0,16260724500.0,15089525641.5,16.2607245,15.0895256415,635.1415,515350528.0,491.4765625,4.8169941902160645,408.06669998168945
789,R5,OBLIQUE-GRADUAL-MILD,69,697e2ec9fe64ba0b,CHAMPION-RESEED,0.28049999999999997,65312520.0,32.0,1385473.5,4102403.5,352977931.0,509616.5,65312552.0,14887892500.0,13969908483.0,14.8878925,13.969908483,692.73675,438528000.0,418.212890625,3.9123568534851074,336.6259870529175
789,R5,OBLIQUE-GRADUAL-MILD,69,697e2ec9fe64ba0b,PERSIST,0.27749999999999997,65312520.0,0.0,1530142.0,3751807.5,287779497.0,479094.0,65312520.0,14052564500.0,13247943845.0,14.0525645,13.247943845,765.071,422420480.0,402.8515625,3.578002452850342,274.4479150772095
789,R5,OBLIQUE-GRADUAL-MILD,69,697e2ec9fe64ba0b,POPULATION-RESEED,0.27375,65312520.0,4521.0,1318262.0,4621535.5,371476548.0,521445.0,65317041.0,14986238500.0,14136576132.0,14.9862385,14.136576132,659.131,445216768.0,424.591796875,4.407439708709717,354.2676429748535
790,R5,OBLIQUE-GRADUAL-MILD,70,94d84202b3e77ab2,CHAMPION-RESEED,0.27949999999999997,65312520.0,36.0,1274524.0,4235396.5,397695968.5,570494.5,65312556.0,15545595000.0,14700401201.5,15.545595,14.7004012015,637.262,485050368.0,462.580078125,4.039188861846924,379.27243089675903
790,R5,OBLIQUE-GRADUAL-MILD,70,94d84202b3e77ab2,PERSIST,0.27875,65312520.0,0.0,1294291.5,4477276.5,356243555.0,587265.0,65312520.0,15974415000.0,14931915576.0,15.974415,14.931915576,647.14575,466339840.0,444.736328125,4.269863605499268,339.7403287887573
790,R5,OBLIQUE-GRADUAL-MILD,70,94d84202b3e77ab2,POPULATION-RESEED,0.278,65312520.0,5712.0,1185224.5,5958113.5,435541500.0,606631.5,65318232.0,16365105500.0,15369649707.5,16.3651055,15.3696497075,592.61225,489138176.0,466.478515625,5.68209981918335,415.36474227905273
791,R5,OBLIQUE-GRADUAL-MILD,71,eb7bfe7cd678a502,CHAMPION-RESEED,0.30025,65312520.0,24.0,1231357.5,4007580.0,332534137.5,486224.0,65312544.0,14174923000.0,13167320357.5,14.174923,13.1673203575,615.67875,416274432.0,396.990234375,3.8219261169433594,317.12926626205444
791,R5,OBLIQUE-GRADUAL-MILD,71,eb7bfe7cd678a502,PERSIST,0.2875,65312520.0,0.0,6351459.0,3347935.5,264020796.5,440002.5,65312520.0,13663664500.0,12675227580.0,13.6636645,12.67522758,3175.7295,400642048.0,382.08203125,3.192840099334717,251.78985261917114
791,R5,OBLIQUE-GRADUAL-MILD,71,eb7bfe7cd678a502,POPULATION-RESEED,0.27949999999999997,65312520.0,3968.0,1256683.0,3994294.0,321470177.0,456614.0,65316488.0,14037294500.0,12998965523.5,14.0372945,12.9989655235,628.3415,416274432.0,396.990234375,3.809255599975586,306.5778512954712
792,R5,OBLIQUE-GRADUAL-MILD,72,4aa9658aa232ddf4,CHAMPION-RESEED,0.29100000000000004,65312520.0,36.0,1324577.0,4130392.5,363830731.0,526464.5,65312556.0,15150149500.0,13965227814.0,15.1501495,13.965227814,662.2885,470378496.0,448.587890625,3.939049243927002,346.97602367401123
792,R5,OBLIQUE-GRADUAL-MILD,72,4aa9658aa232ddf4,PERSIST,0.27625,65312520.0,0.0,1397970.5,4129637.5,323765725.0,534811.5,65312520.0,15845501500.0,14602441722.5,15.8455015,14.6024417225,698.98525,431259648.0,411.28125,3.9383292198181152,308.7670564651489
792,R5,OBLIQUE-GRADUAL-MILD,72,4aa9658aa232ddf4,POPULATION-RESEED,0.28175,65312520.0,5031.0,1383920.0,4618631.5,388044496.5,545074.5,65317551.0,15644111500.0,14428163226.5,15.6441115,14.4281632265,691.96,508915712.0,485.33984375,4.404670238494873,370.06806993484497
793,R5,OBLIQUE-GRADUAL-MILD,73,049be476ea76ba9d,CHAMPION-RESEED,0.27225,65312520.0,35.0,1417585.5,5306806.0,429095866.0,614469.5,65312555.0,16339611500.0,15356162231.5,16.3396115,15.3561622315,708.79275,434749440.0,414.609375,5.060964584350586,409.21770668029785
793,R5,OBLIQUE-GRADUAL-MILD,73,049be476ea76ba9d,PERSIST,0.281,65312520.0,0.0,1576064.5,3595297.0,307928215.5,508175.5,65312520.0,14915514500.0,14064979419.5,14.9155145,14.0649794195,788.03225,413636608.0,394.474609375,3.4287424087524414,293.66323041915894
793,R5,OBLIQUE-GRADUAL-MILD,73,049be476ea76ba9d,POPULATION-RESEED,0.28175,65312520.0,4577.0,1328776.0,3743460.0,336610748.0,477128.0,65317097.0,13738334500.0,13012573544.5,13.7383345,13.0125735445,664.388,443260928.0,422.7265625,3.5700416564941406,321.0170249938965
794,R5,OBLIQUE-GRADUAL-MILD,74,e8336197be0bf82d,CHAMPION-RESEED,0.27725,65312520.0,25.0,1428907.5,4053564.0,320594514.5,468610.5,65312545.0,14076385000.0,13152633535.5,14.076385,13.1526335355,714.45375,426559488.0,406.798828125,3.8657798767089844,305.7427544593811
794,R5,OBLIQUE-GRADUAL-MILD,74,e8336197be0bf82d,PERSIST,0.275,65312520.0,0.0,1343557.5,3389432.5,272890236.5,453182.0,65312520.0,13608668500.0,12743401973.5,13.6086685,12.7434019735,671.77875,415424512.0,396.1796875,3.232414722442627,260.2484097480774
794,R5,OBLIQUE-GRADUAL-MILD,74,e8336197be0bf82d,POPULATION-RESEED,0.27475,65312520.0,4229.0,1537268.5,4118972.5,332359548.5,471447.5,65316749.0,14339395000.0,13406306928.5,14.339395,13.4063069285,768.63425,433031168.0,412.970703125,3.9281582832336426,316.9627652168274
795,R5,OBLIQUE-GRADUAL-MILD,75,a7d42e1d1c2964dd,CHAMPION-RESEED,0.279,65312520.0,31.0,1307158.5,4375336.5,369659963.0,534269.5,65312551.0,14922215500.0,14060148338.0,14.9222155,14.060148338,653.57925,455766016.0,434.65234375,4.1726460456848145,352.53521251678467
795,R5,OBLIQUE-GRADUAL-MILD,75,a7d42e1d1c2964dd,PERSIST,0.28300000000000003,65312520.0,0.0,1446063.0,3534231.0,307685439.0,512274.0,65312520.0,15046760500.0,14213688657.5,15.0467605,14.2136886575,723.0315,450363392.0,429.5,3.3705053329467773,293.43170070648193
795,R5,OBLIQUE-GRADUAL-MILD,75,a7d42e1d1c2964dd,POPULATION-RESEED,0.28175,65312520.0,4948.0,1228440.5,4359561.5,382773473.0,539117.5,65317468.0,15080026000.0,14149287025.0,15.080026,14.149287025,614.22025,461621248.0,440.236328125,4.157601833343506,365.0412302017212
796,R5,OBLIQUE-GRADUAL-MILD,76,ae312a5f4b32eb5a,CHAMPION-RESEED,0.267,65312520.0,37.0,1244354.5,4432067.5,405133359.5,580964.5,65312557.0,16109948000.0,15217962462.5,16.109948,15.2179624625,622.17725,450263040.0,429.404296875,4.226748943328857,386.36527967453003
796,R5,OBLIQUE-GRADUAL-MILD,76,ae312a5f4b32eb5a,PERSIST,0.26749999999999996,65312520.0,0.0,1457545.0,3948641.5,317190903.0,523573.5,65312520.0,15273225500.0,14401771451.5,15.2732255,14.4017714515,728.7725,425213952.0,405.515625,3.7657179832458496,302.49681758880615
796,R5,OBLIQUE-GRADUAL-MILD,76,ae312a5f4b32eb5a,POPULATION-RESEED,0.26849999999999996,65312520.0,5069.0,1199039.5,4568126.0,388787005.0,545979.5,65317589.0,15680203000.0,14848780487.5,15.680203,14.8487804875,599.51975,456171520.0,435.0390625,4.356504440307617,370.7761812210083
797,R5,OBLIQUE-GRADUAL-MILD,77,7c241e374cd807fd,CHAMPION-RESEED,0.29574999999999996,65312520.0,41.0,3460543.5,6180107.0,495156034.5,703588.0,65312561.0,18297318500.0,17145712346.0,18.2973185,17.145712346,1730.27175,522178560.0,497.98828125,5.8938093185424805,472.21759271621704
797,R5,OBLIQUE-GRADUAL-MILD,77,7c241e374cd807fd,PERSIST,0.29075,65312520.0,0.0,1362878.5,5047375.5,398808826.0,656867.5,65312520.0,17472349000.0,16280701471.0,17.472349,16.280701471,681.43925,517752832.0,493.767578125,4.813552379608154,380.3337345123291
797,R5,OBLIQUE-GRADUAL-MILD,77,7c241e374cd807fd,POPULATION-RESEED,0.298,65312520.0,5813.0,1262497.5,6395669.0,487008167.5,675586.0,65318333.0,17525270500.0,16513051844.5,17.5252705,16.5130518445,631.24875,548618240.0,523.203125,6.0993852615356445,464.447181224823
798,R5,OBLIQUE-GRADUAL-MILD,78,3113dc8730a1afac,CHAMPION-RESEED,0.27,65312520.0,35.0,1387296.0,5044882.5,379492802.0,545076.5,65312555.0,15402937500.0,14347913905.5,15.4029375,14.3479139055,693.648,541175808.0,516.10546875,4.8111748695373535,361.9125385284424
798,R5,OBLIQUE-GRADUAL-MILD,78,3113dc8730a1afac,PERSIST,0.26225,65312520.0,0.0,1484232.0,4632293.0,352469283.0,584040.0,65312520.0,16900714000.0,15676487660.5,16.900714,15.6764876605,742.116,529666048.0,505.12890625,4.417698860168457,336.1409025192261
798,R5,OBLIQUE-GRADUAL-MILD,78,3113dc8730a1afac,POPULATION-RESEED,0.256,65312519.5,5279.0,1315265.0,5507838.5,448272427.5,623147.5,65317798.5,16507196000.0,15362124818.5,16.507196,15.3621248185,657.6325,555833344.0,530.083984375,5.252684116363525,427.50590085983276
799,R5,OBLIQUE-GRADUAL-MILD,79,5b1c395313297e9c,CHAMPION-RESEED,0.27449999999999997,65312520.0,25.0,1436872.0,3892345.5,318784015.5,464932.5,65312545.0,14409260500.0,13327966516.0,14.4092605,13.327966516,718.436,482103296.0,459.76953125,3.7120299339294434,304.0161280632019
799,R5,OBLIQUE-GRADUAL-MILD,79,5b1c395313297e9c,PERSIST,0.27449999999999997,65312520.0,0.0,1526233.5,3696159.5,283903649.5,469150.0,65312520.0,14153332500.0,13074496218.5,14.1533325,13.0744962185,763.11675,476833792.0,454.744140625,3.524932384490967,270.7516188621521
799,R5,OBLIQUE-GRADUAL-MILD,79,5b1c395313297e9c,POPULATION-RESEED,0.27649999999999997,65312520.0,3959.0,1481962.5,4786332.5,363545434.0,515748.5,65316479.0,16295909000.0,15034583924.5,16.295909,15.0345839245,740.98125,502624256.0,479.33984375,4.564602375030518,346.7039432525635
800,R5,OBLIQUE-GRADUAL-SEVERE,0,49c7f1fb77588513,CHAMPION-RESEED,0.3155,65312520.0,32.0,1371478.5,4422476.5,350702972.0,503080.0,65312552.0,14028802000.0,13144831169.5,14.028802,13.1448311695,685.73925,433778688.0,413.68359375,4.217602252960205,334.45641708374023
800,R5,OBLIQUE-GRADUAL-SEVERE,0,49c7f1fb77588513,PERSIST,0.32275,65312520.0,0.0,1464689.5,3276494.0,301167925.5,490127.0,65312520.0,14315041000.0,13398484725.5,14.315041,13.3984847255,732.34475,415809536.0,396.546875,3.1247081756591797,287.2161154747009
800,R5,OBLIQUE-GRADUAL-SEVERE,0,49c7f1fb77588513,POPULATION-RESEED,0.329,65312520.0,4325.0,1420161.0,4182040.0,358373340.5,501542.5,65316845.0,14307866500.0,13437398126.5,14.3078665,13.4373981265,710.0805,441051136.0,420.619140625,3.9883041381835938,341.77145051956177
801,R5,OBLIQUE-GRADUAL-SEVERE,1,e4271eb1351ee9bc,CHAMPION-RESEED,0.33299999999999996,65312520.0,36.0,1279048.5,3526197.0,352017926.0,505548.5,65312556.0,14027456000.0,13296691948.5,14.027456,13.2966919485,639.52425,485302272.0,462.8203125,3.3628435134887695,335.7104549407959
801,R5,OBLIQUE-GRADUAL-SEVERE,1,e4271eb1351ee9bc,PERSIST,0.32875,65312520.0,0.0,1302270.0,2747349.5,291652468.0,475658.5,65312520.0,13951853500.0,13093363512.5,13.9518535,13.0933635125,651.135,473270272.0,451.345703125,2.6200766563415527,278.1414680480957
801,R5,OBLIQUE-GRADUAL-SEVERE,1,e4271eb1351ee9bc,POPULATION-RESEED,0.34525,65312520.0,5471.0,1204123.5,3536487.0,367186034.0,515653.5,65317991.0,14402942000.0,13577507960.0,14.402942,13.57750796,602.06175,500406272.0,477.224609375,3.37265682220459,350.17588996887207
802,R5,OBLIQUE-GRADUAL-SEVERE,2,0800dd9dd9dcfefe,CHAMPION-RESEED,0.3415,65312520.0,29.0,1270451.5,3890284.5,349282473.0,500507.5,65312549.0,14452388500.0,13447997323.5,14.4523885,13.4479973235,635.22575,513214464.0,489.439453125,3.71006441116333,333.1017236709595
802,R5,OBLIQUE-GRADUAL-SEVERE,2,0800dd9dd9dcfefe,PERSIST,0.32725,65312520.0,0.0,1372415.0,3817194.0,293576663.5,479889.5,65312520.0,14456141500.0,13286001025.5,14.4561415,13.2860010255,686.2075,476493824.0,454.419921875,3.640359878540039,279.9765238761902
802,R5,OBLIQUE-GRADUAL-SEVERE,2,0800dd9dd9dcfefe,POPULATION-RESEED,0.33525,65312520.0,4653.0,1209895.0,4256933.5,364584465.0,509022.0,65317173.0,14582864000.0,13446523885.5,14.582864,13.4465238855,604.9475,526446592.0,502.05859375,4.059728145599365,347.6948404312134
803,R5,OBLIQUE-GRADUAL-SEVERE,3,80f177c61e6c1153,CHAMPION-RESEED,0.33225,65312520.0,25.0,1250136.0,3812516.5,342385310.0,492824.0,65312545.0,14255051000.0,13474375182.5,14.255051,13.4743751825,625.068,437651456.0,417.376953125,3.635899066925049,326.524076461792
803,R5,OBLIQUE-GRADUAL-SEVERE,3,80f177c61e6c1153,PERSIST,0.3115,65312520.0,0.0,1394260.0,3544461.0,296765037.0,483627.5,65312520.0,14021675000.0,13273218927.5,14.021675,13.2732189275,697.13,425666560.0,405.947265625,3.3802614212036133,283.0171937942505
803,R5,OBLIQUE-GRADUAL-SEVERE,3,80f177c61e6c1153,POPULATION-RESEED,0.32899999999999996,65312520.0,4378.0,1215889.5,3219921.0,343180690.0,482205.5,65316898.0,13981281000.0,13311445173.0,13.981281,13.311445173,607.94475,437800960.0,417.51953125,3.070755958557129,327.2826099395752
804,R5,OBLIQUE-GRADUAL-SEVERE,4,054024cffdf9ff53,CHAMPION-RESEED,0.34625,65312520.0,30.0,1303354.5,3381685.0,324763640.0,468131.5,65312550.0,13733407500.0,12802057444.0,13.7334075,12.802057444,651.67725,533379072.0,508.669921875,3.2250261306762695,309.71874237060547
804,R5,OBLIQUE-GRADUAL-SEVERE,4,054024cffdf9ff53,PERSIST,0.3265,65312520.0,0.0,1346500.0,3543586.5,297571428.5,486246.0,65312520.0,14198633000.0,13179444229.0,14.198633,13.179444229,673.25,524703744.0,500.396484375,3.379427433013916,283.7862286567688
804,R5,OBLIQUE-GRADUAL-SEVERE,4,054024cffdf9ff53,POPULATION-RESEED,0.3345,65312520.0,4503.0,1440364.5,3190427.0,349887517.0,490521.5,65317023.0,14091147500.0,13166398176.5,14.0911475,13.1663981765,720.18225,575371264.0,548.716796875,3.042628288269043,333.6787385940552
805,R5,OBLIQUE-GRADUAL-SEVERE,5,1727297e28ca3431,CHAMPION-RESEED,0.33299999999999996,65312520.0,37.0,1359941.0,5102117.5,398073664.0,566106.5,65312557.0,15102835500.0,14278741663.5,15.1028355,14.2787416635,679.9705,494872576.0,471.947265625,4.865758419036865,379.63262939453125
805,R5,OBLIQUE-GRADUAL-SEVERE,5,1727297e28ca3431,PERSIST,0.3365,65312520.0,0.0,1354582.0,3571773.0,302815607.5,492544.0,65312520.0,14047342000.0,13267192529.0,14.047342,13.267192529,677.291,476868608.0,454.77734375,3.406308174133301,288.7874674797058
805,R5,OBLIQUE-GRADUAL-SEVERE,5,1727297e28ca3431,POPULATION-RESEED,0.33725,65312520.0,5015.0,1443589.0,3325078.5,318893900.0,449243.0,65317535.0,13902811500.0,13182373405.0,13.9028115,13.182373405,721.7945,496025600.0,473.046875,3.171041965484619,304.12092208862305
806,R5,OBLIQUE-GRADUAL-SEVERE,6,c848a1553af9c140,CHAMPION-RESEED,0.32625,65312520.0,36.0,5693153.0,3544810.0,339432898.5,487882.5,65312556.0,14137759500.0,13122358096.0,14.1377595,13.122358096,2846.5765,455137280.0,434.052734375,3.380594253540039,323.70843744277954
806,R5,OBLIQUE-GRADUAL-SEVERE,6,c848a1553af9c140,PERSIST,0.3255,65312520.0,0.0,1370818.5,3059348.0,338159549.5,548238.0,65312520.0,15356860500.0,14118208714.5,15.3568605,14.1182087145,685.40925,439093248.0,418.751953125,2.917621612548828,322.49407720565796
806,R5,OBLIQUE-GRADUAL-SEVERE,6,c848a1553af9c140,POPULATION-RESEED,0.33825,65312520.0,5206.0,1296166.0,3991823.5,371825959.5,520116.5,65317726.0,14906930500.0,13733291167.0,14.9069305,13.733291167,648.083,455137280.0,434.052734375,3.8068995475769043,354.6008677482605
807,R5,OBLIQUE-GRADUAL-SEVERE,7,8027024111d0de1c,CHAMPION-RESEED,0.30900000000000005,65312520.0,35.0,7508186.5,4077543.0,316959283.5,454104.0,65312555.0,13679375500.0,13000590900.0,13.6793755,13.0005909,3754.09325,442038272.0,421.560546875,3.88864803314209,302.2759280204773
807,R5,OBLIQUE-GRADUAL-SEVERE,7,8027024111d0de1c,PERSIST,0.3125,65312520.0,0.0,1332766.0,3185857.5,255551366.0,418025.0,65312520.0,13276570000.0,12521462439.0,13.27657,12.521462439,666.383,434530304.0,414.400390625,3.0382704734802246,243.7127742767334
807,R5,OBLIQUE-GRADUAL-SEVERE,7,8027024111d0de1c,POPULATION-RESEED,0.315,65312520.0,4960.0,1335897.0,4740892.5,330730804.0,460204.0,65317480.0,13883819000.0,13123289556.5,13.883819,13.1232895565,667.9485,453029888.0,432.04296875,4.521267414093018,315.40947341918945
808,R5,OBLIQUE-GRADUAL-SEVERE,8,ecf5e01b18ab99a9,CHAMPION-RESEED,0.3355,65312520.0,28.0,1224423.5,3482944.5,314727903.0,454084.5,65312548.0,13990936000.0,13129693495.5,13.990936,13.1296934955,612.21175,428249088.0,408.41015625,3.321594715118408,300.14791774749756
808,R5,OBLIQUE-GRADUAL-SEVERE,8,ecf5e01b18ab99a9,PERSIST,0.33699999999999997,65312520.0,0.0,1294507.0,3898937.0,298798112.0,489653.0,65312520.0,14124880000.0,13142161793.5,14.12488,13.1421617935,647.2535,417390592.0,398.0546875,3.718316078186035,284.9560852050781
808,R5,OBLIQUE-GRADUAL-SEVERE,8,ecf5e01b18ab99a9,POPULATION-RESEED,0.3295,65312520.0,4265.0,1261412.5,4333106.5,376056134.5,523620.0,65316785.0,15572436000.0,14555712576.5,15.572436,14.5557125765,630.70625,435419136.0,415.248046875,4.1323723793029785,358.6350769996643
809,R5,OBLIQUE-GRADUAL-SEVERE,9,21817e6eb13aa89f,CHAMPION-RESEED,0.3345,65312520.0,32.0,1305086.5,4851359.5,398408244.5,567644.5,65312552.0,15878807500.0,14623763289.0,15.8788075,14.623763289,652.54325,588867584.0,561.587890625,4.626616954803467,379.9517102241516
809,R5,OBLIQUE-GRADUAL-SEVERE,9,21817e6eb13aa89f,PERSIST,0.33375,65312520.0,0.0,1471007.0,4009788.5,369672818.0,599746.5,65312520.0,16507275000.0,15151704680.5,16.507275,15.1517046805,735.5035,547629056.0,522.259765625,3.8240323066711426,352.54747200012207
809,R5,OBLIQUE-GRADUAL-SEVERE,9,21817e6eb13aa89f,POPULATION-RESEED,0.32975,65312520.0,5321.0,1339185.5,5110541.0,413857981.0,575978.0,65317841.0,15993586000.0,14763305778.5,15.993586,14.7633057785,669.59275,594747392.0,567.1953125,4.873791694641113,394.6857271194458
810,R5,OBLIQUE-GRADUAL-SEVERE,10,2d1185c1c52ded4f,CHAMPION-RESEED,0.3185,65312520.0,33.0,1299262.5,4633675.0,369562157.0,523815.5,65312553.0,15143301500.0,14155250170.5,15.1433015,14.1552501705,649.63125,486117376.0,463.59765625,4.4190168380737305,352.44193744659424
810,R5,OBLIQUE-GRADUAL-SEVERE,10,2d1185c1c52ded4f,PERSIST,0.31525000000000003,65312520.0,0.0,1325307.5,3121619.0,308733208.0,499333.0,65312520.0,15179604500.0,14106421123.0,15.1796045,14.106421123,662.65375,470185984.0,448.404296875,2.9770078659057617,294.4309310913086
810,R5,OBLIQUE-GRADUAL-SEVERE,10,2d1185c1c52ded4f,POPULATION-RESEED,0.3115,65312520.0,4594.0,1253255.0,4341509.0,395069493.5,544645.0,65317114.0,15578370000.0,14583729718.5,15.57837,14.5837297185,626.6275,486117376.0,463.59765625,4.140385627746582,376.7676291465759
811,R5,OBLIQUE-GRADUAL-SEVERE,11,b5745f3f66f58efe,CHAMPION-RESEED,0.32525,65312520.0,31.0,1322291.5,3312893.0,375744171.5,532802.0,65312551.0,14940190500.0,14159165514.5,14.9401905,14.1591655145,661.14575,451102720.0,430.205078125,3.159420967102051,358.33756589889526
811,R5,OBLIQUE-GRADUAL-SEVERE,11,b5745f3f66f58efe,PERSIST,0.32325,65312520.0,0.0,1405141.0,2577666.0,295793872.0,478181.0,65312520.0,14395925000.0,13513602215.5,14.395925,13.5136022155,702.5705,432637952.0,412.595703125,2.458253860473633,282.0910186767578
811,R5,OBLIQUE-GRADUAL-SEVERE,11,b5745f3f66f58efe,POPULATION-RESEED,0.31975,65312520.0,4674.0,1238313.5,4139826.0,360866424.5,500825.5,65317194.0,14183413000.0,13489271748.0,14.183413,13.489271748,619.15675,455622656.0,434.515625,3.9480457305908203,344.1490406990051
812,R5,OBLIQUE-GRADUAL-SEVERE,12,28f94c2163e77cf7,CHAMPION-RESEED,0.34075,65312520.0,29.0,1384952.0,3959601.0,363219639.5,513959.0,65312549.0,14490101500.0,13743510660.5,14.4901015,13.7435106605,692.476,460079104.0,438.765625,3.776169776916504,346.39324140548706
812,R5,OBLIQUE-GRADUAL-SEVERE,12,28f94c2163e77cf7,PERSIST,0.32525,65312520.0,0.0,1340337.5,3883669.0,321747396.5,518440.5,65312520.0,14610047500.0,13744335887.5,14.6100475,13.7443358875,670.16875,443914240.0,423.349609375,3.7037553787231445,306.8422284126282
812,R5,OBLIQUE-GRADUAL-SEVERE,12,28f94c2163e77cf7,POPULATION-RESEED,0.33725,65312520.0,4820.0,1310877.5,5320684.0,411453871.5,565982.5,65317340.0,15893214500.0,15042824963.0,15.8932145,15.042824963,655.43875,468854784.0,447.134765625,5.074199676513672,392.39298963546753
813,R5,OBLIQUE-GRADUAL-SEVERE,13,9df0bfea8dee49d2,CHAMPION-RESEED,0.33575,65312520.0,36.0,1219118.5,3791114.5,386141925.5,546850.0,65312556.0,14731783000.0,13890593238.0,14.731783,13.890593238,609.55925,506644480.0,483.173828125,3.6154885292053223,368.2536368370056
813,R5,OBLIQUE-GRADUAL-SEVERE,13,9df0bfea8dee49d2,PERSIST,0.32825,65312520.0,0.0,1382538.5,3391453.5,346067965.5,558614.0,65312520.0,15105514000.0,14178367634.5,15.105514,14.1783676345,691.26925,504336384.0,480.97265625,3.234342098236084,330.0361304283142
813,R5,OBLIQUE-GRADUAL-SEVERE,13,9df0bfea8dee49d2,POPULATION-RESEED,0.3225,65312520.0,5112.0,1259393.0,4152402.5,403967867.5,556856.5,65317632.0,15582324000.0,14701499511.5,15.582324,14.7014995115,629.6965,512024576.0,488.3046875,3.9600396156311035,385.2537798881531
814,R5,OBLIQUE-GRADUAL-SEVERE,14,4ed4bcdf9b7c28b1,CHAMPION-RESEED,0.33575,65312520.0,36.0,1315961.0,3576610.5,397378650.0,559360.0,65312556.0,15419341500.0,14433057600.0,15.4193415,14.4330576,657.9805,479166464.0,456.96875,3.410921573638916,378.9698123931885
814,R5,OBLIQUE-GRADUAL-SEVERE,14,4ed4bcdf9b7c28b1,PERSIST,0.34625,65312520.0,0.0,1361530.5,4777977.5,378013560.5,606022.0,65312520.0,16125707500.0,14853373086.0,16.1257075,14.853373086,680.76525,452321280.0,431.3671875,4.556634426116943,360.5018239021301
814,R5,OBLIQUE-GRADUAL-SEVERE,14,4ed4bcdf9b7c28b1,POPULATION-RESEED,0.3415,65312520.0,5395.0,1302388.0,5263149.0,433916934.5,593050.0,65317915.0,16722923500.0,15514540887.0,16.7229235,15.514540887,651.194,487309312.0,464.734375,5.019330024719238,413.81543588638306
815,R5,OBLIQUE-GRADUAL-SEVERE,15,d6f2f161e2996a8a,CHAMPION-RESEED,0.3255,65312520.0,28.0,1225980.0,3900778.5,347770358.0,494578.5,65312548.0,14305718000.0,13188709367.5,14.305718,13.1887093675,612.99,482779136.0,460.4140625,3.7200722694396973,331.65965843200684
815,R5,OBLIQUE-GRADUAL-SEVERE,15,d6f2f161e2996a8a,PERSIST,0.3245,65312520.0,0.0,1295330.0,4764914.0,365863700.5,583682.0,65312520.0,16038856500.0,14739549966.5,16.0388565,14.7395499665,647.665,456992768.0,435.822265625,4.54417610168457,348.9148144721985
815,R5,OBLIQUE-GRADUAL-SEVERE,15,d6f2f161e2996a8a,POPULATION-RESEED,0.3235,65312520.0,4359.0,1299270.0,4867706.0,388648016.5,535366.0,65316879.0,16077594000.0,14838841408.5,16.077594,14.8388414085,649.635,482779136.0,460.4140625,4.642206192016602,370.64363145828247
816,R5,OBLIQUE-GRADUAL-SEVERE,16,2dfb74932562c18a,CHAMPION-RESEED,0.3295,65312520.0,37.0,1342271.5,5035508.5,433739057.5,607607.5,65312557.0,16743236000.0,15448919343.5,16.743236,15.4489193435,671.13575,520267776.0,496.166015625,4.802235126495361,413.64579916000366
816,R5,OBLIQUE-GRADUAL-SEVERE,16,2dfb74932562c18a,PERSIST,0.33425,65312520.0,0.0,1373401.0,4752938.5,394078209.5,630237.0,65312520.0,16668151500.0,15201650228.5,16.6681515,15.2016502285,686.7005,495251456.0,472.30859375,4.532755374908447,375.8222670555115
816,R5,OBLIQUE-GRADUAL-SEVERE,16,2dfb74932562c18a,POPULATION-RESEED,0.32875,65312520.0,5605.0,1310912.0,4154590.5,419348191.0,578081.0,65318125.0,16161714000.0,14847510035.5,16.161714,14.8475100355,655.456,520267776.0,496.166015625,3.9621262550354004,399.92159938812256
817,R5,OBLIQUE-GRADUAL-SEVERE,17,66cb11f69ab40ec6,CHAMPION-RESEED,0.34375,65312520.0,38.0,1304903.0,5287366.5,459330120.5,644265.0,65312558.0,17532427500.0,16533364242.0,17.5324275,16.533364242,652.4515,472729600.0,450.830078125,5.042425632476807,438.05133867263794
817,R5,OBLIQUE-GRADUAL-SEVERE,17,66cb11f69ab40ec6,PERSIST,0.33425,65312520.0,0.0,7300108.5,3262655.5,290956614.0,470336.0,65312520.0,14042030000.0,13244353701.5,14.04203,13.2443537015,3650.05425,449626112.0,428.796875,3.111510753631592,277.47784996032715
817,R5,OBLIQUE-GRADUAL-SEVERE,17,66cb11f69ab40ec6,POPULATION-RESEED,0.3315,65312520.0,5501.0,1272043.0,3453437.5,342542748.5,473962.0,65318021.0,14173843000.0,13466289205.0,14.173843,13.466289205,636.0215,481583104.0,459.2734375,3.293454647064209,326.6742215156555
818,R5,OBLIQUE-GRADUAL-SEVERE,18,52cb4da63bf141a7,CHAMPION-RESEED,0.31725000000000003,65312520.0,26.0,1432687.5,3799837.0,335788832.0,478455.5,65312546.0,13818780000.0,13188241346.0,13.81878,13.188241346,716.34375,399962112.0,381.43359375,3.623806953430176,320.2331848144531
818,R5,OBLIQUE-GRADUAL-SEVERE,18,52cb4da63bf141a7,PERSIST,0.32775,65312520.0,0.0,1407180.0,3589471.0,292613161.0,470579.5,65312520.0,13287728000.0,12595103134.0,13.287728,12.595103134,703.59,387848192.0,369.880859375,3.4231863021850586,279.057656288147
818,R5,OBLIQUE-GRADUAL-SEVERE,18,52cb4da63bf141a7,POPULATION-RESEED,0.32875,65312520.0,4012.0,1442369.0,2633234.0,300548659.0,421617.0,65316532.0,13122454000.0,12454786683.0,13.122454,12.454786683,721.1845,408264704.0,389.3515625,2.5112476348876953,286.62553691864014
819,R5,OBLIQUE-GRADUAL-SEVERE,19,ee74b573aaa461c5,CHAMPION-RESEED,0.32325000000000004,65312520.0,31.0,1298661.0,3363951.5,342396324.5,486922.0,65312551.0,14039430000.0,13352176056.5,14.03943,13.3521760565,649.3305,538677248.0,513.72265625,3.2081141471862793,326.53458070755005
819,R5,OBLIQUE-GRADUAL-SEVERE,19,ee74b573aaa461c5,PERSIST,0.32,65312520.0,0.0,1387857.0,4647392.5,315619432.5,509455.0,65312520.0,14243353500.0,13415156478.5,14.2433535,13.4151564785,693.9285,517844992.0,493.85546875,4.432098865509033,300.99814653396606
819,R5,OBLIQUE-GRADUAL-SEVERE,19,ee74b573aaa461c5,POPULATION-RESEED,0.3125,65312520.0,4475.0,1338822.0,4259361.0,352261296.5,486667.0,65316995.0,14674745500.0,13841182680.0,14.6747455,13.84118268,669.411,541173760.0,516.103515625,4.062043190002441,335.94255113601685
820,R5,OBLIQUE-GRADUAL-SEVERE,20,1d329b9ae2f64e0c,CHAMPION-RESEED,0.33325,65312520.0,42.0,1431821.5,4264993.0,466265034.0,650658.0,65312562.0,18490742500.0,16946012766.0,18.4907425,16.946012766,715.91075,557414400.0,531.591796875,4.067414283752441,444.6649875640869
820,R5,OBLIQUE-GRADUAL-SEVERE,20,1d329b9ae2f64e0c,PERSIST,0.3405,65312520.0,0.0,1368073.0,3275729.0,376997399.5,605200.0,65312520.0,17431476500.0,16021431458.5,17.4314765,16.0214314585,684.0365,546867200.0,521.533203125,3.123978614807129,359.53273725509644
820,R5,OBLIQUE-GRADUAL-SEVERE,20,1d329b9ae2f64e0c,POPULATION-RESEED,0.33975,65312520.0,6480.0,1188221.5,4672247.5,483229534.0,660536.5,65319000.0,18098620000.0,16505672379.5,18.09862,16.5056723795,594.11075,582125568.0,555.158203125,4.4558024406433105,460.84359550476074
821,R5,OBLIQUE-GRADUAL-SEVERE,21,fa7864f24428520e,CHAMPION-RESEED,0.32125,65312520.0,32.0,1288577.0,4269986.5,383572362.0,543008.0,65312552.0,15496180500.0,14478096102.5,15.4961805,14.4780961025,644.2885,467621888.0,445.958984375,4.072176456451416,365.80311012268066
821,R5,OBLIQUE-GRADUAL-SEVERE,21,fa7864f24428520e,PERSIST,0.33275,65312520.0,0.0,1416880.5,3961792.5,306441770.0,493529.0,65312520.0,14641145500.0,13586740167.5,14.6411455,13.5867401675,708.44025,426737664.0,406.96875,3.778259754180908,292.2456455230713
821,R5,OBLIQUE-GRADUAL-SEVERE,21,fa7864f24428520e,POPULATION-RESEED,0.32499999999999996,65312520.0,5122.0,1289887.5,3583005.5,402854572.5,555316.5,65317642.0,15473200500.0,14495767010.0,15.4732005,14.49576701,644.94375,480196608.0,457.951171875,3.417020320892334,384.1920590400696
822,R5,OBLIQUE-GRADUAL-SEVERE,22,c21da8f3943ebe5f,CHAMPION-RESEED,0.33225,65312520.0,25.0,1312034.5,3956223.5,318318236.0,454114.5,65312545.0,13319719000.0,12500105276.5,13.319719,12.5001052765,656.01725,442425344.0,421.9296875,3.772948741912842,303.57192611694336
822,R5,OBLIQUE-GRADUAL-SEVERE,22,c21da8f3943ebe5f,PERSIST,0.33499999999999996,65312520.0,0.0,1386785.5,3241366.5,266374858.5,433934.5,65312520.0,13278015500.0,12378162253.5,13.2780155,12.3781622535,693.39275,431298560.0,411.318359375,3.091207981109619,254.03486108779907
822,R5,OBLIQUE-GRADUAL-SEVERE,22,c21da8f3943ebe5f,POPULATION-RESEED,0.31825,65312520.0,4126.0,1327464.0,4375241.5,334788048.0,462522.0,65316646.0,13857648000.0,12997831266.0,13.857648,12.997831266,663.732,442888192.0,422.37109375,4.172555446624756,319.2787628173828
823,R5,OBLIQUE-GRADUAL-SEVERE,23,4cb17b15708cd519,CHAMPION-RESEED,0.313,65312520.0,30.0,1385665.0,4291014.5,349755245.5,497452.5,65312550.0,14329806500.0,13572661699.5,14.3298065,13.5726616995,692.8325,426795008.0,407.0234375,4.092230319976807,333.55259466171265
823,R5,OBLIQUE-GRADUAL-SEVERE,23,4cb17b15708cd519,PERSIST,0.31025,65312520.0,0.0,1386710.5,3177907.0,272723456.0,441375.5,65312520.0,13062065000.0,12370966068.5,13.062065,12.3709660685,693.35525,416516096.0,397.220703125,3.0306882858276367,260.08935546875
823,R5,OBLIQUE-GRADUAL-SEVERE,23,4cb17b15708cd519,POPULATION-RESEED,0.312,65312520.0,4616.0,1273728.5,3340673.5,346486618.5,483579.5,65317136.0,14439475000.0,13707234467.5,14.439475,13.7072344675,636.86425,427993088.0,408.166015625,3.1859145164489746,330.43538904190063
824,R5,OBLIQUE-GRADUAL-SEVERE,24,a6eb7727b46e99b7,CHAMPION-RESEED,0.31775,65312520.0,38.0,1260650.5,4523789.5,414871797.5,583645.5,65312558.0,15566289500.0,14486576527.5,15.5662895,14.4865765275,630.32525,564600832.0,538.4453125,4.3142218589782715,395.6525778770447
824,R5,OBLIQUE-GRADUAL-SEVERE,24,a6eb7727b46e99b7,PERSIST,0.3325,65312520.0,0.0,1352045.0,4773908.5,393644516.0,629488.0,65312520.0,16827669500.0,15599903862.5,16.8276695,15.5999038625,676.0225,509683712.0,486.072265625,4.552753925323486,375.40866470336914
824,R5,OBLIQUE-GRADUAL-SEVERE,24,a6eb7727b46e99b7,POPULATION-RESEED,0.32975,65312520.0,6331.0,1269774.0,5340107.5,461231552.5,629698.5,65318851.0,17013747500.0,15808851302.5,17.0137475,15.8088513025,634.887,588718080.0,561.4453125,5.092723369598389,439.8646855354309
825,R5,OBLIQUE-GRADUAL-SEVERE,25,a56ed9c8d7ba85c8,CHAMPION-RESEED,0.33299999999999996,65312520.0,38.0,1234514.0,3491158.5,413384046.0,580428.0,65312558.0,15536137000.0,14355097932.0,15.536137,14.355097932,617.257,471894016.0,450.033203125,3.329428195953369,394.2337474822998
825,R5,OBLIQUE-GRADUAL-SEVERE,25,a56ed9c8d7ba85c8,PERSIST,0.33475,65312520.0,0.0,1290488.0,4396619.0,357217276.5,572285.5,65312520.0,15712128000.0,14339135215.0,15.712128,14.339135215,645.244,446353408.0,425.67578125,4.1929426193237305,340.6689419746399
825,R5,OBLIQUE-GRADUAL-SEVERE,25,a56ed9c8d7ba85c8,POPULATION-RESEED,0.351,65312520.0,5406.0,1244872.5,5169722.5,424801445.5,581452.0,65317926.0,16336692000.0,14933501035.0,16.336692,14.933501035,622.43625,471894016.0,450.033203125,4.93023157119751,405.12222814559937
826,R5,OBLIQUE-GRADUAL-SEVERE,26,0e2b337b1d5e87de,CHAMPION-RESEED,0.32625,65312520.0,30.0,1264230.0,4608765.5,364557844.5,515594.0,65312550.0,14421667000.0,13476481982.0,14.421667,13.476481982,632.115,510789632.0,487.126953125,4.395261287689209,347.6694531440735
826,R5,OBLIQUE-GRADUAL-SEVERE,26,0e2b337b1d5e87de,PERSIST,0.31999999999999995,65312520.0,0.0,1476402.5,3172537.5,318032980.0,513074.0,65312520.0,14910604500.0,13838719850.5,14.9106045,13.8387198505,738.20125,493748224.0,470.875,3.0255675315856934,303.2998847961426
826,R5,OBLIQUE-GRADUAL-SEVERE,26,0e2b337b1d5e87de,POPULATION-RESEED,0.324,65312520.0,5035.0,1235858.0,4879770.5,432429385.5,592619.0,65317555.0,16045315500.0,14901347793.0,16.0453155,14.901347793,617.929,515192832.0,491.326171875,4.653711795806885,412.39679861068726
827,R5,OBLIQUE-GRADUAL-SEVERE,27,0dba61446a099156,CHAMPION-RESEED,0.33975,65312520.0,30.0,4345430.0,4444229.0,377632920.0,535301.5,65312550.0,14698971500.0,13875132971.5,14.6989715,13.8751329715,2172.715,481873920.0,459.55078125,4.238347053527832,360.1388168334961
827,R5,OBLIQUE-GRADUAL-SEVERE,27,0dba61446a099156,PERSIST,0.31999999999999995,65312520.0,0.0,1404052.0,3039739.0,278720634.0,451842.0,65312520.0,13356715000.0,12568212479.0,13.356715,12.568212479,702.026,466268160.0,444.66796875,2.898921012878418,265.8087100982666
827,R5,OBLIQUE-GRADUAL-SEVERE,27,0dba61446a099156,POPULATION-RESEED,0.34425,65312520.0,4361.0,1441457.5,4528839.0,373292293.0,516001.0,65316881.0,15153090000.0,14405366578.0,15.15309,14.405366578,720.72875,497680384.0,474.625,4.319037437438965,355.9992723464966
828,R5,OBLIQUE-GRADUAL-SEVERE,28,d546a2f17278bf48,CHAMPION-RESEED,0.32899999999999996,65312520.0,25.0,1229370.5,3764888.0,329729363.0,472541.0,65312545.0,13920695500.0,12922542877.0,13.9206955,12.922542877,614.68525,415379456.0,396.13671875,3.5904769897460938,314.45442485809326
828,R5,OBLIQUE-GRADUAL-SEVERE,28,d546a2f17278bf48,PERSIST,0.3165,65312520.0,0.0,1264532.0,3301311.5,271278604.0,437833.5,65312520.0,13460279500.0,12477463721.0,13.4602795,12.477463721,632.266,406845440.0,387.998046875,3.148375988006592,258.7114372253418
828,R5,OBLIQUE-GRADUAL-SEVERE,28,d546a2f17278bf48,POPULATION-RESEED,0.32425,65312520.0,3871.0,1208193.5,2893909.0,299999484.0,422716.0,65316391.0,13064552000.0,12118456619.0,13.064552,12.118456619,604.09675,434403328.0,414.279296875,2.7598466873168945,286.10180282592773
829,R5,OBLIQUE-GRADUAL-SEVERE,29,71fbeb4d9c08a485,CHAMPION-RESEED,0.32799999999999996,65312520.0,38.0,1294673.0,4228938.0,427357876.0,598965.5,65312558.0,15441356000.0,14563967019.0,15.441356,14.563967019,647.3365,467212288.0,445.568359375,4.033029556274414,407.56023025512695
829,R5,OBLIQUE-GRADUAL-SEVERE,29,71fbeb4d9c08a485,PERSIST,0.33599999999999997,65312520.0,0.0,1414145.5,3846394.5,320891133.5,516660.5,65312520.0,14453973000.0,13591909524.0,14.453973,13.591909524,707.07275,448763904.0,427.974609375,3.6682076454162598,306.0256323814392
829,R5,OBLIQUE-GRADUAL-SEVERE,29,71fbeb4d9c08a485,POPULATION-RESEED,0.34475,65312520.0,5112.0,1322255.5,4037179.5,373611535.0,517123.5,65317632.0,14488172500.0,13687194496.0,14.4881725,13.687194496,661.12775,468512768.0,446.80859375,3.850154399871826,356.30372524261475
830,R5,OBLIQUE-GRADUAL-SEVERE,30,13a18e97c76bbe68,CHAMPION-RESEED,0.33599999999999997,65312520.0,34.0,1422871.0,4907368.5,435795505.0,612099.0,65312554.0,17223398500.0,15867269119.0,17.2233985,15.867269119,711.4355,539691008.0,514.689453125,4.6800312995910645,415.6069803237915
830,R5,OBLIQUE-GRADUAL-SEVERE,30,13a18e97c76bbe68,PERSIST,0.34175,65312520.0,0.0,1544314.5,3785819.0,355464368.0,569196.5,65312520.0,16537836000.0,15167112391.5,16.537836,15.1671123915,772.15725,499699712.0,476.55078125,3.610438346862793,338.9972381591797
830,R5,OBLIQUE-GRADUAL-SEVERE,30,13a18e97c76bbe68,POPULATION-RESEED,0.33575,65312520.0,5140.0,1377183.0,4601114.0,412536683.5,568044.5,65317660.0,16303502500.0,15061675252.5,16.3035025,15.0616752525,688.5915,557936640.0,532.08984375,4.387964248657227,393.425639629364
831,R5,OBLIQUE-GRADUAL-SEVERE,31,a40941c31c0d701a,CHAMPION-RESEED,0.3205,65312520.0,38.0,5146284.0,5133582.0,436326387.0,612964.5,65312558.0,17018550000.0,15793835801.0,17.01855,15.793835801,2573.142,479463424.0,457.251953125,4.89576530456543,416.1132688522339
831,R5,OBLIQUE-GRADUAL-SEVERE,31,a40941c31c0d701a,PERSIST,0.33399999999999996,65312520.0,0.0,1378565.5,4836794.0,361268959.0,576413.0,65312520.0,16392164500.0,14931698672.0,16.3921645,14.931698672,689.28275,445593600.0,424.951171875,4.612726211547852,344.53292751312256
831,R5,OBLIQUE-GRADUAL-SEVERE,31,a40941c31c0d701a,POPULATION-RESEED,0.32425000000000004,65312519.5,4948.0,1378371.5,4010283.5,387990066.0,537490.5,65317467.5,15687487500.0,14408189751.0,15.6874875,14.408189751,689.18575,503205888.0,479.89453125,3.8245043754577637,370.0161609649658
832,R5,OBLIQUE-GRADUAL-SEVERE,32,cd2dcedbb74afc9e,CHAMPION-RESEED,0.32125000000000004,65312520.0,28.0,1390089.5,4388600.0,346432087.5,492201.0,65312548.0,14347972000.0,13503500426.5,14.347972,13.5035004265,695.04475,425789440.0,406.064453125,4.185295104980469,330.3833842277527
832,R5,OBLIQUE-GRADUAL-SEVERE,32,cd2dcedbb74afc9e,PERSIST,0.32625,65312520.0,0.0,1431841.5,3365144.0,279225200.5,450981.5,65312520.0,13488847000.0,12544535421.5,13.488847,12.5445354215,715.92075,402948096.0,384.28125,3.2092514038085938,266.2899022102356
832,R5,OBLIQUE-GRADUAL-SEVERE,32,cd2dcedbb74afc9e,POPULATION-RESEED,0.314,65312520.0,4339.0,1321790.0,4156426.0,390992366.5,539110.5,65316859.0,15440796000.0,14365258575.5,15.440796,14.3652585755,660.895,433846272.0,413.748046875,3.963876724243164,372.87937784194946
833,R5,OBLIQUE-GRADUAL-SEVERE,33,b62d60e15ea4dfeb,CHAMPION-RESEED,0.3195,65312520.0,38.0,1242455.0,3760339.0,384159445.0,541885.5,65312558.0,14978442000.0,14191883116.0,14.978442,14.191883116,621.2275,499531776.0,476.390625,3.5861387252807617,366.3629961013794
833,R5,OBLIQUE-GRADUAL-SEVERE,33,b62d60e15ea4dfeb,PERSIST,0.33725,65312520.0,0.0,1480476.5,4604917.5,356958884.0,573873.5,65312520.0,15587225500.0,14626114204.5,15.5872255,14.6261142045,740.23825,476119040.0,454.0625,4.391591548919678,340.4225196838379
833,R5,OBLIQUE-GRADUAL-SEVERE,33,b62d60e15ea4dfeb,POPULATION-RESEED,0.32699999999999996,65312520.0,4725.0,1386722.0,3301183.0,361889349.5,500831.0,65317245.0,14446575000.0,13652891958.0,14.446575,13.652891958,693.361,508125184.0,484.5859375,3.1482534408569336,345.124577999115
834,R5,OBLIQUE-GRADUAL-SEVERE,34,2febf088ee67f698,CHAMPION-RESEED,0.33925,65312520.0,36.0,1301644.5,3856271.0,385249374.5,544334.0,65312556.0,15664034500.0,14442239627.5,15.6640345,14.4422396275,650.82225,525490176.0,501.146484375,3.677626609802246,367.4024338722229
834,R5,OBLIQUE-GRADUAL-SEVERE,34,2febf088ee67f698,PERSIST,0.33899999999999997,65312520.0,0.0,1303688.5,4855941.0,342644803.5,550735.5,65312520.0,15799529500.0,14501078319.0,15.7995295,14.501078319,651.84425,515014656.0,491.15625,4.630986213684082,326.77154874801636
834,R5,OBLIQUE-GRADUAL-SEVERE,34,2febf088ee67f698,POPULATION-RESEED,0.33575,65312520.0,4848.0,1212173.5,3851845.5,367594091.0,507858.5,65317368.0,15040639000.0,13878903247.5,15.040639,13.8789032475,606.08675,581146624.0,554.224609375,3.6734061241149902,350.56504344940186
835,R5,OBLIQUE-GRADUAL-SEVERE,35,ee9a27d0bbdd7766,CHAMPION-RESEED,0.32899999999999996,65312520.0,30.0,1412606.5,3955100.0,375379877.0,530392.5,65312550.0,14488068000.0,13729109298.0,14.488068,13.729109298,706.30325,470618112.0,448.81640625,3.7718772888183594,357.9901475906372
835,R5,OBLIQUE-GRADUAL-SEVERE,35,ee9a27d0bbdd7766,PERSIST,0.3145,65312520.0,0.0,1550753.0,3592634.0,324565336.0,522628.0,65312520.0,14800110000.0,13929671153.5,14.80011,13.9296711535,775.3765,443576320.0,423.02734375,3.4262027740478516,309.52962493896484
835,R5,OBLIQUE-GRADUAL-SEVERE,35,ee9a27d0bbdd7766,POPULATION-RESEED,0.31475,65312520.0,5020.0,1345905.5,3770363.5,365351612.5,506373.0,65317540.0,13959899000.0,13215256878.5,13.959899,13.2152568785,672.95275,473669632.0,451.7265625,3.595698833465576,348.42644929885864
836,R5,OBLIQUE-GRADUAL-SEVERE,36,ad611e5f88382089,CHAMPION-RESEED,0.3305,65312520.0,33.0,1324642.0,3500883.0,343060133.5,487980.5,65312553.0,15271373500.0,14214395027.0,15.2713735,14.214395027,662.321,477198336.0,455.091796875,3.3387022018432617,327.16763830184937
836,R5,OBLIQUE-GRADUAL-SEVERE,36,ad611e5f88382089,PERSIST,0.335,65312520.0,0.0,1376058.0,3278690.0,366027416.0,584755.0,65312520.0,16612591000.0,15234727294.5,16.612591,15.2347272945,688.029,463165440.0,441.708984375,3.126802444458008,349.0709457397461
836,R5,OBLIQUE-GRADUAL-SEVERE,36,ad611e5f88382089,POPULATION-RESEED,0.3245,65312520.0,5492.0,1408367.0,3129974.0,431676736.0,592339.5,65318012.0,16905478000.0,15509345095.0,16.905478,15.509345095,704.1835,477198336.0,455.091796875,2.984975814819336,411.67901611328125
837,R5,OBLIQUE-GRADUAL-SEVERE,37,4e15196ced74c22a,CHAMPION-RESEED,0.32825,65312520.0,34.0,1313434.5,3266334.5,371088138.5,524036.0,65312554.0,15047336500.0,13846881715.5,15.0473365,13.8468817155,656.71725,502050816.0,478.79296875,3.1150193214416504,353.8972268104553
837,R5,OBLIQUE-GRADUAL-SEVERE,37,4e15196ced74c22a,PERSIST,0.33875,65312520.0,0.0,1373288.0,4012345.0,360078555.0,581197.5,65312520.0,16001236500.0,14686218740.0,16.0012365,14.68621874,686.644,496570368.0,473.56640625,3.826470375061035,343.3976697921753
837,R5,OBLIQUE-GRADUAL-SEVERE,37,4e15196ced74c22a,POPULATION-RESEED,0.33775,65312520.0,5883.0,1247656.5,5200036.5,440592975.0,601277.0,65318403.0,16763313000.0,15409913000.0,16.763313,15.409913,623.82825,516816896.0,492.875,4.959141254425049,420.182204246521
838,R5,OBLIQUE-GRADUAL-SEVERE,38,ea9384f7fcae93e6,CHAMPION-RESEED,0.30300000000000005,65312520.0,36.0,1405292.0,3901492.0,383588580.0,542177.0,65312556.0,15643205500.0,14436891893.0,15.6432055,14.436891893,702.646,483995648.0,461.57421875,3.720752716064453,365.81857681274414
838,R5,OBLIQUE-GRADUAL-SEVERE,38,ea9384f7fcae93e6,PERSIST,0.31525000000000003,65312520.0,0.0,1304516.5,4844487.0,362067340.5,578102.0,65312520.0,16162406000.0,14903978279.0,16.162406,14.903978279,652.25825,474214400.0,452.24609375,4.620062828063965,345.29432344436646
838,R5,OBLIQUE-GRADUAL-SEVERE,38,ea9384f7fcae93e6,POPULATION-RESEED,0.31074999999999997,65312520.0,5365.0,1238537.5,4041206.5,429697876.0,589927.5,65317885.0,16300742000.0,15057647402.5,16.300742,15.0576474025,619.26875,486703104.0,464.15625,3.853994846343994,409.7918281555176
839,R5,OBLIQUE-GRADUAL-SEVERE,39,8c8e6194d77f1b48,CHAMPION-RESEED,0.34825,65312520.0,32.0,1262245.0,3443145.0,329013676.5,468873.5,65312552.0,13753549000.0,12923983881.0,13.753549,12.923983881,631.1225,467871744.0,446.197265625,3.2836389541625977,313.7718930244446
839,R5,OBLIQUE-GRADUAL-SEVERE,39,8c8e6194d77f1b48,PERSIST,0.33675,65312520.0,0.0,1298690.5,3670048.5,304306442.0,489005.0,65312520.0,14312680500.0,13350488198.5,14.3126805,13.3504881985,649.34525,456904704.0,435.73828125,3.500030994415283,290.20923805236816
839,R5,OBLIQUE-GRADUAL-SEVERE,39,8c8e6194d77f1b48,POPULATION-RESEED,0.34099999999999997,65312520.0,4788.0,1291702.0,3780278.5,367666825.5,508046.0,65317308.0,14616703500.0,13672589783.5,14.6167035,13.6725897835,645.851,469035008.0,447.306640625,3.605154514312744,350.6344084739685
840,R5,OBLIQUE-GRADUAL-SEVERE,40,96d2abaef1d768dc,CHAMPION-RESEED,0.32199999999999995,65312520.0,32.0,1311789.5,4161103.5,388523008.5,549113.0,65312552.0,15347688000.0,14208485300.0,15.347688,14.2084853,655.89475,465418240.0,443.857421875,3.9683375358581543,370.52441453933716
840,R5,OBLIQUE-GRADUAL-SEVERE,40,96d2abaef1d768dc,PERSIST,0.33199999999999996,65312520.0,0.0,1469425.5,4136692.0,326644859.5,524793.0,65312520.0,15017555500.0,13795173385.0,15.0175555,13.795173385,734.71275,430249984.0,410.318359375,3.945056915283203,311.5128130912781
840,R5,OBLIQUE-GRADUAL-SEVERE,40,96d2abaef1d768dc,POPULATION-RESEED,0.33325,65312520.0,5283.0,1265270.5,3176070.5,343860297.5,478410.0,65317803.0,14214955000.0,13095202545.0,14.214955,13.095202545,632.63525,468291584.0,446.59765625,3.0289368629455566,327.93073415756226
841,R5,OBLIQUE-GRADUAL-SEVERE,41,9b8b369e2e2c3a31,CHAMPION-RESEED,0.30425,65312520.0,29.0,1190017.5,3502812.5,352970145.5,500259.0,65312549.0,14761127000.0,13607703547.0,14.761127,13.607703547,595.00875,515225600.0,491.357421875,3.3405423164367676,336.6185622215271
841,R5,OBLIQUE-GRADUAL-SEVERE,41,9b8b369e2e2c3a31,PERSIST,0.317,65312520.0,0.0,1259621.5,3725656.5,292887671.0,473618.0,65312520.0,14101162500.0,13005528794.0,14.1011625,13.005528794,629.81075,470149120.0,448.369140625,3.553062915802002,279.31944942474365
841,R5,OBLIQUE-GRADUAL-SEVERE,41,9b8b369e2e2c3a31,POPULATION-RESEED,0.314,65312520.0,4081.0,1259172.5,5229036.5,364862606.5,506372.0,65316601.0,15069259000.0,13946552794.0,15.069259,13.946552794,629.58625,541353984.0,516.275390625,4.98679780960083,347.9600968360901
842,R5,OBLIQUE-GRADUAL-SEVERE,42,10de18bdf007bc71,CHAMPION-RESEED,0.32275,65312520.0,28.0,1311181.0,4430163.0,335543235.5,476701.5,65312548.0,13611709500.0,12892993974.5,13.6117095,12.8929939745,655.5905,425467904.0,405.7578125,4.224932670593262,319.99896574020386
842,R5,OBLIQUE-GRADUAL-SEVERE,42,10de18bdf007bc71,PERSIST,0.3175,65312520.0,0.0,1362488.0,3160541.5,282720947.5,459487.0,65312520.0,13131778000.0,12406762633.0,13.131778,12.406762633,681.244,421693440.0,402.158203125,3.014127254486084,269.6237063407898
842,R5,OBLIQUE-GRADUAL-SEVERE,42,10de18bdf007bc71,POPULATION-RESEED,0.33625,65312520.0,4546.0,1272865.0,3311856.5,343066333.0,475764.0,65317066.0,13609646000.0,12953687691.5,13.609646,12.9536876915,636.4325,432093184.0,412.076171875,3.1584324836730957,327.1735506057739
843,R5,OBLIQUE-GRADUAL-SEVERE,43,0982783b8761748f,CHAMPION-RESEED,0.3275,65312520.0,35.0,1305800.0,3549586.5,347002383.5,494075.5,65312555.0,13789089000.0,13112756540.0,13.789089,13.11275654,652.9,416133120.0,396.85546875,3.3851494789123535,330.9272608757019
843,R5,OBLIQUE-GRADUAL-SEVERE,43,0982783b8761748f,PERSIST,0.3155,65312520.0,0.0,1264861.0,3328391.5,279311148.5,448899.0,65312520.0,13453487500.0,12652539828.5,13.4534875,12.6525398285,632.4305,402962432.0,384.294921875,3.174201488494873,266.3718686103821
843,R5,OBLIQUE-GRADUAL-SEVERE,43,0982783b8761748f,POPULATION-RESEED,0.318,65312520.0,3913.0,1166273.0,3438264.5,312285329.0,439239.0,65316433.0,12891778000.0,12265689253.0,12.891778,12.265689253,583.1365,417488896.0,398.1484375,3.278984546661377,297.8184976577759
844,R5,OBLIQUE-GRADUAL-SEVERE,44,b3380abd1198981e,CHAMPION-RESEED,0.32099999999999995,65312520.0,39.0,1331446.5,3827009.0,420625027.0,591368.5,65312559.0,15967348000.0,14701917372.0,15.967348,14.701917372,665.72325,589334528.0,562.033203125,3.6497201919555664,401.13928508758545
844,R5,OBLIQUE-GRADUAL-SEVERE,44,b3380abd1198981e,PERSIST,0.31899999999999995,65312520.0,0.0,1297844.0,3763873.5,354860217.0,571579.5,65312520.0,15958265000.0,14636213662.0,15.958265,14.636213662,648.922,581505024.0,554.56640625,3.5895094871520996,338.42107486724854
844,R5,OBLIQUE-GRADUAL-SEVERE,44,b3380abd1198981e,POPULATION-RESEED,0.3235,65312520.0,6343.0,1290816.0,5296973.0,501122697.5,682793.5,65318863.0,18474055500.0,16953590288.5,18.4740555,16.9535902885,645.408,618903552.0,590.232421875,5.051587104797363,477.9078459739685
845,R5,OBLIQUE-GRADUAL-SEVERE,45,9067221b6878753c,CHAMPION-RESEED,0.33075,65312520.0,22.0,1342790.0,2482468.0,264000728.5,381948.0,65312542.0,12225872000.0,11649427382.0,12.225872,11.649427382,671.395,441677824.0,421.216796875,2.3674659729003906,251.7707142829895
845,R5,OBLIQUE-GRADUAL-SEVERE,45,9067221b6878753c,PERSIST,0.31675,65312520.0,0.0,1338758.5,3738736.5,305763681.5,490160.5,65312520.0,14208336500.0,13432625946.0,14.2083365,13.432625946,669.37925,426573824.0,406.8125,3.5655369758605957,291.59896993637085
845,R5,OBLIQUE-GRADUAL-SEVERE,45,9067221b6878753c,POPULATION-RESEED,0.3295,65312520.0,4344.0,1422872.5,3109022.0,315690835.5,441960.5,65316864.0,12895748000.0,12252689944.5,12.895748,12.2526899445,711.43625,443252736.0,422.71875,2.964994430541992,301.0662417411804
846,R5,OBLIQUE-GRADUAL-SEVERE,46,1286a2a25b4013e8,CHAMPION-RESEED,0.32025000000000003,65312520.0,24.0,1331983.0,3434779.5,327948517.5,468731.5,65312544.0,14566040500.0,13785474609.5,14.5660405,13.7854746095,665.9915,496898048.0,473.87890625,3.275660991668701,312.7560782432556
846,R5,OBLIQUE-GRADUAL-SEVERE,46,1286a2a25b4013e8,PERSIST,0.31575,65312520.0,0.0,1419408.0,3615764.5,309542260.0,498378.5,65312520.0,15619657500.0,14591141423.5,15.6196575,14.5911414235,709.704,492034048.0,469.240234375,3.4482617378234863,295.2025032043457
846,R5,OBLIQUE-GRADUAL-SEVERE,46,1286a2a25b4013e8,POPULATION-RESEED,0.32475,65312520.0,4082.0,1330095.5,3984362.0,370907765.5,513638.0,65316602.0,15797887500.0,14753755834.5,15.7978875,14.7537558345,665.04775,504475648.0,481.10546875,3.799783706665039,353.7252097129822
847,R5,OBLIQUE-GRADUAL-SEVERE,47,d83bc426baea2142,CHAMPION-RESEED,0.33875,65312520.0,36.0,1344247.0,4474982.0,417029789.0,586601.0,65312556.0,15609176000.0,14728925513.5,15.609176,14.7289255135,672.1235,434610176.0,414.4765625,4.267675399780273,397.7105989456177
847,R5,OBLIQUE-GRADUAL-SEVERE,47,d83bc426baea2142,PERSIST,0.333,65312520.0,0.0,1504495.0,3444797.5,328321468.0,526100.5,65312520.0,15025552500.0,14145173021.0,15.0255525,14.145173021,752.2475,428662784.0,408.8046875,3.285214900970459,313.1117515563965
847,R5,OBLIQUE-GRADUAL-SEVERE,47,d83bc426baea2142,POPULATION-RESEED,0.32599999999999996,65312520.0,5010.0,1244325.5,3314123.0,373254813.5,515604.5,65317530.0,14481639500.0,13671987285.0,14.4816395,13.671987285,622.16275,440057856.0,419.671875,3.1605939865112305,355.96352910995483
848,R5,OBLIQUE-GRADUAL-SEVERE,48,b6706438d0b8e4f7,CHAMPION-RESEED,0.34199999999999997,65312520.0,34.0,1211156.0,3327778.5,369413363.5,522688.5,65312554.0,14749606000.0,13950060919.5,14.749606,13.9500609195,605.578,471558144.0,449.712890625,3.173616886138916,352.30003690719604
848,R5,OBLIQUE-GRADUAL-SEVERE,48,b6706438d0b8e4f7,PERSIST,0.32399999999999995,65312520.0,0.0,4113962.5,3757997.0,329905764.0,530212.0,65312520.0,14674428000.0,13880100237.5,14.674428,13.8801002375,2056.98125,462921728.0,441.4765625,3.5839052200317383,314.62265396118164
848,R5,OBLIQUE-GRADUAL-SEVERE,48,b6706438d0b8e4f7,POPULATION-RESEED,0.32825,65312520.0,5914.0,1175127.0,4224231.5,398428861.5,549654.0,65318434.0,15616000500.0,14712814435.0,15.6160005,14.712814435,587.5635,478083072.0,455.935546875,4.028541088104248,379.97137212753296
849,R5,OBLIQUE-GRADUAL-SEVERE,49,db8199c6dccb12e2,CHAMPION-RESEED,0.32625,65312520.0,32.0,5693337.5,3750675.5,337086034.5,479459.5,65312552.0,13833174000.0,13109462348.5,13.833174,13.1094623485,2846.66875,495620096.0,472.66015625,3.57692289352417,321.4702935218811
849,R5,OBLIQUE-GRADUAL-SEVERE,49,db8199c6dccb12e2,PERSIST,0.32699999999999996,65312520.0,0.0,1281746.0,3660044.5,331468895.0,534413.0,65312520.0,15155852500.0,14224762999.5,15.1558525,14.2247629995,640.873,471642112.0,449.79296875,3.490490436553955,316.11337184906006
849,R5,OBLIQUE-GRADUAL-SEVERE,49,db8199c6dccb12e2,POPULATION-RESEED,0.3245,65312520.0,5503.0,1289207.0,4171199.0,433742837.5,594125.5,65318023.0,16242254000.0,15288392489.0,16.242254,15.288392489,644.6035,505221120.0,481.81640625,3.9779653549194336,413.6494040489197
850,R5,OBLIQUE-GRADUAL-SEVERE,50,3315c5c351d7da1c,CHAMPION-RESEED,0.3235,65312520.0,34.0,1289393.0,3815878.5,364351291.5,514540.5,65312554.0,14557139500.0,13779199207.0,14.5571395,13.779199207,644.6965,419745792.0,400.30078125,3.6391053199768066,347.4724688529968
850,R5,OBLIQUE-GRADUAL-SEVERE,50,3315c5c351d7da1c,PERSIST,0.32475,65312520.0,0.0,1421548.5,4008816.0,335786809.0,537029.0,65312520.0,15339558000.0,14424077788.0,15.339558,14.424077788,710.77425,402284544.0,383.6484375,3.8231048583984375,320.23125553131104
850,R5,OBLIQUE-GRADUAL-SEVERE,50,3315c5c351d7da1c,POPULATION-RESEED,0.32499999999999996,65312520.0,4554.0,1243980.0,4157347.5,380615707.5,522847.0,65317074.0,14610396000.0,13828781974.0,14.610396,13.828781974,621.99,429551616.0,409.65234375,3.9647555351257324,362.9834246635437
851,R5,OBLIQUE-GRADUAL-SEVERE,51,8c67daa218ed8f96,CHAMPION-RESEED,0.33275,65312520.0,27.0,1275687.0,3306790.5,306374151.5,437614.0,65312547.0,13245535000.0,12350559034.0,13.245535,12.350559034,637.8435,449785856.0,428.94921875,3.1536011695861816,292.1811594963074
851,R5,OBLIQUE-GRADUAL-SEVERE,51,8c67daa218ed8f96,PERSIST,0.31325000000000003,65312520.0,0.0,1319392.5,3284981.0,263300303.0,428079.0,65312520.0,12999653000.0,12009241407.5,12.999653,12.0092414075,659.69625,439574528.0,419.2109375,3.1328020095825195,251.1027364730835
851,R5,OBLIQUE-GRADUAL-SEVERE,51,8c67daa218ed8f96,POPULATION-RESEED,0.31975,65312519.5,4500.0,1257698.0,5127674.5,375728739.5,518389.5,65317019.5,15302819500.0,14039884815.5,15.3028195,14.0398848155,628.849,456644608.0,435.490234375,4.89013147354126,358.3228487968445
852,R5,OBLIQUE-GRADUAL-SEVERE,52,cf639e9a3328dc5c,CHAMPION-RESEED,0.32,65312520.0,31.0,1263636.0,3856216.0,382781588.0,542043.5,65312551.0,14753007500.0,13905391136.5,14.7530075,13.9053911365,631.818,516153344.0,492.2421875,3.6775741577148438,365.0489692687988
852,R5,OBLIQUE-GRADUAL-SEVERE,52,cf639e9a3328dc5c,PERSIST,0.32675,65312520.0,0.0,1330416.0,2533147.5,301651710.5,486780.5,65312520.0,13494758000.0,12726562004.0,13.494758,12.726562004,665.208,500252672.0,477.078125,2.415797710418701,287.6774888038635
852,R5,OBLIQUE-GRADUAL-SEVERE,52,cf639e9a3328dc5c,POPULATION-RESEED,0.33075,65312520.0,4694.0,1339326.0,4224634.5,364564086.5,504671.5,65317214.0,14421229000.0,13626389026.0,14.421229,13.626389026,669.663,516153344.0,492.2421875,4.02892541885376,347.6754059791565
853,R5,OBLIQUE-GRADUAL-SEVERE,53,f28ab6e2951662f3,CHAMPION-RESEED,0.33425,65312520.0,31.0,4329904.5,4270416.0,359879228.5,510672.5,65312551.0,14343154500.0,13626522620.5,14.3431545,13.6265226205,2164.95225,463228928.0,441.76953125,4.0725860595703125,343.20757722854614
853,R5,OBLIQUE-GRADUAL-SEVERE,53,f28ab6e2951662f3,PERSIST,0.34650000000000003,65312520.0,0.0,1317578.5,3223949.0,337176954.5,542400.0,65312520.0,14975801000.0,14091227645.5,14.975801,14.0912276455,658.78925,457199616.0,436.01953125,3.0745973587036133,321.55700159072876
853,R5,OBLIQUE-GRADUAL-SEVERE,53,f28ab6e2951662f3,POPULATION-RESEED,0.34425,65312520.0,5314.0,1264862.0,4575275.0,421516556.0,579431.0,65317834.0,15904475500.0,15032011722.0,15.9044755,15.032011722,632.431,492361728.0,469.552734375,4.3633222579956055,401.9895133972168
854,R5,OBLIQUE-GRADUAL-SEVERE,54,2bd43698fc20cb5e,CHAMPION-RESEED,0.306,65312520.0,36.0,1354493.5,5474255.0,444673211.0,623697.5,65312556.0,16662866000.0,15377842154.0,16.662866,15.377842154,677.24675,554573824.0,528.8828125,5.220656394958496,424.07342052459717
854,R5,OBLIQUE-GRADUAL-SEVERE,54,2bd43698fc20cb5e,PERSIST,0.3035,65312520.0,0.0,1416741.0,3674416.0,320273126.5,515302.0,65312520.0,14919083500.0,13675576106.5,14.9190835,13.6755761065,708.3705,513105920.0,489.3359375,3.5041961669921875,305.43625497817993
854,R5,OBLIQUE-GRADUAL-SEVERE,54,2bd43698fc20cb5e,POPULATION-RESEED,0.3125,65312520.0,5021.0,1211953.0,4497850.5,412440505.5,567545.5,65317541.0,16073650500.0,14768429852.5,16.0736505,14.7684298525,605.9765,554573824.0,528.8828125,4.28948450088501,393.3339171409607
855,R5,OBLIQUE-GRADUAL-SEVERE,55,f6f745a19162cf5b,CHAMPION-RESEED,0.32199999999999995,65312520.0,28.0,1272056.0,3404201.0,351153850.5,499968.5,65312548.0,14301354000.0,13359102767.5,14.301354,13.3591027675,636.028,488685568.0,466.046875,3.2464990615844727,334.88640832901
855,R5,OBLIQUE-GRADUAL-SEVERE,55,f6f745a19162cf5b,PERSIST,0.32899999999999996,65312520.0,0.0,1317142.0,3370671.5,325874149.5,522942.0,65312520.0,15133455000.0,13989712993.5,15.133455,13.9897129935,658.571,470751232.0,448.943359375,3.2145228385925293,310.7778067588806
855,R5,OBLIQUE-GRADUAL-SEVERE,55,f6f745a19162cf5b,POPULATION-RESEED,0.31925,65312520.0,4715.0,1324740.5,4095035.0,375700707.5,519586.0,65317235.0,15203478000.0,14252096616.5,15.203478,14.2520966165,662.37025,500862976.0,477.66015625,3.905329704284668,358.296115398407
856,R5,OBLIQUE-GRADUAL-SEVERE,56,db4bdf3ff7105474,CHAMPION-RESEED,0.3245,65312520.0,37.0,1197991.5,3882193.0,390804516.0,552633.5,65312557.0,15214989000.0,14124622697.0,15.214989,14.124622697,598.99575,506634240.0,483.1640625,3.702347755432129,372.7002296447754
856,R5,OBLIQUE-GRADUAL-SEVERE,56,db4bdf3ff7105474,PERSIST,0.31025,65312520.0,0.0,1228360.5,3839333.5,321098504.0,515243.0,65312520.0,14952684500.0,13789686948.0,14.9526845,13.789686948,614.18025,495024128.0,472.091796875,3.6614737510681152,306.22339630126953
856,R5,OBLIQUE-GRADUAL-SEVERE,56,db4bdf3ff7105474,POPULATION-RESEED,0.322,65312520.0,5106.0,1151038.5,4045521.5,379156849.5,523481.0,65317626.0,15189180500.0,13925234951.5,15.1891805,13.9252349515,575.51925,506634240.0,483.1640625,3.858109951019287,361.5921492576599
857,R5,OBLIQUE-GRADUAL-SEVERE,57,11987d9ef559639e,CHAMPION-RESEED,0.3325,65312520.0,33.0,1340331.5,4219560.0,354218914.0,502768.0,65312553.0,14182217500.0,13269204958.5,14.1822175,13.2692049585,670.16575,573919232.0,547.33203125,4.024085998535156,337.80948066711426
857,R5,OBLIQUE-GRADUAL-SEVERE,57,11987d9ef559639e,PERSIST,0.33399999999999996,65312520.0,0.0,1363006.0,4202098.5,367604247.0,590606.5,65312520.0,16096742000.0,14852555791.5,16.096742,14.8525557915,681.503,523974656.0,499.701171875,4.0074334144592285,350.5747289657593
857,R5,OBLIQUE-GRADUAL-SEVERE,57,11987d9ef559639e,POPULATION-RESEED,0.3315,65312520.0,5127.0,1274135.0,4706024.0,416349441.5,570520.5,65317647.0,15883295500.0,14806857998.0,15.8832955,14.806857998,637.0675,576808960.0,550.087890625,4.488014221191406,397.0617690086365
858,R5,OBLIQUE-GRADUAL-SEVERE,58,326ce1a2da6aa9d1,CHAMPION-RESEED,0.3245,65312520.0,31.0,1231224.5,2961225.0,347325473.0,491737.5,65312551.0,13824549000.0,13093667101.0,13.824549,13.093667101,615.61225,433014784.0,412.955078125,2.8240442276000977,331.23538303375244
858,R5,OBLIQUE-GRADUAL-SEVERE,58,326ce1a2da6aa9d1,PERSIST,0.336,65312520.0,0.0,1323373.5,3154628.5,304492958.5,493501.0,65312520.0,13807438500.0,13040990410.5,13.8074385,13.0409904105,661.68675,426172416.0,406.4296875,3.008488178253174,290.38711404800415
858,R5,OBLIQUE-GRADUAL-SEVERE,58,326ce1a2da6aa9d1,POPULATION-RESEED,0.31875,65312520.0,4819.0,1213589.0,3254193.0,344879383.0,478489.5,65317339.0,13592143500.0,12865049927.0,13.5921435,12.865049927,606.7945,436320256.0,416.107421875,3.103440284729004,328.9026098251343
859,R5,OBLIQUE-GRADUAL-SEVERE,59,f0d4452d9637be12,CHAMPION-RESEED,0.31875,65312520.0,33.0,1285926.5,2839586.0,385720359.0,544053.5,65312553.0,14875992500.0,13973004245.5,14.8759925,13.9730042455,642.96325,457934848.0,436.720703125,2.708040237426758,367.85159969329834
859,R5,OBLIQUE-GRADUAL-SEVERE,59,f0d4452d9637be12,PERSIST,0.32699999999999996,65312520.0,0.0,1444288.5,4431557.5,343839307.5,550406.0,65312520.0,15098022000.0,14196818856.5,15.098022,14.1968188565,722.14425,446363648.0,425.685546875,4.22626256942749,327.9107165336609
859,R5,OBLIQUE-GRADUAL-SEVERE,59,f0d4452d9637be12,POPULATION-RESEED,0.33175,65312520.0,5204.0,1227347.0,4404680.0,400223468.0,550981.5,65317724.0,15079990000.0,14254015914.5,15.07999,14.2540159145,613.6735,458973184.0,437.7109375,4.200630187988281,381.6828422546387
860,R5,OBLIQUE-GRADUAL-SEVERE,60,6f623868e79e740a,CHAMPION-RESEED,0.3335,65312520.0,29.0,1257479.0,4228539.5,354798115.0,504498.5,65312549.0,14212953000.0,13316931239.0,14.212953,13.316931239,628.7395,477790208.0,455.65625,4.032649517059326,338.3618497848511
860,R5,OBLIQUE-GRADUAL-SEVERE,60,6f623868e79e740a,PERSIST,0.34075,65312520.0,0.0,1370497.5,2765786.0,290717857.0,470200.5,65312520.0,13752413500.0,12829178586.0,13.7524135,12.829178586,685.24875,460539904.0,439.205078125,2.6376590728759766,277.25015354156494
860,R5,OBLIQUE-GRADUAL-SEVERE,60,6f623868e79e740a,POPULATION-RESEED,0.34325,65312520.0,4711.0,1184857.5,3803595.5,323021747.5,451669.5,65317231.0,13486656000.0,12667729122.5,13.486656,12.6677291225,592.42875,489832448.0,467.140625,3.6273913383483887,308.0575442314148
861,R5,OBLIQUE-GRADUAL-SEVERE,61,faa35158a47e345c,CHAMPION-RESEED,0.3095,65312520.0,25.0,1238650.0,4335016.5,356404881.0,507325.5,65312545.0,14153475500.0,13318704362.0,14.1534755,13.318704362,619.325,517330944.0,493.365234375,4.1341938972473145,339.8941812515259
861,R5,OBLIQUE-GRADUAL-SEVERE,61,faa35158a47e345c,PERSIST,0.31775,65312520.0,0.0,1292850.0,3295140.0,310877877.5,500805.5,65312520.0,14438071000.0,13432581382.0,14.438071,13.432581382,646.425,508272640.0,484.7265625,3.1424903869628906,296.4762473106384
861,R5,OBLIQUE-GRADUAL-SEVERE,61,faa35158a47e345c,POPULATION-RESEED,0.319,65312520.0,5541.0,1316444.0,5277281.5,410006839.5,563219.5,65318061.0,15480456500.0,14371320062.0,15.4804565,14.371320062,658.222,562055168.0,536.017578125,5.03280782699585,391.01299238204956
862,R5,OBLIQUE-GRADUAL-SEVERE,62,c53d59928f8359e2,CHAMPION-RESEED,0.32899999999999996,65312520.0,34.0,1472610.0,3665689.0,376387814.0,533102.0,65312554.0,14435752000.0,13681955146.0,14.435752,13.681955146,736.305,472967168.0,451.056640625,3.49587345123291,358.9513912200928
862,R5,OBLIQUE-GRADUAL-SEVERE,62,c53d59928f8359e2,PERSIST,0.32675,65312520.0,0.0,1501725.0,3183094.5,335400642.5,539284.5,65312520.0,14609158000.0,13702047091.0,14.609158,13.702047091,750.8625,459669504.0,438.375,3.035635471343994,319.86297845840454
862,R5,OBLIQUE-GRADUAL-SEVERE,62,c53d59928f8359e2,POPULATION-RESEED,0.3255,65312520.0,5644.0,1353826.5,4477801.5,390732429.0,537554.5,65318164.0,14477444500.0,13700685369.0,14.4774445,13.700685369,676.91325,497426432.0,474.3828125,4.270364284515381,372.6314821243286
863,R5,OBLIQUE-GRADUAL-SEVERE,63,5707082e6d44387b,CHAMPION-RESEED,0.33525,65312520.0,34.0,1327574.5,3412998.0,345270188.0,491703.5,65312554.0,13718469000.0,13073900075.5,13.718469,13.0739000755,663.78725,442896384.0,422.37890625,3.2548885345458984,329.2753105163574
863,R5,OBLIQUE-GRADUAL-SEVERE,63,5707082e6d44387b,PERSIST,0.32999999999999996,65312520.0,0.0,8192232.5,3133941.0,301847326.0,485948.5,65312520.0,14369220500.0,13484028462.5,14.3692205,13.4840284625,4096.11625,425852928.0,406.125,2.9887590408325195,287.8640422821045
863,R5,OBLIQUE-GRADUAL-SEVERE,63,5707082e6d44387b,POPULATION-RESEED,0.3405,65312520.0,4728.0,1280592.5,3110119.0,357633363.5,496563.5,65317248.0,13874904500.0,13135867030.0,13.8749045,13.13586703,640.29625,464560128.0,443.0390625,2.96604061126709,341.0657534599304
864,R5,OBLIQUE-GRADUAL-SEVERE,64,a7a721ab708264bb,CHAMPION-RESEED,0.33175,65312520.0,37.0,1307668.0,4287620.0,400658858.5,563607.0,65312557.0,15011114000.0,14191242557.0,15.011114,14.191242557,653.834,497379328.0,474.337890625,4.088993072509766,382.09806299209595
864,R5,OBLIQUE-GRADUAL-SEVERE,64,a7a721ab708264bb,PERSIST,0.34850000000000003,65312520.0,0.0,1481065.0,4932661.5,371138949.0,592403.0,65312520.0,15453246000.0,14417770720.5,15.453246,14.4177707205,740.5325,484685824.0,462.232421875,4.704152584075928,353.9456834793091
864,R5,OBLIQUE-GRADUAL-SEVERE,64,a7a721ab708264bb,POPULATION-RESEED,0.34199999999999997,65312520.0,4975.0,1281627.0,5933333.0,444874395.5,607930.5,65317495.0,15969516000.0,15078367020.0,15.969516,15.07836702,640.8135,525137920.0,500.810546875,5.6584672927856445,424.2652850151062
865,R5,OBLIQUE-GRADUAL-SEVERE,65,e9b9ff475da5a7d3,CHAMPION-RESEED,0.3175,65312520.0,41.0,1473234.5,4821467.5,437360749.0,613934.5,65312561.0,16210635000.0,15140127926.0,16.210635,15.140127926,736.61725,495024128.0,472.091796875,4.598109722137451,417.0997133255005
865,R5,OBLIQUE-GRADUAL-SEVERE,65,e9b9ff475da5a7d3,PERSIST,0.33125,65312520.0,0.0,1464734.0,3655274.5,313985384.0,505675.5,65312520.0,14345311000.0,13334326864.5,14.345311,13.3343268645,732.367,447059968.0,426.349609375,3.4859414100646973,299.4397964477539
865,R5,OBLIQUE-GRADUAL-SEVERE,65,e9b9ff475da5a7d3,POPULATION-RESEED,0.313,65312520.0,5729.0,1362554.0,4026147.0,351570714.5,489511.5,65318249.0,13945830000.0,13100938168.5,13.94583,13.1009381685,681.277,527863808.0,503.41015625,3.839632987976074,335.2839608192444
866,R5,OBLIQUE-GRADUAL-SEVERE,66,cf2b6297ffa701e8,CHAMPION-RESEED,0.32999999999999996,65312520.0,23.0,1264671.5,3567038.5,317460263.0,454613.0,65312543.0,13264877500.0,12492638479.0,13.2648775,12.492638479,632.33575,453033984.0,432.046875,3.4017930030822754,302.75369930267334
866,R5,OBLIQUE-GRADUAL-SEVERE,66,cf2b6297ffa701e8,PERSIST,0.32525,65312520.0,0.0,1375150.0,3310837.5,280546965.0,453123.0,65312520.0,13607920000.0,12697765224.0,13.60792,12.697765224,687.575,440709120.0,420.29296875,3.1574606895446777,267.55043506622314
866,R5,OBLIQUE-GRADUAL-SEVERE,66,cf2b6297ffa701e8,POPULATION-RESEED,0.32799999999999996,65312520.0,4458.0,1314234.0,3911640.5,357645298.0,495022.5,65316978.0,14059770000.0,13112849690.5,14.05977,13.1128496905,657.117,464705536.0,443.177734375,3.730431079864502,341.07713508605957
867,R5,OBLIQUE-GRADUAL-SEVERE,67,e28db082ec5be0a0,CHAMPION-RESEED,0.3155,65312520.0,30.0,1284018.5,4527649.0,369366746.0,522728.5,65312550.0,14853724500.0,13705692931.0,14.8537245,13.705692931,642.00925,489633792.0,466.951171875,4.317902565002441,352.255578994751
867,R5,OBLIQUE-GRADUAL-SEVERE,67,e28db082ec5be0a0,PERSIST,0.3295,65312520.0,0.0,1291817.5,2587121.0,289047071.5,469043.5,65312520.0,13762509500.0,12720241926.0,13.7625095,12.720241926,645.90875,473538560.0,451.6015625,2.467270851135254,275.65676832199097
867,R5,OBLIQUE-GRADUAL-SEVERE,67,e28db082ec5be0a0,POPULATION-RESEED,0.3235,65312520.0,5147.0,1178723.5,3217029.0,382148576.0,527368.0,65317667.0,14969023000.0,13869532448.5,14.969023,13.8695324485,589.36175,545980416.0,520.6875,3.067997932434082,364.4452819824219
868,R5,OBLIQUE-GRADUAL-SEVERE,68,0968f76fe9fb01a6,CHAMPION-RESEED,0.31975,65312520.0,41.0,1385495.5,5396542.5,454512321.0,638051.0,65312561.0,17281983000.0,15911159941.0,17.281983,15.911159941,692.74775,519985152.0,495.896484375,5.146543979644775,433.45672702789307
868,R5,OBLIQUE-GRADUAL-SEVERE,68,0968f76fe9fb01a6,PERSIST,0.32775,65312520.0,0.0,1386916.5,4646201.5,391463027.5,623843.5,65312520.0,17216139500.0,15767428939.0,17.2161395,15.767428939,693.45825,499277824.0,476.1484375,4.430963039398193,373.32823514938354
868,R5,OBLIQUE-GRADUAL-SEVERE,68,0968f76fe9fb01a6,POPULATION-RESEED,0.33525000000000005,65312520.0,6121.0,1384503.0,5930238.0,477040834.0,651804.0,65318641.0,17998519000.0,16565250331.5,17.998519,16.5652503315,692.2515,523659264.0,499.400390625,5.655515670776367,454.9415912628174
869,R5,OBLIQUE-GRADUAL-SEVERE,69,4a3c2f0080d0967a,CHAMPION-RESEED,0.33675,65312520.0,32.0,1322701.5,4852851.5,403166849.0,567771.5,65312552.0,15992497500.0,14712012089.5,15.9924975,14.7120120895,661.35075,432900096.0,412.845703125,4.628039836883545,384.4898691177368
869,R5,OBLIQUE-GRADUAL-SEVERE,69,4a3c2f0080d0967a,PERSIST,0.32499999999999996,65312520.0,0.0,1377558.5,3993829.5,317599728.5,509944.0,65312520.0,14776132500.0,13652748847.5,14.7761325,13.6527488475,688.77925,427743232.0,407.927734375,3.8088126182556152,302.8867039680481
869,R5,OBLIQUE-GRADUAL-SEVERE,69,4a3c2f0080d0967a,POPULATION-RESEED,0.33499999999999996,65312520.0,4938.0,1342096.0,3811258.5,351775498.5,487285.5,65317458.0,14421223000.0,13358154364.5,14.421223,13.3581543645,671.048,453031936.0,432.044921875,3.6346993446350098,335.4792580604553
870,R5,OBLIQUE-GRADUAL-SEVERE,70,ac340414170deb5b,CHAMPION-RESEED,0.31325000000000003,65312520.0,31.0,1349253.5,4250996.5,383921703.0,543107.5,65312551.0,14693452000.0,13843540363.5,14.693452,13.8435403635,674.62675,500848640.0,477.646484375,4.054066181182861,366.13626766204834
870,R5,OBLIQUE-GRADUAL-SEVERE,70,ac340414170deb5b,PERSIST,0.32199999999999995,65312520.0,0.0,1411304.0,3670829.0,345700316.5,556234.0,65312520.0,15375030000.0,14466339354.0,15.37503,14.466339354,705.652,497506304.0,474.458984375,3.5007753372192383,329.68551301956177
870,R5,OBLIQUE-GRADUAL-SEVERE,70,ac340414170deb5b,POPULATION-RESEED,0.31825,65312520.0,5502.0,1269810.5,5220846.0,430568071.0,590174.5,65318022.0,15764093500.0,14771519934.0,15.7640935,14.771519934,634.90525,507015168.0,483.52734375,4.978986740112305,410.6217107772827
871,R5,OBLIQUE-GRADUAL-SEVERE,71,ba105d6fda3698b9,CHAMPION-RESEED,0.32799999999999996,65312520.0,44.0,1397333.5,4119667.5,469613699.0,656214.0,65312564.0,17342035000.0,16076597340.0,17.342035,16.07659734,698.66675,534536192.0,509.7734375,3.928821086883545,447.85852336883545
871,R5,OBLIQUE-GRADUAL-SEVERE,71,ba105d6fda3698b9,PERSIST,0.3365,65312520.0,0.0,1394199.5,3222996.0,332486170.5,535830.5,65312520.0,15148657000.0,14037220200.5,15.148657,14.0372202005,697.09975,519524352.0,495.45703125,3.073688507080078,317.0835213661194
871,R5,OBLIQUE-GRADUAL-SEVERE,71,ba105d6fda3698b9,POPULATION-RESEED,0.33075,65312520.0,6165.0,1330931.5,4625389.5,424099482.0,581880.0,65318685.0,16145331000.0,15052541590.0,16.145331,15.05254159,665.46575,594001920.0,566.484375,4.4111151695251465,404.4527835845947
872,R5,OBLIQUE-GRADUAL-SEVERE,72,8dde93c024773dac,CHAMPION-RESEED,0.3205,65312520.0,32.0,1188156.5,3661212.0,345431684.0,492009.5,65312552.0,13890467000.0,13151373097.0,13.890467,13.151373097,594.07825,455766016.0,434.65234375,3.4916038513183594,329.42932510375977
872,R5,OBLIQUE-GRADUAL-SEVERE,72,8dde93c024773dac,PERSIST,0.33699999999999997,65312520.0,0.0,1327978.0,4644609.0,341202910.5,549062.5,65312520.0,14938083000.0,14015382708.5,14.938083,14.0153827085,663.989,447860736.0,427.11328125,4.429444313049316,325.3964524269104
872,R5,OBLIQUE-GRADUAL-SEVERE,72,8dde93c024773dac,POPULATION-RESEED,0.34175,65312520.0,4997.0,1238958.5,3857047.5,388273385.5,535234.0,65317517.0,15259588500.0,14372625711.5,15.2595885,14.3726257115,619.47925,464154624.0,442.65234375,3.6783671379089355,370.2863554954529
873,R5,OBLIQUE-GRADUAL-SEVERE,73,0d0b0828322bbae5,CHAMPION-RESEED,0.33025,65312520.0,35.0,1426268.0,4117997.0,360356071.5,510733.0,65312555.0,13908036000.0,13261226989.5,13.908036,13.2612269895,713.134,436541440.0,416.318359375,3.9272279739379883,343.66233015060425
873,R5,OBLIQUE-GRADUAL-SEVERE,73,0d0b0828322bbae5,PERSIST,0.3345,65312520.0,0.0,1352305.0,4026607.0,314713244.5,505583.5,65312520.0,13963086500.0,13089524559.0,13.9630865,13.089524559,676.1525,419166208.0,399.748046875,3.840071678161621,300.1339383125305
873,R5,OBLIQUE-GRADUAL-SEVERE,73,0d0b0828322bbae5,POPULATION-RESEED,0.33225,65312520.0,5152.0,1393318.0,3878351.0,357162402.0,495027.5,65317672.0,14072736000.0,13306171487.0,14.072736,13.306171487,696.659,455776256.0,434.662109375,3.698683738708496,340.61660957336426
874,R5,OBLIQUE-GRADUAL-SEVERE,74,16a8c168ed76b671,CHAMPION-RESEED,0.32225000000000004,65312520.0,40.0,1274056.0,3003280.0,347794510.5,494710.0,65312560.0,14092731000.0,13087431613.5,14.092731,13.0874316135,637.028,507029504.0,483.541015625,2.8641510009765625,331.68269205093384
874,R5,OBLIQUE-GRADUAL-SEVERE,74,16a8c168ed76b671,PERSIST,0.32425,65312520.0,0.0,5239240.5,4089171.0,334182897.5,538885.0,65312520.0,15062833500.0,13831825138.5,15.0628335,13.8318251385,2619.62025,499019776.0,475.90234375,3.8997373580932617,318.7016463279724
874,R5,OBLIQUE-GRADUAL-SEVERE,74,16a8c168ed76b671,POPULATION-RESEED,0.33199999999999996,65312520.0,5736.0,1278076.0,4525611.0,429887801.5,590674.0,65318256.0,16337047000.0,14999600142.0,16.337047,14.999600142,639.038,507029504.0,483.541015625,4.3159589767456055,409.9729552268982
875,R5,OBLIQUE-GRADUAL-SEVERE,75,7b3e1c1e4bd28bdc,CHAMPION-RESEED,0.31975,65312520.0,36.0,1456508.0,3503653.5,405538036.5,571435.5,65312556.0,15896775500.0,14777214381.5,15.8967755,14.7772143815,728.254,456376320.0,435.234375,3.3413443565368652,386.75120973587036
875,R5,OBLIQUE-GRADUAL-SEVERE,75,7b3e1c1e4bd28bdc,PERSIST,0.32975,65312520.0,0.0,1424334.5,3951596.5,325546525.5,522979.0,65312520.0,14705789500.0,13719658206.5,14.7057895,13.7196582065,712.16725,429481984.0,409.5859375,3.76853609085083,310.46536016464233
875,R5,OBLIQUE-GRADUAL-SEVERE,75,7b3e1c1e4bd28bdc,POPULATION-RESEED,0.3345,65312520.0,5110.0,1288002.0,4230426.5,374848009.0,516918.5,65317630.0,14750547500.0,13778402424.0,14.7505475,13.778402424,644.001,460404736.0,439.076171875,4.034449100494385,357.48291873931885
876,R5,OBLIQUE-GRADUAL-SEVERE,76,9c144291ad2760d1,CHAMPION-RESEED,0.3375,65312520.0,27.0,1325911.0,4363105.0,371923093.0,527483.0,65312547.0,14978562000.0,13942684219.0,14.978562,13.942684219,662.9555,445358080.0,424.7265625,4.160981178283691,354.69350147247314
876,R5,OBLIQUE-GRADUAL-SEVERE,76,9c144291ad2760d1,PERSIST,0.33999999999999997,65312520.0,0.0,1323243.5,2596212.0,262573946.5,426035.0,65312520.0,13084017500.0,12241898633.5,13.0840175,12.2418986335,661.62175,433491968.0,413.41015625,2.475940704345703,250.41002893447876
876,R5,OBLIQUE-GRADUAL-SEVERE,76,9c144291ad2760d1,POPULATION-RESEED,0.33625,65312520.0,4342.0,1240755.5,3977731.5,335170850.0,466326.5,65316862.0,13511898000.0,12684565299.5,13.511898,12.6845652995,620.37775,470970368.0,449.15234375,3.7934603691101074,319.64383125305176
877,R5,OBLIQUE-GRADUAL-SEVERE,77,7a2cb1bb6eace1d6,CHAMPION-RESEED,0.33025,65312520.0,36.0,1307755.5,4230626.0,414331828.5,583311.0,65312556.0,15174650500.0,14318076554.0,15.1746505,14.318076554,653.87775,483442688.0,461.046875,4.034639358520508,395.1376233100891
877,R5,OBLIQUE-GRADUAL-SEVERE,77,7a2cb1bb6eace1d6,PERSIST,0.33499999999999996,65312520.0,0.0,1366513.5,4445071.5,355792399.0,570555.0,65312520.0,15025267500.0,14101008314.5,15.0252675,14.1010083145,683.25675,472866816.0,450.9609375,4.239150524139404,339.31007289886475
877,R5,OBLIQUE-GRADUAL-SEVERE,77,7a2cb1bb6eace1d6,POPULATION-RESEED,0.32299999999999995,65312520.0,5370.0,1288093.5,4616193.5,410888140.5,565624.5,65317890.0,15646872000.0,14709960506.5,15.646872,14.7099605065,644.04675,483934208.0,461.515625,4.402345180511475,391.8534665107727
878,R5,OBLIQUE-GRADUAL-SEVERE,78,67a2a37ce0b52061,CHAMPION-RESEED,0.31725,65312520.0,32.0,1198581.0,5078297.0,401911140.5,566627.5,65312552.0,15008616000.0,14145583934.5,15.008616,14.1455839345,599.2905,439492608.0,419.1328125,4.84304141998291,383.2923321723938
878,R5,OBLIQUE-GRADUAL-SEVERE,78,67a2a37ce0b52061,PERSIST,0.32525,65312520.0,0.0,1296968.5,3131893.5,302813645.5,488725.0,65312520.0,13776645000.0,13088714796.0,13.776645,13.088714796,648.48425,428527616.0,408.67578125,2.9868063926696777,288.785596370697
878,R5,OBLIQUE-GRADUAL-SEVERE,78,67a2a37ce0b52061,POPULATION-RESEED,0.3225,65312520.0,4642.0,1219172.0,4385142.0,369758393.5,511483.0,65317162.0,14719594000.0,13956673971.0,14.719594,13.956673971,609.586,448096256.0,427.337890625,4.181997299194336,352.6290831565857
879,R5,OBLIQUE-GRADUAL-SEVERE,79,36b317852555de0c,CHAMPION-RESEED,0.3285,65312520.0,31.0,1345931.5,4286650.0,367420466.5,521041.0,65312551.0,14195126000.0,13504903938.5,14.195126,13.5049039385,672.96575,447281152.0,426.560546875,4.088068008422852,350.399462223053
879,R5,OBLIQUE-GRADUAL-SEVERE,79,36b317852555de0c,PERSIST,0.3275,65312520.0,0.0,1407828.0,3808893.0,298899245.0,479644.0,65312520.0,13778824000.0,12980135470.0,13.778824,12.98013547,703.914,421976064.0,402.427734375,3.632443428039551,285.05253314971924
879,R5,OBLIQUE-GRADUAL-SEVERE,79,36b317852555de0c,POPULATION-RESEED,0.326,65312520.0,4515.0,1256363.0,2801700.0,352740622.5,490144.5,65317035.0,14227891500.0,13566065210.0,14.2278915,13.56606521,628.1815,475185152.0,453.171875,2.6719093322753906,336.3996720314026
880,R5,OBLIQUE-RECURRENT-MILD,0,62cac0a08a1ebfa6,CHAMPION-RESEED,0.26325,65312520.0,27.0,1342863.0,4102929.0,330532471.0,475850.0,65312547.0,13991931500.0,13014792951.0,13.9919315,13.014792951,671.4315,470876160.0,449.0625,3.912858009338379,315.22032833099365
880,R5,OBLIQUE-RECURRENT-MILD,0,62cac0a08a1ebfa6,PERSIST,0.262,65312520.0,0.0,1309891.5,4158745.0,302868000.5,496030.5,65312520.0,14419143500.0,13245150641.5,14.4191435,13.2451506415,654.94575,454242304.0,433.19921875,3.96608829498291,288.8374333381653
880,R5,OBLIQUE-RECURRENT-MILD,0,62cac0a08a1ebfa6,POPULATION-RESEED,0.25675000000000003,65312520.0,4171.0,1586606.5,4409283.5,349747799.5,489362.5,65316691.0,15308166500.0,14199199517.5,15.3081665,14.1991995175,793.30325,470876160.0,449.0625,4.205020427703857,333.5454936027527
881,R5,OBLIQUE-RECURRENT-MILD,1,394639f1dfefce02,CHAMPION-RESEED,0.24975,65312520.0,37.0,1318761.5,5053654.0,426140604.5,603754.0,65312557.0,16372346000.0,15351445038.0,16.372346,15.351445038,659.38075,561651712.0,535.6328125,4.819540023803711,406.39934968948364
881,R5,OBLIQUE-RECURRENT-MILD,1,394639f1dfefce02,PERSIST,0.2475,65312520.0,0.0,1452395.0,4274262.0,344709030.0,564095.0,65312520.0,15991350000.0,14857582988.5,15.99135,14.8575829885,726.1975,507666432.0,484.1484375,4.076253890991211,328.7401485443115
881,R5,OBLIQUE-RECURRENT-MILD,1,394639f1dfefce02,POPULATION-RESEED,0.2475,65312520.0,5538.0,1314306.0,5140640.5,424047049.0,586499.5,65318058.0,16274473000.0,15073494159.0,16.274473,15.073494159,657.153,576782336.0,550.0625,4.902496814727783,404.4027795791626
882,R5,OBLIQUE-RECURRENT-MILD,2,82e41b37ba6ce9f2,CHAMPION-RESEED,0.279,65312520.0,40.0,1313608.5,4968287.5,422030228.0,598625.0,65312560.0,15929208500.0,15027916717.0,15.9292085,15.027916717,656.80425,524238848.0,499.953125,4.738128185272217,402.4793891906738
882,R5,OBLIQUE-RECURRENT-MILD,2,82e41b37ba6ce9f2,PERSIST,0.2665,65312520.0,0.0,1313971.5,4383682.0,342118674.0,557964.5,65312520.0,15101271500.0,14205907249.5,15.1012715,14.2059072495,656.98575,513368064.0,489.5859375,4.180604934692383,326.2697925567627
882,R5,OBLIQUE-RECURRENT-MILD,2,82e41b37ba6ce9f2,POPULATION-RESEED,0.261,65312520.0,5275.0,1285228.0,5188300.5,420579512.0,584056.5,65317795.0,15918814000.0,15051174702.5,15.918814,15.0511747025,642.614,556869632.0,531.072265625,4.947948932647705,401.0958786010742
883,R5,OBLIQUE-RECURRENT-MILD,3,17553b255a06f6e7,CHAMPION-RESEED,0.26025,65312520.0,31.0,4102340.0,4695862.0,383955552.5,549412.0,65312551.0,15608149500.0,14607978247.5,15.6081495,14.6079782475,2051.17,455669760.0,434.560546875,4.478322982788086,366.16854906082153
883,R5,OBLIQUE-RECURRENT-MILD,3,17553b255a06f6e7,PERSIST,0.2675,65312520.0,0.0,1401582.0,4152953.0,319925378.0,520085.0,65312520.0,14946848000.0,13822763175.0,14.946848,13.822763175,700.791,434046976.0,413.939453125,3.960564613342285,305.10461616516113
883,R5,OBLIQUE-RECURRENT-MILD,3,17553b255a06f6e7,POPULATION-RESEED,0.27175,65312520.0,4601.0,1290220.0,4258938.5,348526254.5,489014.5,65317121.0,14592972500.0,13646604056.0,14.5929725,13.646604056,645.11,455669760.0,434.560546875,4.06164026260376,332.3805375099182
884,R5,OBLIQUE-RECURRENT-MILD,4,9ea65ed4ade0e2a2,CHAMPION-RESEED,0.2595,65312520.0,34.0,1289768.0,4516067.0,380148467.0,540522.0,65312554.0,14764371500.0,14031794244.5,14.7643715,14.0317942445,644.884,517793792.0,493.806640625,4.306857109069824,362.5378293991089
884,R5,OBLIQUE-RECURRENT-MILD,4,9ea65ed4ade0e2a2,PERSIST,0.25125000000000003,65312520.0,0.0,1237816.0,4501876.0,351042284.5,572897.0,65312520.0,15392326000.0,14385619552.0,15.392326,14.385619552,618.908,501450752.0,478.220703125,4.293323516845703,334.78001070022583
884,R5,OBLIQUE-RECURRENT-MILD,4,9ea65ed4ade0e2a2,POPULATION-RESEED,0.2525,65312520.0,5635.0,1282327.0,5499424.5,436117959.5,601555.5,65318155.0,16644554500.0,15620239744.0,16.6445545,15.620239744,641.1635,521793536.0,497.62109375,5.244659900665283,415.9144968986511
885,R5,OBLIQUE-RECURRENT-MILD,5,c89ce2c586573754,CHAMPION-RESEED,0.25375000000000003,65312520.0,40.0,1288947.0,4914483.5,431738774.5,609944.0,65312560.0,16097276500.0,15041522052.0,16.0972765,15.041522052,644.4735,525062144.0,500.73828125,4.686816692352295,411.7381806373596
885,R5,OBLIQUE-RECURRENT-MILD,5,c89ce2c586573754,PERSIST,0.257,65312520.0,0.0,1379186.5,4417123.5,352734213.0,576246.0,65312520.0,16301690000.0,15109419036.5,16.30169,15.1094190365,689.59325,488388608.0,465.763671875,4.212497234344482,336.3935594558716
885,R5,OBLIQUE-RECURRENT-MILD,5,c89ce2c586573754,POPULATION-RESEED,0.24725,65312520.0,5761.0,1374469.0,5131698.0,435003985.0,600831.5,65318281.0,16478266000.0,15446411669.5,16.478266,15.4464116695,687.2345,548102144.0,522.7109375,4.89396858215332,414.85212802886963
886,R5,OBLIQUE-RECURRENT-MILD,6,832665dc2f3a6c6c,CHAMPION-RESEED,0.253,65312520.0,27.0,1257989.0,3591740.5,314315231.0,454164.0,65312547.0,13381454500.0,12663202251.5,13.3814545,12.6632022515,628.9945,399863808.0,381.33984375,3.4253506660461426,299.75436305999756
886,R5,OBLIQUE-RECURRENT-MILD,6,832665dc2f3a6c6c,PERSIST,0.25375000000000003,65312520.0,0.0,1369411.5,3264294.0,268211506.5,441785.0,65312520.0,13263116000.0,12536056451.5,13.263116,12.5360564515,684.70575,393797632.0,375.5546875,3.1130733489990234,255.78642511367798
886,R5,OBLIQUE-RECURRENT-MILD,6,832665dc2f3a6c6c,POPULATION-RESEED,0.2545,65312520.0,3883.0,1242064.0,3717327.5,318743006.0,448205.0,65316403.0,13393223000.0,12677345218.0,13.393223,12.677345218,621.032,402786304.0,384.126953125,3.5451197624206543,303.97701835632324
887,R5,OBLIQUE-RECURRENT-MILD,7,1d5f90d377cab9d3,CHAMPION-RESEED,0.27949999999999997,65312520.0,25.0,1486470.5,3625528.5,300220445.0,434879.0,65312545.0,13229558000.0,12519467732.5,13.229558,12.5194677325,743.23525,428908544.0,409.0390625,3.457573413848877,286.3125276565552
887,R5,OBLIQUE-RECURRENT-MILD,7,1d5f90d377cab9d3,PERSIST,0.28400000000000003,65312520.0,0.0,1254282.5,3088072.0,255983881.5,420401.5,65312520.0,12892351500.0,12053484150.5,12.8923515,12.0534841505,627.14125,410828800.0,391.796875,2.9450149536132812,244.125253200531
887,R5,OBLIQUE-RECURRENT-MILD,7,1d5f90d377cab9d3,POPULATION-RESEED,0.27825,65312520.0,3588.0,1245261.5,3986218.5,329436713.5,464239.0,65316108.0,14279958500.0,13377221431.0,14.2799585,13.377221431,622.63075,430417920.0,410.478515625,3.8015542030334473,314.17533254623413
888,R5,OBLIQUE-RECURRENT-MILD,8,be2f8007108293c3,CHAMPION-RESEED,0.2495,65312520.0,37.0,1285578.5,5165954.0,434927979.5,614887.0,65312557.0,16218168000.0,15241885838.5,16.218168,15.2418858385,642.78925,505686016.0,482.259765625,4.926637649536133,414.779643535614
888,R5,OBLIQUE-RECURRENT-MILD,8,be2f8007108293c3,PERSIST,0.24975,65312520.0,0.0,1533921.5,4727384.0,352866275.5,576215.0,65312520.0,16490653500.0,15486489945.0,16.4906535,15.486489945,766.96075,502231040.0,478.96484375,4.508384704589844,336.519504070282
888,R5,OBLIQUE-RECURRENT-MILD,8,be2f8007108293c3,POPULATION-RESEED,0.2465,65312520.0,5200.0,1343117.0,5274385.5,429003675.5,593027.5,65317720.0,16261085000.0,15398911919.0,16.261085,15.398911919,671.5585,532436992.0,507.771484375,5.030045986175537,409.1297869682312
889,R5,OBLIQUE-RECURRENT-MILD,9,b4bd1aa0457164eb,CHAMPION-RESEED,0.2735,65312520.0,32.0,1232161.5,4854878.0,370039841.5,529273.0,65312552.0,15508099500.0,14452767196.0,15.5080995,14.452767196,616.08075,425646080.0,405.927734375,4.629972457885742,352.8974928855896
889,R5,OBLIQUE-RECURRENT-MILD,9,b4bd1aa0457164eb,PERSIST,0.26075000000000004,65312520.0,0.0,1376324.0,3714858.5,297291310.0,484172.5,65312520.0,14879526500.0,13886268907.5,14.8795265,13.8862689075,688.162,414191616.0,395.00390625,3.5427651405334473,283.51908683776855
889,R5,OBLIQUE-RECURRENT-MILD,9,b4bd1aa0457164eb,POPULATION-RESEED,0.26925,65312520.0,4496.0,1202125.5,3890443.5,342911348.0,481211.5,65317016.0,14614042500.0,13646687778.0,14.6140425,13.646687778,601.06275,456847360.0,435.68359375,3.7102160453796387,327.0257453918457
890,R5,OBLIQUE-RECURRENT-MILD,10,68ed7108b182f1c8,CHAMPION-RESEED,0.25675000000000003,65312520.0,36.0,1246553.5,4581332.5,399889295.0,561970.0,65312556.0,14929706000.0,14173167014.5,14.929706,14.1731670145,623.27675,493752320.0,470.87890625,4.369099140167236,381.36415004730225
890,R5,OBLIQUE-RECURRENT-MILD,10,68ed7108b182f1c8,PERSIST,0.266,65312520.0,0.0,1289351.0,4394843.0,345123294.5,557000.5,65312520.0,15047958500.0,14128603982.0,15.0479585,14.128603982,644.6755,485926912.0,463.416015625,4.191248893737793,329.1352219581604
890,R5,OBLIQUE-RECURRENT-MILD,10,68ed7108b182f1c8,POPULATION-RESEED,0.258,65312520.0,4846.0,1216100.0,5279165.5,411418063.0,564121.0,65317366.0,15439230500.0,14561158544.0,15.4392305,14.561158544,608.05,498337792.0,475.251953125,5.034604549407959,392.3588399887085
891,R5,OBLIQUE-RECURRENT-MILD,11,e27fc79264fd4b89,CHAMPION-RESEED,0.26975,65312520.0,30.0,1355151.0,4348442.5,353027392.0,500781.5,65312550.0,14219271500.0,13480163342.5,14.2192715,13.4801633425,677.5755,432652288.0,412.609375,4.146997928619385,336.67315673828125
891,R5,OBLIQUE-RECURRENT-MILD,11,e27fc79264fd4b89,PERSIST,0.27049999999999996,65312520.0,0.0,1500003.0,3737864.0,314738667.0,507187.5,65312520.0,14057369500.0,13242192235.5,14.0573695,13.2421922355,750.0015,420993024.0,401.490234375,3.5647048950195312,300.15818309783936
891,R5,OBLIQUE-RECURRENT-MILD,11,e27fc79264fd4b89,POPULATION-RESEED,0.272,65312520.0,4568.0,1317691.5,4440628.5,344558747.5,478583.5,65317088.0,14541190500.0,13813728917.5,14.5411905,13.8137289175,658.84575,446201856.0,425.53125,4.234913349151611,328.5968279838562
892,R5,OBLIQUE-RECURRENT-MILD,12,2de9c2b82ee2d854,CHAMPION-RESEED,0.248,65312520.0,41.0,4590362.5,5361762.5,442615533.0,617774.5,65312561.0,17000968000.0,15842144538.0,17.000968,15.842144538,2295.18125,534652928.0,509.884765625,5.113375186920166,422.111065864563
892,R5,OBLIQUE-RECURRENT-MILD,12,2de9c2b82ee2d854,PERSIST,0.23875000000000002,65312519.5,0.0,1639128.5,5365906.0,392001205.0,629734.5,65312519.5,16727637500.0,15467500985.0,16.7276375,15.467500985,819.56425,508573696.0,485.013671875,5.117326736450195,373.84148120880127
892,R5,OBLIQUE-RECURRENT-MILD,12,2de9c2b82ee2d854,POPULATION-RESEED,0.24175000000000002,65312520.0,5654.0,1425552.5,6056704.0,446528645.0,609427.0,65318174.0,16718556500.0,15464433574.0,16.7185565,15.464433574,712.77625,605732864.0,577.671875,5.776123046875,425.8429002761841
893,R5,OBLIQUE-RECURRENT-MILD,13,32d6289bdc584ea6,CHAMPION-RESEED,0.27549999999999997,65312520.0,23.0,6150833.0,3248405.5,266851377.0,386648.5,65312543.0,12195509500.0,11480656899.0,12.1955095,11.480656899,3075.4165,418115584.0,398.74609375,3.0979208946228027,254.4893045425415
893,R5,OBLIQUE-RECURRENT-MILD,13,32d6289bdc584ea6,PERSIST,0.26675,65312520.0,0.0,1371388.0,3344411.0,252609822.0,411335.5,65312520.0,13008073500.0,11992496852.0,13.0080735,11.992496852,685.694,405436416.0,386.654296875,3.189478874206543,240.9074993133545
893,R5,OBLIQUE-RECURRENT-MILD,13,32d6289bdc584ea6,POPULATION-RESEED,0.26425,65312520.0,3545.0,1300078.5,3719270.0,301361482.5,421756.5,65316065.0,13106365000.0,12100545828.5,13.106365,12.1005458285,650.03925,430231552.0,410.30078125,3.5469722747802734,287.4007058143616
894,R5,OBLIQUE-RECURRENT-MILD,14,71258a80ac27e45f,CHAMPION-RESEED,0.248,65312520.0,37.0,1377881.0,5181001.5,431575046.0,605165.5,65312557.0,16546426500.0,15435912215.0,16.5464265,15.435912215,688.9405,479250432.0,457.048828125,4.940988063812256,411.5820369720459
894,R5,OBLIQUE-RECURRENT-MILD,14,71258a80ac27e45f,PERSIST,0.2525,65312520.0,0.0,1427426.0,4650378.0,346244897.0,559382.0,65312520.0,15870522500.0,14728833186.5,15.8705225,14.7288331865,713.713,446898176.0,426.1953125,4.434946060180664,330.20486545562744
894,R5,OBLIQUE-RECURRENT-MILD,14,71258a80ac27e45f,POPULATION-RESEED,0.258,65312520.0,5296.0,1334767.5,5262942.5,415803851.0,569332.0,65317816.0,15997009500.0,14889403011.0,15.9970095,14.889403011,667.38375,479830016.0,457.6015625,5.0191330909729,396.54145336151123
895,R5,OBLIQUE-RECURRENT-MILD,15,51c8948982d5f030,CHAMPION-RESEED,0.25425000000000003,65312520.0,39.0,1302498.5,5061059.0,459722706.0,641990.0,65312559.0,17128188000.0,15943105949.0,17.128188,15.943105949,651.24925,473131008.0,451.212890625,4.826601982116699,438.42573738098145
895,R5,OBLIQUE-RECURRENT-MILD,15,51c8948982d5f030,PERSIST,0.25425000000000003,65312520.0,0.0,1377404.5,3998218.0,328050764.0,531368.5,65312520.0,14927358500.0,13863062295.0,14.9273585,13.863062295,688.70225,455376896.0,434.28125,3.812997817993164,312.85358810424805
895,R5,OBLIQUE-RECURRENT-MILD,15,51c8948982d5f030,POPULATION-RESEED,0.24775000000000003,65312520.0,5073.0,1333875.0,5275321.5,429128446.5,587298.5,65317593.0,16664434500.0,15493726108.0,16.6644345,15.493726108,666.9375,475781120.0,453.740234375,5.030938625335693,409.2487778663635
896,R5,OBLIQUE-RECURRENT-MILD,16,7239b578399039da,CHAMPION-RESEED,0.26325,65312520.0,29.0,1343639.0,3937700.0,333079222.5,472558.0,65312549.0,14095439500.0,13155963372.5,14.0954395,13.1559633725,671.8195,495929344.0,472.955078125,3.7552833557128906,317.64909982681274
896,R5,OBLIQUE-RECURRENT-MILD,16,7239b578399039da,PERSIST,0.2625,65312520.0,0.0,1269280.0,3888379.5,303106442.0,492217.5,65312520.0,14437284000.0,13258602199.5,14.437284,13.2586021995,634.64,479252480.0,457.05078125,3.708247661590576,289.06482887268066
896,R5,OBLIQUE-RECURRENT-MILD,16,7239b578399039da,POPULATION-RESEED,0.26325,65312520.0,4459.0,1338176.5,4564555.5,366252902.5,503559.5,65316979.0,14823151500.0,13672632091.0,14.8231515,13.672632091,669.08825,537126912.0,512.244140625,4.353099346160889,349.28598642349243
897,R5,OBLIQUE-RECURRENT-MILD,17,9bc2e3b8de31abdc,CHAMPION-RESEED,0.2655,65312520.0,38.0,1399703.5,5160786.5,433303948.5,606720.0,65312558.0,16570719500.0,15511328044.0,16.5707195,15.511328044,699.85175,556967936.0,531.166015625,4.9217095375061035,413.23084688186646
897,R5,OBLIQUE-RECURRENT-MILD,17,9bc2e3b8de31abdc,PERSIST,0.25825,65312520.0,0.0,1455486.5,4081853.0,342361624.0,554662.5,65312520.0,15529155500.0,14396008115.5,15.5291555,14.3960081155,727.74325,516802560.0,492.861328125,3.892758369445801,326.5014877319336
897,R5,OBLIQUE-RECURRENT-MILD,17,9bc2e3b8de31abdc,POPULATION-RESEED,0.2535,65312520.0,5282.0,1376546.0,5154450.5,423664574.5,578888.0,65317802.0,16342639500.0,15156022168.0,16.3426395,15.156022168,688.273,587620352.0,560.3984375,4.9156670570373535,404.0380234718323
898,R5,OBLIQUE-RECURRENT-MILD,18,839a2d9190688e49,CHAMPION-RESEED,0.27825,65312520.0,29.0,1367083.5,3738777.0,335034276.5,477676.0,65312549.0,13868572500.0,12881586527.0,13.8685725,12.881586527,683.54175,462030848.0,440.626953125,3.56557559967041,319.51358461380005
898,R5,OBLIQUE-RECURRENT-MILD,18,839a2d9190688e49,PERSIST,0.269,65312520.0,0.0,1399461.5,3914504.0,311066483.0,502597.0,65312520.0,14510660000.0,13326219577.5,14.51066,13.3262195775,699.73075,432609280.0,412.568359375,3.7331619262695312,296.6561155319214
898,R5,OBLIQUE-RECURRENT-MILD,18,839a2d9190688e49,POPULATION-RESEED,0.263,65312520.0,4804.0,1432926.5,5207999.5,390839506.5,538519.0,65317324.0,16334623500.0,15053181667.5,16.3346235,15.0531816675,716.46325,476444672.0,454.373046875,4.966735363006592,372.7335991859436
899,R5,OBLIQUE-RECURRENT-MILD,19,54781e619073145c,CHAMPION-RESEED,0.25525,65312520.0,32.0,1322835.5,4434398.5,362400331.0,513119.0,65312552.0,14464077000.0,13694639153.5,14.464077,13.6946391535,661.41775,487268352.0,464.6953125,4.2289719581604,345.61188793182373
899,R5,OBLIQUE-RECURRENT-MILD,19,54781e619073145c,PERSIST,0.25225,65312520.0,0.0,1282914.5,4561691.5,372689422.5,598645.5,65312520.0,15749527500.0,14723234955.5,15.7495275,14.7232349555,641.45725,474572800.0,452.587890625,4.350368022918701,355.4243302345276
899,R5,OBLIQUE-RECURRENT-MILD,19,54781e619073145c,POPULATION-RESEED,0.26075000000000004,65312520.0,5693.0,1366220.0,5513142.5,446188240.5,608530.5,65318213.0,17186888500.0,16171555904.5,17.1868885,16.1715559045,683.11,495106048.0,472.169921875,5.257742404937744,425.51826524734497
900,R5,OBLIQUE-RECURRENT-MILD,20,f76f88f8fad15ef5,CHAMPION-RESEED,0.26575,65312520.0,37.0,1356036.0,5055694.0,422480835.5,592148.0,65312557.0,16452356000.0,15062420285.0,16.452356,15.062420285,678.018,517132288.0,493.17578125,4.82148551940918,402.90912199020386
900,R5,OBLIQUE-RECURRENT-MILD,20,f76f88f8fad15ef5,PERSIST,0.26125,65312520.0,0.0,1394152.5,4131994.5,323773302.5,524901.5,65312520.0,14915265500.0,13748464675.5,14.9152655,13.7484646755,697.07625,508217344.0,484.673828125,3.9405770301818848,308.7742829322815
900,R5,OBLIQUE-RECURRENT-MILD,20,f76f88f8fad15ef5,POPULATION-RESEED,0.2635,65312520.0,5281.0,1339143.5,4603331.5,375286831.5,515576.5,65317801.0,15520479000.0,14228029044.0,15.520479,14.228029044,669.57175,571287552.0,544.822265625,4.390079021453857,357.90141248703003
901,R5,OBLIQUE-RECURRENT-MILD,21,a3802743cc71e495,CHAMPION-RESEED,0.26625,65312520.0,33.0,1364398.5,4336908.0,372281838.0,526044.0,65312553.0,14637413000.0,13853918714.0,14.637413,13.853918714,682.19925,495962112.0,472.986328125,4.135997772216797,355.0356273651123
901,R5,OBLIQUE-RECURRENT-MILD,21,a3802743cc71e495,PERSIST,0.25525,65312520.0,0.0,1307097.0,4178277.5,352584575.0,565689.0,65312520.0,15150887000.0,14175312098.0,15.150887,14.175312098,653.5485,461617152.0,440.232421875,3.9847159385681152,336.2508535385132
901,R5,OBLIQUE-RECURRENT-MILD,21,a3802743cc71e495,POPULATION-RESEED,0.257,65312520.0,5781.0,1304445.5,4614250.0,408450461.5,561366.5,65318301.0,15406427500.0,14554778589.5,15.4064275,14.5547785895,652.22275,497453056.0,474.408203125,4.400491714477539,389.52871465682983
902,R5,OBLIQUE-RECURRENT-MILD,22,bbf937bbd3b70d4e,CHAMPION-RESEED,0.261,65312520.0,28.0,1248173.0,4435135.0,357829583.5,507786.5,65312548.0,14678025000.0,13657358542.0,14.678025,13.657358542,624.0865,466968576.0,445.3359375,4.229674339294434,341.25288343429565
902,R5,OBLIQUE-RECURRENT-MILD,22,bbf937bbd3b70d4e,PERSIST,0.26675,65312519.5,0.0,1338947.0,4487531.5,325564794.0,525637.0,65312519.5,15310695500.0,14122074521.5,15.3106955,14.1220745215,669.4735,459206656.0,437.93359375,4.279643535614014,310.4827823638916
902,R5,OBLIQUE-RECURRENT-MILD,22,bbf937bbd3b70d4e,POPULATION-RESEED,0.267,65312520.0,4722.0,1238806.0,4578927.5,368358275.0,508436.5,65317242.0,15274553500.0,14059331135.5,15.2745535,14.0593311355,619.403,466968576.0,445.3359375,4.366805553436279,351.29382610321045
903,R5,OBLIQUE-RECURRENT-MILD,23,29103ab2a6fa7c21,CHAMPION-RESEED,0.27975,65312520.0,37.0,1304094.5,4265514.0,384139703.0,543011.0,65312557.0,15399484000.0,14323501604.5,15.399484,14.3235016045,652.04725,463564800.0,442.08984375,4.067911148071289,366.3441686630249
903,R5,OBLIQUE-RECURRENT-MILD,23,29103ab2a6fa7c21,PERSIST,0.276,65312520.0,0.0,1431790.0,3810277.5,309228306.5,500952.5,65312520.0,14825979500.0,13856009382.0,14.8259795,13.856009382,715.895,457308160.0,436.123046875,3.6337637901306152,294.90309381484985
903,R5,OBLIQUE-RECURRENT-MILD,23,29103ab2a6fa7c21,POPULATION-RESEED,0.27325,65312520.0,4979.0,1260415.0,5065036.0,409186136.5,561674.0,65317499.0,15949318000.0,14848484254.5,15.949318,14.8484842545,630.2075,514334720.0,490.5078125,4.830394744873047,390.230309009552
904,R5,OBLIQUE-RECURRENT-MILD,24,15ee6ab4617c913b,CHAMPION-RESEED,0.263,65312520.0,46.0,1363178.5,7540638.5,553317104.0,766915.0,65312566.0,19255709500.0,17724426030.5,19.2557095,17.7244260305,681.58925,575490048.0,548.830078125,7.19131326675415,527.6843109130859
904,R5,OBLIQUE-RECURRENT-MILD,24,15ee6ab4617c913b,PERSIST,0.2575,65312520.0,0.0,1369138.5,5229848.0,420811040.5,676031.5,65312520.0,17542076500.0,16201893467.5,17.5420765,16.2018934675,684.56925,552513536.0,526.91796875,4.987571716308594,401.3166813850403
904,R5,OBLIQUE-RECURRENT-MILD,24,15ee6ab4617c913b,POPULATION-RESEED,0.2555,65312520.0,6733.0,1358739.5,6536001.0,540111846.0,730341.0,65319253.0,18536300500.0,17176250383.0,18.5363005,17.176250383,679.36975,634576896.0,605.1796875,6.233216285705566,515.0907955169678
905,R5,OBLIQUE-RECURRENT-MILD,25,89dc47dbf80ad639,CHAMPION-RESEED,0.26525,65312520.0,33.0,1330952.5,4054045.5,388639848.0,549350.5,65312553.0,15383420500.0,14246066059.0,15.3834205,14.246066059,665.47625,469547008.0,447.794921875,3.866239070892334,370.6358413696289
905,R5,OBLIQUE-RECURRENT-MILD,25,89dc47dbf80ad639,PERSIST,0.2485,65312520.0,0.0,1441655.0,3892262.0,295348358.5,479236.5,65312520.0,14722136500.0,13538305662.5,14.7221365,13.5383056625,720.8275,445143040.0,424.521484375,3.7119503021240234,281.66614389419556
905,R5,OBLIQUE-RECURRENT-MILD,25,89dc47dbf80ad639,POPULATION-RESEED,0.2555,65312520.0,4167.0,1310364.5,4532345.5,364886542.5,504647.0,65316687.0,14488660500.0,13403364620.0,14.4886605,13.40336462,655.18225,486817792.0,464.265625,4.322381496429443,347.9829239845276
906,R5,OBLIQUE-RECURRENT-MILD,26,c0489076a619fe6e,CHAMPION-RESEED,0.247,65312520.0,33.0,1449823.0,4071626.0,355466004.5,504061.0,65312553.0,15802807500.0,15004767079.5,15.8028075,15.0047670795,724.9115,422578176.0,403.001953125,3.883005142211914,338.9987988471985
906,R5,OBLIQUE-RECURRENT-MILD,26,c0489076a619fe6e,PERSIST,0.245,65312520.0,0.0,1348691.5,4548400.0,328618706.0,527129.0,65312520.0,14846308500.0,13914430697.5,14.8463085,13.9144306975,674.34575,406392832.0,387.56640625,4.3376922607421875,313.39521980285645
906,R5,OBLIQUE-RECURRENT-MILD,26,c0489076a619fe6e,POPULATION-RESEED,0.25475000000000003,65312520.0,4751.0,1311823.5,5109826.5,397044647.0,545322.0,65317271.0,15561405500.0,14718308965.5,15.5614055,14.7183089655,655.91175,424075264.0,404.4296875,4.873110294342041,378.65128231048584
907,R5,OBLIQUE-RECURRENT-MILD,27,a864994ec10a20da,CHAMPION-RESEED,0.26175000000000004,65312520.0,27.0,1237556.5,3968671.0,323738219.5,462036.5,65312547.0,14000731500.0,13046310667.0,14.0007315,13.046310667,618.77825,445544448.0,424.904296875,3.7848196029663086,308.740825176239
907,R5,OBLIQUE-RECURRENT-MILD,27,a864994ec10a20da,PERSIST,0.26375000000000004,65312520.0,0.0,1319321.5,3343305.0,289192236.5,467009.0,65312520.0,13708236000.0,12648654445.5,13.708236,12.6486544455,659.66075,420679680.0,401.19140625,3.1884241104125977,275.7952084541321
907,R5,OBLIQUE-RECURRENT-MILD,27,a864994ec10a20da,POPULATION-RESEED,0.25825,65312520.0,4691.0,1251794.0,5096857.5,396700924.5,548880.5,65317211.0,16488242000.0,15197835244.5,16.488242,15.1978352445,625.897,457283584.0,436.099609375,4.860742092132568,378.3234829902649
908,R5,OBLIQUE-RECURRENT-MILD,28,6a864c0bbb3aaa35,CHAMPION-RESEED,0.26375000000000004,65312520.0,25.0,1236787.5,4277343.5,359472095.5,510670.5,65312545.0,14600736500.0,13783863834.5,14.6007365,13.7838638345,618.39375,402997248.0,384.328125,4.079192638397217,342.8193049430847
908,R5,OBLIQUE-RECURRENT-MILD,28,6a864c0bbb3aaa35,PERSIST,0.2685,65312520.0,0.0,1307820.0,3147207.5,266995808.0,432282.0,65312520.0,13211906000.0,12528342883.5,13.211906,12.5283428835,653.91,396310528.0,377.951171875,3.001410961151123,254.62704467773438
908,R5,OBLIQUE-RECURRENT-MILD,28,6a864c0bbb3aaa35,POPULATION-RESEED,0.266,65312520.0,4073.0,3539846.0,3658087.5,314000906.5,439417.0,65316593.0,13024715500.0,12357284298.0,13.0247155,12.357284298,1769.923,410894336.0,391.859375,3.488624095916748,299.4545998573303
909,R5,OBLIQUE-RECURRENT-MILD,29,03e8f53d77c2df48,CHAMPION-RESEED,0.27249999999999996,65312520.0,30.0,1305740.5,4225884.0,352073185.0,498673.5,65312550.0,14425557000.0,13348808175.5,14.425557,13.3488081755,652.87025,482246656.0,459.90625,4.030117034912109,335.7631540298462
909,R5,OBLIQUE-RECURRENT-MILD,29,03e8f53d77c2df48,PERSIST,0.25525,65312520.0,0.0,1411912.0,4170961.0,333876821.0,541301.5,65312520.0,15632011500.0,14386744163.0,15.6320115,14.386744163,705.956,479817728.0,457.58984375,3.977738380432129,318.4097490310669
909,R5,OBLIQUE-RECURRENT-MILD,29,03e8f53d77c2df48,POPULATION-RESEED,0.256,65312520.0,5032.0,1283173.0,4590901.5,395166598.5,543042.5,65317552.0,15490377000.0,14301955501.0,15.490377,14.301955501,641.5865,482246656.0,459.90625,4.378224849700928,376.86023569107056
910,R5,OBLIQUE-RECURRENT-MILD,30,6c797fa36583e10e,CHAMPION-RESEED,0.26249999999999996,65312520.0,40.0,1279612.0,5643801.0,478087409.0,666296.5,65312560.0,17313582000.0,16073092470.0,17.313582,16.07309247,639.806,542904320.0,517.75390625,5.38234806060791,455.93968296051025
910,R5,OBLIQUE-RECURRENT-MILD,30,6c797fa36583e10e,PERSIST,0.25375000000000003,65312520.0,0.0,1332573.0,5161520.5,403618749.5,649950.5,65312520.0,16777578500.0,15526333244.5,16.7775785,15.5263332445,666.2865,526759936.0,502.357421875,4.922409534454346,384.92083501815796
910,R5,OBLIQUE-RECURRENT-MILD,30,6c797fa36583e10e,POPULATION-RESEED,0.255,65312520.0,5967.0,1280828.5,6237649.0,486952072.0,663482.5,65318487.0,17814246500.0,16582798538.5,17.8142465,16.5827985385,640.41425,611127296.0,582.81640625,5.948685646057129,464.39368438720703
911,R5,OBLIQUE-RECURRENT-MILD,31,0ffc9458593b3fcf,CHAMPION-RESEED,0.266,65312520.0,30.0,1293298.0,3246247.5,328749446.5,468870.0,65312550.0,13584147000.0,12703105761.0,13.584147,12.703105761,646.649,450361344.0,429.498046875,3.095862865447998,313.51990365982056
911,R5,OBLIQUE-RECURRENT-MILD,31,0ffc9458593b3fcf,PERSIST,0.26025,65312520.0,0.0,1372557.0,3344794.5,274708460.5,445656.0,65312520.0,13552651000.0,12666065196.5,13.552651,12.6660651965,686.2785,444375040.0,423.7890625,3.1898446083068848,261.98240327835083
911,R5,OBLIQUE-RECURRENT-MILD,31,0ffc9458593b3fcf,POPULATION-RESEED,0.2625,65312520.0,4587.0,1276966.5,4166728.5,362188895.0,503287.0,65317107.0,14705928000.0,13711534303.5,14.705928,13.7115343035,638.48325,486938624.0,464.380859375,3.9737019538879395,345.41024684906006
912,R5,OBLIQUE-RECURRENT-MILD,32,99de08455d1012cd,CHAMPION-RESEED,0.248,65312520.0,34.0,3768255.5,4663960.5,388041239.0,545713.5,65312554.0,15094857000.0,14101502679.5,15.094857,14.1015026795,1884.12775,465762304.0,444.185546875,4.447899341583252,370.0649633407593
912,R5,OBLIQUE-RECURRENT-MILD,32,99de08455d1012cd,PERSIST,0.25675000000000003,65312520.0,0.0,1393482.0,4591086.5,346792240.5,559668.0,65312520.0,15034597500.0,13981998581.5,15.0345975,13.9819985815,696.741,454979584.0,433.90234375,4.378401279449463,330.72685289382935
912,R5,OBLIQUE-RECURRENT-MILD,32,99de08455d1012cd,POPULATION-RESEED,0.255,65312520.0,5295.0,1338487.0,5096560.5,415572490.5,568737.0,65317815.0,15891622000.0,14770712320.0,15.891622,14.77071232,669.2435,468148224.0,446.4609375,4.860458850860596,396.3208107948303
913,R5,OBLIQUE-RECURRENT-MILD,33,89b0b28b1a5084c2,CHAMPION-RESEED,0.2535,65312520.0,35.0,1272118.0,5232201.0,417183448.5,584754.0,65312555.0,16087881500.0,14979894678.5,16.0878815,14.9798946785,636.059,533370880.0,508.662109375,4.989815711975098,397.8571400642395
913,R5,OBLIQUE-RECURRENT-MILD,33,89b0b28b1a5084c2,PERSIST,0.24675,65312520.0,0.0,1399954.0,4891597.5,365838813.0,589982.5,65312520.0,15865996000.0,14671882212.5,15.865996,14.6718822125,699.977,525522944.0,501.177734375,4.6649909019470215,348.8910799026489
913,R5,OBLIQUE-RECURRENT-MILD,33,89b0b28b1a5084c2,POPULATION-RESEED,0.249,65312520.0,5237.0,1282500.5,5740016.0,440281856.0,600032.5,65317757.0,16642363500.0,15527701870.5,16.6423635,15.5277018705,641.25025,570529792.0,544.099609375,5.4741058349609375,419.885498046875
914,R5,OBLIQUE-RECURRENT-MILD,34,6fa9c67567935491,CHAMPION-RESEED,0.274,65312520.0,27.0,1639668.5,4016936.0,323401751.5,461047.0,65312547.0,14032519500.0,12991912468.0,14.0325195,12.991912468,819.83425,487022592.0,464.4609375,3.8308486938476562,308.41994428634644
914,R5,OBLIQUE-RECURRENT-MILD,34,6fa9c67567935491,PERSIST,0.28175,65312520.0,0.0,1493557.0,4158684.0,303127478.0,489578.5,65312520.0,14546751000.0,13396928383.5,14.546751,13.3969283835,746.7785,477908992.0,455.76953125,3.9660301208496094,289.0848903656006
914,R5,OBLIQUE-RECURRENT-MILD,34,6fa9c67567935491,POPULATION-RESEED,0.27249999999999996,65312520.0,3866.0,1405225.0,4047156.5,332189824.5,463412.0,65316386.0,13923823500.0,12984914783.0,13.9238235,12.984914783,702.6125,491411456.0,468.646484375,3.8596692085266113,316.80090379714966
915,R5,OBLIQUE-RECURRENT-MILD,35,58b2ab1df57ada90,CHAMPION-RESEED,0.25125,65312520.0,39.0,1332219.0,5434630.0,450514348.0,629667.5,65312559.0,17206052000.0,15802782015.0,17.206052,15.802782015,666.1095,530321408.0,505.75390625,5.182867050170898,429.6439628601074
915,R5,OBLIQUE-RECURRENT-MILD,35,58b2ab1df57ada90,PERSIST,0.25325,65312520.0,0.0,1370574.5,4981259.5,404480668.0,650085.5,65312520.0,17020839000.0,15605120819.5,17.020839,15.6051208195,685.28725,511950848.0,488.234375,4.750499248504639,385.74282455444336
915,R5,OBLIQUE-RECURRENT-MILD,35,58b2ab1df57ada90,POPULATION-RESEED,0.25375000000000003,65312520.0,6051.0,1278973.0,5894265.0,475528642.5,647702.5,65318571.0,17583094000.0,16112583689.5,17.583094,16.1125836895,639.4865,586752000.0,559.5703125,5.621209144592285,453.49945306777954
916,R5,OBLIQUE-RECURRENT-MILD,36,2c8d86ba7a6641e6,CHAMPION-RESEED,0.2535,65312520.0,29.0,1315813.5,3862454.5,282721878.5,401747.0,65312549.0,12734782000.0,11830400257.0,12.734782,11.830400257,657.90675,456677376.0,435.521484375,3.683523654937744,269.62459421157837
916,R5,OBLIQUE-RECURRENT-MILD,36,2c8d86ba7a6641e6,PERSIST,0.2445,65312520.0,0.0,5880767.0,3933843.5,262924822.5,427455.5,65312520.0,13507765500.0,12440743523.0,13.5077655,12.440743523,2940.3835,439390208.0,419.03515625,3.75160551071167,250.74465036392212
916,R5,OBLIQUE-RECURRENT-MILD,36,2c8d86ba7a6641e6,POPULATION-RESEED,0.25525,65312520.0,4994.0,1272215.5,4955808.5,333337316.5,458857.0,65317514.0,14197189000.0,13116486097.5,14.197189,13.1164860975,636.10775,463863808.0,442.375,4.726227283477783,317.8952374458313
917,R5,OBLIQUE-RECURRENT-MILD,37,8734246635f2d421,CHAMPION-RESEED,0.2695,65312520.0,27.0,1294693.0,4190973.0,355798473.5,504495.5,65312547.0,14842322500.0,13691765366.5,14.8423225,13.6917653665,647.3465,471681024.0,449.830078125,3.996823310852051,339.31586599349976
917,R5,OBLIQUE-RECURRENT-MILD,37,8734246635f2d421,PERSIST,0.259,65312520.0,0.0,1290985.5,4264533.5,322908259.0,522178.5,65312520.0,15574938000.0,14302650887.5,15.574938,14.3026508875,645.49275,443289600.0,422.75390625,4.066976070404053,307.9493131637573
917,R5,OBLIQUE-RECURRENT-MILD,37,8734246635f2d421,POPULATION-RESEED,0.248,65312520.0,4432.0,1217898.5,4403192.5,360552232.5,497257.5,65316952.0,14661666500.0,13602860606.5,14.6616665,13.6028606065,608.94925,474533888.0,452.55078125,4.199211597442627,343.8494038581848
918,R5,OBLIQUE-RECURRENT-MILD,38,97de783c992cab76,CHAMPION-RESEED,0.26375,65312520.0,27.0,1477670.5,3970816.0,338805631.5,482558.0,65312547.0,14003249500.0,13218986123.0,14.0032495,13.218986123,738.83525,448499712.0,427.72265625,3.786865234375,323.11022901535034
918,R5,OBLIQUE-RECURRENT-MILD,38,97de783c992cab76,PERSIST,0.2585,65312520.0,0.0,1538660.0,4132499.0,320723676.5,516459.5,65312520.0,14855937500.0,13939207082.0,14.8559375,13.939207082,769.33,434061312.0,413.953125,3.9410581588745117,305.86593294143677
918,R5,OBLIQUE-RECURRENT-MILD,38,97de783c992cab76,POPULATION-RESEED,0.26175000000000004,65312520.0,4538.0,1454348.0,4086393.5,342027201.5,474751.0,65317058.0,13662609500.0,12943574740.5,13.6626095,12.9435747405,727.174,452859904.0,431.880859375,3.8970885276794434,326.1825575828552
919,R5,OBLIQUE-RECURRENT-MILD,39,cab82c0e1fd3f2a7,CHAMPION-RESEED,0.275,65312520.0,32.0,1287811.0,3794387.5,382357509.0,543108.0,65312552.0,15229931000.0,14176641813.0,15.229931,14.176641813,643.9055,487182336.0,464.61328125,3.61860990524292,364.6445360183716
919,R5,OBLIQUE-RECURRENT-MILD,39,cab82c0e1fd3f2a7,PERSIST,0.26525,65312520.0,0.0,1272507.0,4036896.5,306848603.5,493986.0,65312520.0,14046482000.0,13073224255.0,14.046482,13.073224255,636.2535,471343104.0,449.5078125,3.849884510040283,292.63363218307495
919,R5,OBLIQUE-RECURRENT-MILD,39,cab82c0e1fd3f2a7,POPULATION-RESEED,0.2735,65312520.0,4916.0,1167911.0,5250519.5,388666534.0,535966.0,65317436.0,15104329500.0,14178705878.0,15.1043295,14.178705878,583.9555,532391936.0,507.728515625,5.0072855949401855,370.6612911224365
920,R5,OBLIQUE-RECURRENT-MILD,40,a8a3eaaa71635339,CHAMPION-RESEED,0.2595,65312520.0,37.0,1234195.0,4853558.0,418088925.0,586929.0,65312557.0,15841502500.0,14736666291.5,15.8415025,14.7366662915,617.0975,522833920.0,498.61328125,4.628713607788086,398.7206697463989
920,R5,OBLIQUE-RECURRENT-MILD,40,a8a3eaaa71635339,PERSIST,0.25875000000000004,65312520.0,0.0,1289893.5,4238478.5,331906218.5,537056.0,65312520.0,14986156500.0,13891384906.5,14.9861565,13.8913849065,644.94675,498757632.0,475.65234375,4.042128086090088,316.53043603897095
920,R5,OBLIQUE-RECURRENT-MILD,40,a8a3eaaa71635339,POPULATION-RESEED,0.25225,65312520.0,5193.0,1218083.0,4870951.5,408679516.0,559570.0,65317713.0,15694361500.0,14668245367.5,15.6943615,14.6682453675,609.0415,548478976.0,523.0703125,4.645301342010498,389.7471580505371
921,R5,OBLIQUE-RECURRENT-MILD,41,d9edaf44ba6d0c30,CHAMPION-RESEED,0.27075000000000005,65312520.0,28.0,1275321.5,3794048.0,328789766.5,469001.0,65312548.0,13843084500.0,12992916434.0,13.8430845,12.992916434,637.66075,454240256.0,433.197265625,3.6182861328125,313.55835580825806
921,R5,OBLIQUE-RECURRENT-MILD,41,d9edaf44ba6d0c30,PERSIST,0.26675000000000004,65312520.0,0.0,1380958.5,4750493.5,341454897.5,548632.5,65312520.0,15068081000.0,13971713739.5,15.068081,13.9717137395,690.47925,444708864.0,424.107421875,4.530423641204834,325.63676595687866
921,R5,OBLIQUE-RECURRENT-MILD,41,d9edaf44ba6d0c30,POPULATION-RESEED,0.263,65312520.0,3772.0,1306847.5,4314326.0,347128572.0,479335.5,65316292.0,14626769000.0,13647479699.0,14.626769,13.647479699,653.42375,459515904.0,438.228515625,4.114461898803711,331.04760360717773
922,R5,OBLIQUE-RECURRENT-MILD,42,eba60aef03e5d0ed,CHAMPION-RESEED,0.26225,65312520.0,23.0,1362305.5,3898465.5,307627530.5,441525.0,65312543.0,12766781500.0,12136346756.5,12.7667815,12.1363467565,681.15275,439517184.0,419.15625,3.7178664207458496,293.3764748573303
922,R5,OBLIQUE-RECURRENT-MILD,42,eba60aef03e5d0ed,PERSIST,0.25725,65312520.0,0.0,1309514.0,3395454.0,275115456.5,446540.0,65312520.0,12748071000.0,12132051453.0,12.748071,12.132051453,654.757,432072704.0,412.056640625,3.238157272338867,262.3705449104309
922,R5,OBLIQUE-RECURRENT-MILD,42,eba60aef03e5d0ed,POPULATION-RESEED,0.25625,65312520.0,4207.0,1341579.5,4364746.0,345143520.0,479352.0,65316727.0,13760376000.0,13013750784.5,13.760376,13.0137507845,670.78975,447401984.0,426.67578125,4.162546157836914,329.1545104980469
923,R5,OBLIQUE-RECURRENT-MILD,43,f132a17e9f1e1ef4,CHAMPION-RESEED,0.26475000000000004,65312520.0,30.0,1292126.0,4051308.5,346694242.5,492282.5,65312550.0,13943774000.0,13228636715.0,13.943774,13.228636715,646.063,437788672.0,417.5078125,3.86362886428833,330.63339471817017
923,R5,OBLIQUE-RECURRENT-MILD,43,f132a17e9f1e1ef4,PERSIST,0.27125,65312520.0,0.0,1416495.0,4036272.5,291363655.5,471990.5,65312520.0,14063192500.0,13329658911.5,14.0631925,13.3296589115,708.2475,428300288.0,408.458984375,3.8492894172668457,277.8660349845886
923,R5,OBLIQUE-RECURRENT-MILD,43,f132a17e9f1e1ef4,POPULATION-RESEED,0.26575000000000004,65312520.0,4477.0,1241674.5,4290609.5,342543585.0,475631.5,65316997.0,13586433000.0,12863734928.0,13.586433,12.863734928,620.83725,441919488.0,421.447265625,4.091844081878662,326.6750192642212
924,R5,OBLIQUE-RECURRENT-MILD,44,09300f9c14b05456,CHAMPION-RESEED,0.26475000000000004,65312520.0,31.0,1324014.5,4201561.0,373134200.0,527033.0,65312551.0,14871659500.0,13751520380.0,14.8716595,13.75152038,662.00725,483663872.0,461.2578125,4.00692081451416,355.84850311279297
924,R5,OBLIQUE-RECURRENT-MILD,44,09300f9c14b05456,PERSIST,0.26425,65312520.0,0.0,1517483.0,4663726.5,334840984.0,542254.0,65312520.0,15519761000.0,14312012888.5,15.519761,14.3120128885,758.7415,481277952.0,458.982421875,4.447676181793213,319.3292465209961
924,R5,OBLIQUE-RECURRENT-MILD,44,09300f9c14b05456,POPULATION-RESEED,0.255,65312520.0,4441.0,1291183.5,4838042.5,399189363.0,548505.5,65316961.0,15426626500.0,14191928048.5,15.4266265,14.1919280485,645.59175,484960256.0,462.494140625,4.613916873931885,380.6966428756714
925,R5,OBLIQUE-RECURRENT-MILD,45,4f34c4b157421972,CHAMPION-RESEED,0.2775,65312520.0,30.0,1315597.5,4454316.0,378348007.5,533677.5,65312550.0,14702095500.0,13920032026.0,14.7020955,13.920032026,657.79875,471812096.0,449.955078125,4.247966766357422,360.82077741622925
925,R5,OBLIQUE-RECURRENT-MILD,45,4f34c4b157421972,PERSIST,0.26625,65312520.0,0.0,1359603.5,4931023.0,375262669.5,602701.5,65312520.0,16372882000.0,15317260497.0,16.372882,15.317260497,679.80175,456847360.0,435.68359375,4.702589988708496,357.878369808197
925,R5,OBLIQUE-RECURRENT-MILD,45,4f34c4b157421972,POPULATION-RESEED,0.26025,65312520.0,5307.0,1262671.5,5306364.0,422783467.0,578010.5,65317827.0,15884872000.0,14976475550.0,15.884872,14.97647555,631.33575,487940096.0,465.3359375,5.060543060302734,403.19773387908936
926,R5,OBLIQUE-RECURRENT-MILD,46,1aa3a91e259000b5,CHAMPION-RESEED,0.24275000000000002,65312520.0,40.0,1339705.0,4971196.0,446864997.0,625025.5,65312560.0,16154263500.0,15255840494.0,16.1542635,15.255840494,669.8525,497833984.0,474.771484375,4.740901947021484,426.16367053985596
926,R5,OBLIQUE-RECURRENT-MILD,46,1aa3a91e259000b5,PERSIST,0.243,65312520.0,0.0,1360645.0,4470338.0,359776066.5,580349.0,65312520.0,15501658500.0,14485768810.5,15.5016585,14.4857688105,680.3225,467847168.0,446.173828125,4.263246536254883,343.10919427871704
926,R5,OBLIQUE-RECURRENT-MILD,46,1aa3a91e259000b5,POPULATION-RESEED,0.2475,65312520.0,5440.0,1317679.0,5324451.5,425673877.0,582192.5,65317960.0,15731565000.0,14813889995.0,15.731565,14.813889995,658.8395,498012160.0,474.94140625,5.077792644500732,405.95424365997314
927,R5,OBLIQUE-RECURRENT-MILD,47,31289f4a8d25e48f,CHAMPION-RESEED,0.264,65312520.0,29.0,1318121.0,4544419.5,369652888.0,522119.0,65312549.0,14727341000.0,13635605038.5,14.727341,13.6356050385,659.0605,471754752.0,449.900390625,4.333896160125732,352.5284652709961
927,R5,OBLIQUE-RECURRENT-MILD,47,31289f4a8d25e48f,PERSIST,0.27125,65312520.0,0.0,1409553.5,3618755.5,268117510.0,436087.5,65312520.0,13535894000.0,12629872366.5,13.535894,12.6298723665,704.77675,460494848.0,439.162109375,3.4511141777038574,255.6967830657959
927,R5,OBLIQUE-RECURRENT-MILD,47,31289f4a8d25e48f,POPULATION-RESEED,0.2665,65312520.0,4213.0,5819651.0,3821300.0,309521039.5,431538.5,65316733.0,13375513500.0,12532891850.5,13.3755135,12.5328918505,2909.8255,504602624.0,481.2265625,3.644275665283203,295.1822657585144
928,R5,OBLIQUE-RECURRENT-MILD,48,e1a3443b28929f63,CHAMPION-RESEED,0.25675000000000003,65312520.0,33.0,1407918.5,4186331.0,390218392.0,551656.0,65312553.0,15671614500.0,14833966126.0,15.6716145,14.833966126,703.95925,520427520.0,496.318359375,3.992396354675293,372.1412582397461
928,R5,OBLIQUE-RECURRENT-MILD,48,e1a3443b28929f63,PERSIST,0.248,65312520.0,0.0,1448731.0,4459014.5,344635614.5,556398.0,65312520.0,16170637000.0,15195446828.5,16.170637,15.1954468285,724.3655,507033600.0,483.544921875,4.252447605133057,328.6701340675354
928,R5,OBLIQUE-RECURRENT-MILD,48,e1a3443b28929f63,POPULATION-RESEED,0.252,65312520.0,4994.0,1354684.5,5063864.5,424945229.5,581937.0,65317514.0,15702274000.0,14805865506.0,15.702274,14.805865506,677.34225,524863488.0,500.548828125,4.829277515411377,405.2593512535095
929,R5,OBLIQUE-RECURRENT-MILD,49,d7faa90613a0da66,CHAMPION-RESEED,0.27275,65312520.0,27.0,1160017.5,3393688.5,297894436.0,426137.0,65312547.0,12770973000.0,12093132027.0,12.770973,12.093132027,580.00875,446863360.0,426.162109375,3.236473560333252,284.0942726135254
929,R5,OBLIQUE-RECURRENT-MILD,49,d7faa90613a0da66,PERSIST,0.26875,65312520.0,0.0,1371785.0,3734552.5,265160503.0,429832.0,65312520.0,13189934000.0,12301396447.0,13.189934,12.301396447,685.8925,436000768.0,415.802734375,3.561546802520752,252.8767614364624
929,R5,OBLIQUE-RECURRENT-MILD,49,d7faa90613a0da66,POPULATION-RESEED,0.264,65312520.0,3218.0,1189865.0,3590529.5,287368242.5,402297.0,65315738.0,12554613000.0,11824523187.5,12.554613,11.8245231875,594.9325,458530816.0,437.2890625,3.4241957664489746,274.055712223053
930,R5,OBLIQUE-RECURRENT-MILD,50,fc765b189dc3cb1b,CHAMPION-RESEED,0.264,65312520.0,36.0,1381717.0,4437292.5,394529578.0,556790.5,65312556.0,14930066500.0,14113623510.5,14.9300665,14.1136235105,690.8585,424558592.0,404.890625,4.23173189163208,376.2527256011963
930,R5,OBLIQUE-RECURRENT-MILD,50,fc765b189dc3cb1b,PERSIST,0.25475000000000003,65312520.0,0.0,1371428.0,3609309.0,279830870.5,452456.5,65312520.0,13216763500.0,12421095888.5,13.2167635,12.4210958885,685.714,408799232.0,389.861328125,3.442105293273926,266.86751413345337
930,R5,OBLIQUE-RECURRENT-MILD,50,fc765b189dc3cb1b,POPULATION-RESEED,0.25225,65312520.0,4260.0,1337441.5,3857333.5,337806105.0,470001.5,65316780.0,13561693500.0,12836788099.5,13.5616935,12.8367880995,668.72075,431990784.0,411.978515625,3.6786398887634277,322.1570062637329
931,R5,OBLIQUE-RECURRENT-MILD,51,cd54d37cc406f1a0,CHAMPION-RESEED,0.26575000000000004,65312520.0,37.0,1487672.5,4579310.0,423985599.0,594618.5,65312557.0,16473788500.0,15270781154.0,16.4737885,15.270781154,743.83625,466077696.0,444.486328125,4.367170333862305,404.34417629241943
931,R5,OBLIQUE-RECURRENT-MILD,51,cd54d37cc406f1a0,PERSIST,0.26375000000000004,65312520.0,0.0,1508218.0,3876879.0,292846045.0,475292.5,65312520.0,14492866500.0,13345030277.5,14.4928665,13.3450302775,754.109,441966592.0,421.4921875,3.697279930114746,279.2797517776489
931,R5,OBLIQUE-RECURRENT-MILD,51,cd54d37cc406f1a0,POPULATION-RESEED,0.26875,65312520.0,4601.0,1261455.0,4407606.5,350372073.5,485612.5,65317121.0,14231639000.0,13165301333.5,14.231639,13.1653013335,630.7275,470622208.0,448.8203125,4.203421115875244,334.1408476829529
932,R5,OBLIQUE-RECURRENT-MILD,52,a34b24b78df1c396,CHAMPION-RESEED,0.22625,65312520.0,31.0,1335802.5,4541925.0,389573400.5,549739.0,65312551.0,15662298500.0,14635978121.5,15.6622985,14.6359781215,667.90125,463964160.0,442.470703125,4.331517219543457,371.52614641189575
932,R5,OBLIQUE-RECURRENT-MILD,52,a34b24b78df1c396,PERSIST,0.23575000000000002,65312520.0,0.0,1317560.5,3915253.5,291956132.5,473232.5,65312520.0,13823920000.0,12902485122.0,13.82392,12.902485122,658.78025,443471872.0,422.927734375,3.7338767051696777,278.43106508255005
932,R5,OBLIQUE-RECURRENT-MILD,52,a34b24b78df1c396,POPULATION-RESEED,0.23575000000000002,65312520.0,4131.0,1219975.5,4621683.5,385931472.0,533523.0,65316651.0,15252083500.0,14223111013.0,15.2520835,14.223111013,609.98775,464885760.0,443.349609375,4.407580852508545,368.0529327392578
933,R5,OBLIQUE-RECURRENT-MILD,53,b865734ff0bb0ade,CHAMPION-RESEED,0.27225,65312520.0,33.0,1360776.5,4416664.0,367439834.5,520332.5,65312553.0,14859095500.0,13873246255.0,14.8590955,13.873246255,680.38825,457891840.0,436.6796875,4.212059020996094,350.41793298721313
933,R5,OBLIQUE-RECURRENT-MILD,53,b865734ff0bb0ade,PERSIST,0.262,65312520.0,0.0,1256379.0,3447708.5,307074835.0,493765.5,65312520.0,13988087500.0,13106175203.0,13.9880875,13.106175203,628.1895,446259200.0,425.5859375,3.2879910469055176,292.849383354187
933,R5,OBLIQUE-RECURRENT-MILD,53,b865734ff0bb0ade,POPULATION-RESEED,0.2585,65312520.0,4898.0,1242612.5,4155422.5,362199896.0,502312.0,65317418.0,14858281500.0,13900615085.5,14.8582815,13.9006150855,621.30625,481611776.0,459.30078125,3.9629197120666504,345.42073822021484
934,R5,OBLIQUE-RECURRENT-MILD,54,13c374a6f1075f45,CHAMPION-RESEED,0.25725,65312520.0,42.0,1318767.5,5485252.0,485806021.5,677177.0,65312562.0,17780351000.0,16601805285.5,17.780351,16.6018052855,659.38375,549644288.0,524.181640625,5.231143951416016,463.3007254600525
934,R5,OBLIQUE-RECURRENT-MILD,54,13c374a6f1075f45,PERSIST,0.249,65312520.0,0.0,1405069.5,5346094.5,413061998.5,663287.5,65312520.0,16973196500.0,15898702723.5,16.9731965,15.8987027235,702.53475,541214720.0,516.142578125,5.098433017730713,393.92661905288696
934,R5,OBLIQUE-RECURRENT-MILD,54,13c374a6f1075f45,POPULATION-RESEED,0.25775000000000003,65312520.0,6210.0,2815374.5,6021452.0,494311048.5,671214.5,65318730.0,17280020500.0,16282264750.5,17.2800205,16.2822647505,1407.68725,554749952.0,529.05078125,5.742504119873047,471.4117512702942
935,R5,OBLIQUE-RECURRENT-MILD,55,a9a176c420352654,CHAMPION-RESEED,0.26125,65312520.0,27.0,5388088.0,3831438.0,317001912.0,450616.0,65312547.0,13474158500.0,12537569258.5,13.4741585,12.5375692585,2694.044,432125952.0,412.107421875,3.6539440155029297,302.3165817260742
935,R5,OBLIQUE-RECURRENT-MILD,55,a9a176c420352654,PERSIST,0.25925,65312520.0,0.0,1372649.0,4206643.5,324066252.5,522721.0,65312520.0,14886417000.0,13674212473.5,14.886417,13.6742124735,686.3245,419311616.0,399.88671875,4.011767864227295,309.0536618232727
935,R5,OBLIQUE-RECURRENT-MILD,55,a9a176c420352654,POPULATION-RESEED,0.25875000000000004,65312520.0,4514.0,1330033.5,4503032.5,369422814.5,508899.0,65317034.0,15030260000.0,13841165861.0,15.03026,13.841165861,665.01675,479395840.0,457.1875,4.294426441192627,352.3090500831604
936,R5,OBLIQUE-RECURRENT-MILD,56,6989650bcb90bde0,CHAMPION-RESEED,0.25525,65312520.0,33.0,1315437.0,5108318.5,435540623.5,612043.0,65312553.0,16448050500.0,15366841442.0,16.4480505,15.366841442,657.7185,529471488.0,504.943359375,4.8716721534729,415.3639063835144
936,R5,OBLIQUE-RECURRENT-MILD,56,6989650bcb90bde0,PERSIST,0.25475000000000003,65312520.0,0.0,1385387.0,5009516.0,387487535.0,621186.0,65312520.0,16679629000.0,15423313305.5,16.679629,15.4233133055,692.6935,509224960.0,485.634765625,4.777446746826172,369.53691005706787
936,R5,OBLIQUE-RECURRENT-MILD,56,6989650bcb90bde0,POPULATION-RESEED,0.25225,65312520.0,4931.0,3784536.5,5504939.0,458185386.5,626211.0,65317451.0,16789642500.0,15701677512.5,16.7896425,15.7016775125,1892.26825,594780160.0,567.2265625,5.2499189376831055,436.95963525772095
937,R5,OBLIQUE-RECURRENT-MILD,57,7d7834cfb88b57bb,CHAMPION-RESEED,0.26875000000000004,65312520.0,29.0,1264161.5,4193459.0,341999017.0,486328.5,65312549.0,14866584000.0,13822876641.0,14.866584,13.822876641,632.08075,493944832.0,471.0625,3.9991941452026367,326.1556787490845
937,R5,OBLIQUE-RECURRENT-MILD,57,7d7834cfb88b57bb,PERSIST,0.26075000000000004,65312520.0,0.0,1426496.5,4137228.5,298542117.0,481312.0,65312520.0,14858549000.0,13672186546.0,14.858549,13.672186546,713.24825,462444544.0,441.021484375,3.945568561553955,284.7119493484497
937,R5,OBLIQUE-RECURRENT-MILD,57,7d7834cfb88b57bb,POPULATION-RESEED,0.262,65312520.0,4503.0,1288619.5,4269132.0,348272971.5,485251.0,65317023.0,14754153000.0,13657904210.0,14.754153,13.65790421,644.30975,506159104.0,482.7109375,4.071361541748047,332.1389880180359
938,R5,OBLIQUE-RECURRENT-MILD,58,5f0d94737663f9b0,CHAMPION-RESEED,0.27349999999999997,65312520.0,31.0,1331499.5,4363015.5,362446769.0,513346.0,65312551.0,14569092000.0,13644292252.5,14.569092,13.6442922525,665.74975,409473024.0,390.50390625,4.160895824432373,345.656174659729
938,R5,OBLIQUE-RECURRENT-MILD,58,5f0d94737663f9b0,PERSIST,0.26849999999999996,65312520.0,0.0,1370443.0,3705414.5,294207169.5,474085.5,65312520.0,13572973000.0,12652201206.5,13.572973,12.6522012065,685.2215,392988672.0,374.783203125,3.5337586402893066,280.5778212547302
938,R5,OBLIQUE-RECURRENT-MILD,58,5f0d94737663f9b0,POPULATION-RESEED,0.26425,65312520.0,4164.0,1395343.5,5047783.5,369348131.0,510337.5,65316684.0,15229462000.0,14262773725.0,15.229462,14.262773725,697.67175,418910208.0,399.50390625,4.813941478729248,352.2378263473511
939,R5,OBLIQUE-RECURRENT-MILD,59,3be5299854be55c0,CHAMPION-RESEED,0.26475,65312520.0,30.0,1283256.5,4329262.0,373715877.0,527287.0,65312550.0,14824238500.0,13675711163.5,14.8242385,13.6757111635,641.62825,481277952.0,458.982421875,4.128705978393555,356.4032335281372
939,R5,OBLIQUE-RECURRENT-MILD,59,3be5299854be55c0,PERSIST,0.26325,65312520.0,0.0,1436891.5,3710449.0,282340345.5,459215.0,65312520.0,13991644000.0,12894993081.5,13.991644,12.8949930815,718.44575,467478528.0,445.822265625,3.538559913635254,269.26073598861694
939,R5,OBLIQUE-RECURRENT-MILD,59,3be5299854be55c0,POPULATION-RESEED,0.258,65312520.0,4165.0,1311023.5,4250104.5,342039542.0,472171.5,65316685.0,14387910500.0,13397962343.5,14.3879105,13.3979623435,655.51175,507101184.0,483.609375,4.053215503692627,326.19432640075684
940,R5,OBLIQUE-RECURRENT-MILD,60,8e3dd4001ab26bd0,CHAMPION-RESEED,0.2515,65312520.0,30.0,1317676.5,3930073.0,342444914.0,485866.0,65312550.0,13925920500.0,13001543540.0,13.9259205,13.00154354,658.83825,424321024.0,404.6640625,3.74800968170166,326.58091926574707
940,R5,OBLIQUE-RECURRENT-MILD,60,8e3dd4001ab26bd0,PERSIST,0.25375000000000003,65312520.0,0.0,1361043.5,3459019.5,274332283.5,445704.0,65312520.0,13229786000.0,12380014927.5,13.229786,12.3800149275,680.52175,415842304.0,396.578125,3.2987780570983887,261.6236529350281
940,R5,OBLIQUE-RECURRENT-MILD,60,8e3dd4001ab26bd0,POPULATION-RESEED,0.254,65312520.0,4300.0,1232207.0,4135248.5,359220020.0,496423.0,65316820.0,13938226000.0,13059433755.5,13.938226,13.0594337555,616.1035,431202304.0,411.2265625,3.9436802864074707,342.57890701293945
941,R5,OBLIQUE-RECURRENT-MILD,61,a6de0aa09aae7ac2,CHAMPION-RESEED,0.249,65312520.0,33.0,1363067.5,4777460.0,400867452.0,564110.5,65312553.0,15789130500.0,14633794126.0,15.7891305,14.633794126,681.53375,488646656.0,466.009765625,4.556140899658203,382.29699325561523
941,R5,OBLIQUE-RECURRENT-MILD,61,a6de0aa09aae7ac2,PERSIST,0.2445,65312520.0,0.0,1442533.5,3876825.5,305804141.0,496652.5,65312520.0,14778647500.0,13746292036.5,14.7786475,13.7462920365,721.26675,449083392.0,428.279296875,3.6972289085388184,291.6375551223755
941,R5,OBLIQUE-RECURRENT-MILD,61,a6de0aa09aae7ac2,POPULATION-RESEED,0.24375000000000002,65312520.0,4688.0,1427377.0,4705726.5,391325782.0,537810.5,65317208.0,15340650500.0,14395720118.0,15.3406505,14.395720118,713.6885,511289344.0,487.603515625,4.487730503082275,373.1973476409912
942,R5,OBLIQUE-RECURRENT-MILD,62,0ba26baa4a41c376,CHAMPION-RESEED,0.25125,65312520.0,37.0,1369238.0,4895936.5,418636745.0,587113.5,65312557.0,16169551500.0,14919445826.0,16.1695515,14.919445826,684.619,482560000.0,460.205078125,4.669128894805908,399.2431116104126
942,R5,OBLIQUE-RECURRENT-MILD,62,0ba26baa4a41c376,PERSIST,0.2545,65312520.0,0.0,1442044.0,4123657.5,335765720.5,541658.0,65312520.0,15472554000.0,14183126016.5,15.472554,14.1831260165,721.022,451842048.0,430.91015625,3.932626247406006,320.2111439704895
942,R5,OBLIQUE-RECURRENT-MILD,62,0ba26baa4a41c376,POPULATION-RESEED,0.2495,65312520.0,5453.0,1259889.0,5180315.0,427799161.0,588168.5,65317973.0,16618788000.0,15350810888.5,16.618788,15.3508108885,629.9445,490225664.0,467.515625,4.940333366394043,407.9810724258423
943,R5,OBLIQUE-RECURRENT-MILD,63,fc5aca705b765db7,CHAMPION-RESEED,0.2555,65312520.0,37.0,1513630.0,5163807.5,438723213.0,614530.0,65312557.0,17991655500.0,16750182124.5,17.9916555,16.7501821245,756.815,513593344.0,489.80078125,4.924590587615967,418.3990602493286
943,R5,OBLIQUE-RECURRENT-MILD,63,fc5aca705b765db7,PERSIST,0.2555,65312520.0,0.0,1550539.0,4754831.0,372512355.0,600969.5,65312520.0,16842610500.0,15603523976.5,16.8426105,15.6035239765,775.2695,470368256.0,448.578125,4.534560203552246,355.2554655075073
943,R5,OBLIQUE-RECURRENT-MILD,63,fc5aca705b765db7,POPULATION-RESEED,0.2575,65312520.0,5882.0,1531482.5,4950947.0,426117655.5,584148.5,65318402.0,17604712500.0,16427948618.0,17.6047125,16.427948618,765.74125,522016768.0,497.833984375,4.721590995788574,406.37746381759644
944,R5,OBLIQUE-RECURRENT-MILD,64,901b81699d9200b5,CHAMPION-RESEED,0.265,65312520.0,29.0,1316876.5,4078085.5,348248997.0,493410.0,65312549.0,14129064500.0,13187046195.0,14.1290645,13.187046195,658.43825,459005952.0,437.7421875,3.8891654014587402,332.1161241531372
944,R5,OBLIQUE-RECURRENT-MILD,64,901b81699d9200b5,PERSIST,0.2515,65312520.0,0.0,1425170.0,4288772.0,329047976.5,532372.0,65312520.0,15010455000.0,13978286086.0,15.010455,13.978286086,712.585,452354048.0,431.3984375,4.090091705322266,313.8046040534973
944,R5,OBLIQUE-RECURRENT-MILD,64,901b81699d9200b5,POPULATION-RESEED,0.24725,65312520.0,4643.0,1309967.0,5198397.0,397329430.5,543735.0,65317163.0,15332635000.0,14292530882.0,15.332635,14.292530882,654.9835,475674624.0,453.638671875,4.957577705383301,378.9228730201721
945,R5,OBLIQUE-RECURRENT-MILD,65,e4d3d920eea0ed56,CHAMPION-RESEED,0.26675000000000004,65312520.0,30.0,1216188.5,3356880.0,334509878.0,479285.5,65312550.0,13922633500.0,13026132314.0,13.9226335,13.026132314,608.09425,434362368.0,414.240234375,3.2013702392578125,319.0134792327881
945,R5,OBLIQUE-RECURRENT-MILD,65,e4d3d920eea0ed56,PERSIST,0.26325,65312520.0,0.0,1274542.5,3054984.0,277926442.0,453002.5,65312520.0,13724760000.0,12716337274.5,13.72476,12.7163372745,637.27125,418596864.0,399.205078125,2.9134597778320312,265.0513095855713
945,R5,OBLIQUE-RECURRENT-MILD,65,e4d3d920eea0ed56,POPULATION-RESEED,0.26475,65312520.0,3670.0,1169234.0,3187232.5,306512140.0,430886.0,65316190.0,13247994500.0,12253292474.0,13.2479945,12.253292474,584.617,438097920.0,417.802734375,3.039581775665283,292.3127555847168
946,R5,OBLIQUE-RECURRENT-MILD,66,eff5867b9083fd96,CHAMPION-RESEED,0.25575000000000003,65312520.0,44.0,1358382.5,5857899.0,494451904.0,687927.5,65312564.0,17211795000.0,16133694176.5,17.211795,16.1336941765,679.19125,528986112.0,504.48046875,5.5865278244018555,471.54608154296875
946,R5,OBLIQUE-RECURRENT-MILD,66,eff5867b9083fd96,PERSIST,0.24075000000000002,65312520.0,0.0,1415455.5,5389307.5,430612073.5,695338.5,65312520.0,17194269500.0,16045233962.0,17.1942695,16.045233962,707.72775,504455168.0,481.0859375,5.139644145965576,410.6636748313904
946,R5,OBLIQUE-RECURRENT-MILD,66,eff5867b9083fd96,POPULATION-RESEED,0.23975000000000002,65312520.0,6270.0,1507419.0,6823100.5,550926016.0,745341.0,65318790.0,18802034500.0,17543954522.5,18.8020345,17.5439545225,753.7095,530946048.0,506.349609375,6.507015705108643,525.4039916992188
947,R5,OBLIQUE-RECURRENT-MILD,67,3627925875c1ec23,CHAMPION-RESEED,0.25175000000000003,65312520.0,25.0,1355705.0,4205015.5,323516232.5,461852.5,65312545.0,13220509500.0,12609741926.0,13.2205095,12.609741926,677.8525,416878592.0,397.56640625,4.0102152824401855,308.52912187576294
947,R5,OBLIQUE-RECURRENT-MILD,67,3627925875c1ec23,PERSIST,0.2595,65312520.0,0.0,1334143.0,4324104.5,287922359.0,467158.0,65312520.0,13991470500.0,13180840701.0,13.9914705,13.180840701,667.0715,401885184.0,383.267578125,4.1237874031066895,274.5841588973999
947,R5,OBLIQUE-RECURRENT-MILD,67,3627925875c1ec23,POPULATION-RESEED,0.25375000000000003,65312520.0,3725.0,1316464.5,3900197.0,310297452.5,433126.0,65316245.0,13007663500.0,12333456695.0,13.0076635,12.333456695,658.23225,433436672.0,413.357421875,3.719517707824707,295.92271089553833
948,R5,OBLIQUE-RECURRENT-MILD,68,8ded201a9e24cc5b,CHAMPION-RESEED,0.279,65312520.0,25.0,1263401.0,4016153.5,324528542.0,464396.0,65312545.0,13309237000.0,12623892598.5,13.309237,12.6238925985,631.7005,467402752.0,445.75,3.8301024436950684,309.494535446167
948,R5,OBLIQUE-RECURRENT-MILD,68,8ded201a9e24cc5b,PERSIST,0.2605,65312520.0,0.0,1373953.0,2995686.0,257731733.5,418928.0,65312520.0,12941965500.0,12269824395.0,12.9419655,12.269824395,686.9765,458944512.0,437.68359375,2.8569087982177734,245.7921347618103
948,R5,OBLIQUE-RECURRENT-MILD,68,8ded201a9e24cc5b,POPULATION-RESEED,0.26675000000000004,65312520.0,3988.0,1273256.5,3447804.0,327266754.5,455205.5,65316508.0,13090216000.0,12409877477.0,13.090216,12.409877477,636.62825,482238464.0,459.8984375,3.2880821228027344,312.10589838027954
949,R5,OBLIQUE-RECURRENT-MILD,69,50fb3f5f7b42c1ab,CHAMPION-RESEED,0.2515,65312520.0,43.0,1278048.0,5708011.0,414743259.5,578655.0,65312563.0,15731510000.0,14824941705.0,15.73151,14.824941705,639.024,521293824.0,497.14453125,5.4435834884643555,395.52999448776245
949,R5,OBLIQUE-RECURRENT-MILD,69,50fb3f5f7b42c1ab,PERSIST,0.24875000000000003,65312520.0,0.0,1381268.0,5286430.0,349771944.5,564174.5,65312520.0,15961620000.0,14994654048.0,15.96162,14.994654048,690.634,496740352.0,473.728515625,5.041532516479492,333.5685200691223
949,R5,OBLIQUE-RECURRENT-MILD,69,50fb3f5f7b42c1ab,POPULATION-RESEED,0.2485,65312520.0,6612.0,1274421.5,6231049.0,422298013.5,575278.5,65319132.0,15759729000.0,14800883237.5,15.759729,14.8008832375,637.21075,529375232.0,504.8515625,5.942391395568848,402.73476934432983
950,R5,OBLIQUE-RECURRENT-MILD,70,0d2b14b81ff29bd6,CHAMPION-RESEED,0.28225,65312520.0,29.0,1415175.0,4094314.5,366629559.5,521680.0,65312549.0,16139363000.0,14978954799.0,16.139363,14.978954799,707.5875,477820928.0,455.685546875,3.9046425819396973,349.64519453048706
950,R5,OBLIQUE-RECURRENT-MILD,70,0d2b14b81ff29bd6,PERSIST,0.27949999999999997,65312520.0,0.0,1405314.0,3412456.5,297392510.5,480958.0,65312520.0,14689720000.0,13574004430.0,14.68972,13.57400443,702.657,444917760.0,424.306640625,3.2543721199035645,283.615599155426
950,R5,OBLIQUE-RECURRENT-MILD,70,0d2b14b81ff29bd6,POPULATION-RESEED,0.2635,65312520.0,4623.0,1370673.5,3835574.0,344193515.0,479165.0,65317143.0,15236518500.0,14145610006.0,15.2365185,14.145610006,685.33675,497131520.0,474.1015625,3.657888412475586,328.24851512908936
951,R5,OBLIQUE-RECURRENT-MILD,71,ef9667d78aae4f63,CHAMPION-RESEED,0.25925,65312520.0,30.0,1240971.5,4429776.5,358646033.5,508257.5,65312550.0,14057669500.0,13271369740.5,14.0576695,13.2713697405,620.48575,518459392.0,494.44140625,4.224564075469971,342.03151082992554
951,R5,OBLIQUE-RECURRENT-MILD,71,ef9667d78aae4f63,PERSIST,0.25025,65312520.0,0.0,1252993.5,4034629.5,316932094.5,510448.5,65312520.0,14607647500.0,13752655591.0,14.6076475,13.752655591,626.49675,507707392.0,484.1875,3.8477225303649902,302.2499985694885
951,R5,OBLIQUE-RECURRENT-MILD,71,ef9667d78aae4f63,POPULATION-RESEED,0.2475,65312520.0,5009.0,1200584.0,4873808.0,395437023.5,544483.5,65317529.0,14877672000.0,14090428388.5,14.877672,14.0904283885,600.292,518459392.0,494.44140625,4.6480255126953125,377.1181330680847
952,R5,OBLIQUE-RECURRENT-MILD,72,cf35a979b2cb31b0,CHAMPION-RESEED,0.246,65312520.0,47.0,1261375.5,6374152.5,536163792.0,744768.0,65312567.0,18584361000.0,17044206572.5,18.584361,17.0442065725,630.68775,502663168.0,479.376953125,6.0788655281066895,511.3256378173828
952,R5,OBLIQUE-RECURRENT-MILD,72,cf35a979b2cb31b0,PERSIST,0.24075000000000002,65312520.0,0.0,1301780.0,5143835.0,404096652.0,649041.5,65312520.0,17256009000.0,15708134329.0,17.256009,15.708134329,650.89,467130368.0,445.490234375,4.905543327331543,385.3765983581543
952,R5,OBLIQUE-RECURRENT-MILD,72,cf35a979b2cb31b0,POPULATION-RESEED,0.25075000000000003,65312520.0,5684.0,1269718.0,6242782.0,496702922.5,673748.0,65318204.0,17714029000.0,16122394869.5,17.714029,16.1223948695,634.859,511524864.0,487.828125,5.953580856323242,473.6928200721741
953,R5,OBLIQUE-RECURRENT-MILD,73,61a1f7b9e314d4e6,CHAMPION-RESEED,0.2465,65312520.0,30.0,1229957.0,4599269.0,370692512.0,524439.0,65312550.0,14456569500.0,13662843339.5,14.4565695,13.6628433395,614.9785,454686720.0,433.623046875,4.386204719543457,353.5199279785156
953,R5,OBLIQUE-RECURRENT-MILD,73,61a1f7b9e314d4e6,PERSIST,0.24975,65312520.0,0.0,1328126.5,3501698.0,283841202.5,462048.0,65312520.0,13572427000.0,12792128831.0,13.572427,12.792128831,664.06325,439791616.0,419.41796875,3.339479446411133,270.6920647621155
953,R5,OBLIQUE-RECURRENT-MILD,73,61a1f7b9e314d4e6,POPULATION-RESEED,0.25225,65312520.0,4531.0,1281631.0,4010159.0,343489452.5,476652.0,65317051.0,13975101000.0,13204711212.0,13.975101,13.204711212,640.8155,454987776.0,433.91015625,3.824385643005371,327.5770688056946
954,R5,OBLIQUE-RECURRENT-MILD,74,9fd1110c47e79b11,CHAMPION-RESEED,0.27825,65312520.0,26.0,1257100.5,3011813.0,327917873.0,470148.5,65312546.0,13393071000.0,12652096186.0,13.393071,12.652096186,628.55025,466462720.0,444.853515625,2.872288703918457,312.7268533706665
954,R5,OBLIQUE-RECURRENT-MILD,74,9fd1110c47e79b11,PERSIST,0.26225,65312520.0,0.0,1300624.5,3381802.0,304370302.0,494349.0,65312520.0,13981011500.0,13191967596.0,13.9810115,13.191967596,650.31225,453177344.0,432.18359375,3.225137710571289,290.27013969421387
954,R5,OBLIQUE-RECURRENT-MILD,74,9fd1110c47e79b11,POPULATION-RESEED,0.2535,65312520.0,5392.0,1272367.5,5491123.0,431148815.5,588402.5,65317912.0,15587441000.0,14699297420.5,15.587441,14.6992974205,636.18375,479201280.0,457.001953125,5.236742973327637,411.1755518913269
955,R5,OBLIQUE-RECURRENT-MILD,75,36626bca44da1d41,CHAMPION-RESEED,0.27,65312520.0,26.0,1340493.0,4870142.0,345044865.0,489916.5,65312546.0,14205052500.0,13253465615.5,14.2050525,13.2534656155,670.2465,443539456.0,422.9921875,4.644529342651367,329.0604257583618
955,R5,OBLIQUE-RECURRENT-MILD,75,36626bca44da1d41,PERSIST,0.26375000000000004,65312520.0,0.0,1385891.0,3988934.0,308036575.5,497248.5,65312520.0,13906875000.0,13013603121.0,13.906875,13.013603121,692.9455,438710272.0,418.38671875,3.8041439056396484,293.7665705680847
955,R5,OBLIQUE-RECURRENT-MILD,75,36626bca44da1d41,POPULATION-RESEED,0.25825,65312520.0,4453.0,1344844.5,4174873.5,349069313.5,481123.0,65316973.0,13962281500.0,13088627479.0,13.9622815,13.088627479,672.42225,451758080.0,430.830078125,3.9814696311950684,332.8984389305115
956,R5,OBLIQUE-RECURRENT-MILD,76,1a3fad745905b531,CHAMPION-RESEED,0.259,65312520.0,34.0,1330883.5,4977768.0,406228463.5,573298.0,65312554.0,15522847500.0,14558760511.0,15.5228475,14.558760511,665.44175,529240064.0,504.72265625,4.747169494628906,387.4096522331238
956,R5,OBLIQUE-RECURRENT-MILD,76,1a3fad745905b531,PERSIST,0.26175000000000004,65312520.0,0.0,1421128.5,3924728.5,303275156.0,490832.5,65312520.0,14015456500.0,13285884387.0,14.0154565,13.285884387,710.56425,524564480.0,500.263671875,3.742912769317627,289.2257270812988
956,R5,OBLIQUE-RECURRENT-MILD,76,1a3fad745905b531,POPULATION-RESEED,0.264,65312520.0,4301.0,1358786.5,4415162.5,336002334.0,467690.5,65316821.0,13680120500.0,12988541072.5,13.6801205,12.9885410725,679.39325,529240064.0,504.72265625,4.21062707901001,320.4367961883545
957,R5,OBLIQUE-RECURRENT-MILD,77,47933c05448be334,CHAMPION-RESEED,0.2585,65312520.0,40.0,1333718.5,5155027.0,446927371.5,624713.0,65312560.0,17009877000.0,15609163304.0,17.009877,15.609163304,666.85925,496003072.0,473.025390625,4.916216850280762,426.22315549850464
957,R5,OBLIQUE-RECURRENT-MILD,77,47933c05448be334,PERSIST,0.25375000000000003,65312520.0,0.0,1346570.0,4013349.5,318497921.5,514699.5,65312520.0,14910695000.0,13696759702.5,14.910695,13.6967597025,673.285,462379008.0,440.958984375,3.8274283409118652,303.743287563324
957,R5,OBLIQUE-RECURRENT-MILD,77,47933c05448be334,POPULATION-RESEED,0.25725,65312520.0,5098.0,1238152.5,4728480.0,390332953.5,537109.0,65317618.0,15364224500.0,14212043456.0,15.3642245,14.212043456,619.07625,500359168.0,477.1796875,4.509429931640625,372.25051259994507
958,R5,OBLIQUE-RECURRENT-MILD,78,2c66269c8148c0f8,CHAMPION-RESEED,0.2605,65312520.0,31.0,1239779.0,4611843.0,375372077.0,530400.0,65312551.0,14722171000.0,13690425115.0,14.722171,13.690425115,619.8895,474380288.0,452.404296875,4.398196220397949,357.98270893096924
958,R5,OBLIQUE-RECURRENT-MILD,78,2c66269c8148c0f8,PERSIST,0.25975000000000004,65312520.0,0.0,1212694.0,3872889.5,322302094.5,521129.5,65312520.0,14320491000.0,13336936005.0,14.320491,13.336936005,606.347,470951936.0,449.134765625,3.6934752464294434,307.3712296485901
958,R5,OBLIQUE-RECURRENT-MILD,78,2c66269c8148c0f8,POPULATION-RESEED,0.26425,65312520.0,5088.0,1204462.5,4604505.5,393367296.0,541794.5,65317608.0,15368575000.0,14343326777.0,15.368575,14.343326777,602.23125,485130240.0,462.65625,4.391198635101318,375.144287109375
959,R5,OBLIQUE-RECURRENT-MILD,79,29f47f0c8e8fe62a,CHAMPION-RESEED,0.26825,65312520.0,32.0,1415753.5,4638784.0,370807216.0,524588.0,65312552.0,15522775000.0,14442284100.5,15.522775,14.4422841005,707.87675,506806272.0,483.328125,4.42388916015625,353.6293182373047
959,R5,OBLIQUE-RECURRENT-MILD,79,29f47f0c8e8fe62a,PERSIST,0.27175,65312520.0,0.0,1286673.5,4178088.0,315668820.0,510229.0,65312520.0,15302576000.0,14099257355.5,15.302576,14.0992573555,643.33675,503588864.0,480.259765625,3.9845352172851562,301.0452461242676
959,R5,OBLIQUE-RECURRENT-MILD,79,29f47f0c8e8fe62a,POPULATION-RESEED,0.27625,65312520.0,4959.0,1214325.0,4767526.0,402107853.0,554899.5,65317479.0,15846807000.0,14560017677.5,15.846807,14.5600176775,607.1625,513327104.0,489.546875,4.546667098999023,383.47993183135986
960,R5,OBLIQUE-RECURRENT-SEVERE,0,287f5e8fd840dff2,CHAMPION-RESEED,0.33699999999999997,65312520.0,28.0,1219058.5,4086457.5,336989074.5,475435.5,65312548.0,14024717500.0,13196676474.0,14.0247175,13.196676474,609.52925,452933632.0,431.951171875,3.8971495628356934,321.37782526016235
960,R5,OBLIQUE-RECURRENT-SEVERE,0,287f5e8fd840dff2,PERSIST,0.3395,65312520.0,0.0,1314999.5,2862042.5,288351009.5,459296.0,65312520.0,13919768000.0,12910323736.0,13.919768,12.910323736,657.49975,442650624.0,422.14453125,2.7294564247131348,274.9929518699646
960,R5,OBLIQUE-RECURRENT-SEVERE,0,287f5e8fd840dff2,POPULATION-RESEED,0.3295,65312520.0,5047.0,1150647.0,4195445.5,364836916.0,501324.5,65317567.0,14266649500.0,13345210981.0,14.2666495,13.345210981,575.3235,461371392.0,439.998046875,4.001088619232178,347.93559646606445
961,R5,OBLIQUE-RECURRENT-SEVERE,1,5c357e7c2a3e79e7,CHAMPION-RESEED,0.3365,65312519.5,38.0,1323093.5,4641691.0,398574375.0,554658.5,65312557.5,15571786500.0,14370037463.5,15.5717865,14.3700374635,661.54675,488591360.0,465.95703125,4.426661491394043,380.11014461517334
961,R5,OBLIQUE-RECURRENT-SEVERE,1,5c357e7c2a3e79e7,PERSIST,0.31575,65312520.0,0.0,1394952.0,4108784.0,338125700.5,538690.0,65312520.0,15465514500.0,14150279789.0,15.4655145,14.150279789,697.476,465715200.0,444.140625,3.9184417724609375,322.4617962837219
961,R5,OBLIQUE-RECURRENT-SEVERE,1,5c357e7c2a3e79e7,POPULATION-RESEED,0.3265,65312520.0,5272.0,1270633.0,5345381.5,420273914.0,570800.5,65317792.0,16162250000.0,14883167237.0,16.16225,14.883167237,635.3165,488591360.0,465.95703125,5.097753047943115,400.8044376373291
962,R5,OBLIQUE-RECURRENT-SEVERE,2,4756df31ac261917,CHAMPION-RESEED,0.311,65312520.0,32.0,1220762.0,2962136.0,315070578.5,447194.5,65312552.0,13174866500.0,12459873597.0,13.1748665,12.459873597,610.381,432330752.0,412.302734375,2.8249130249023438,300.47471857070923
962,R5,OBLIQUE-RECURRENT-SEVERE,2,4756df31ac261917,PERSIST,0.32025000000000003,65312520.0,0.0,1348110.0,3432279.5,273366871.5,435433.5,65312520.0,13132677500.0,12390041377.5,13.1326775,12.3900413775,674.055,422199296.0,402.640625,3.2732768058776855,260.7029643058777
962,R5,OBLIQUE-RECURRENT-SEVERE,2,4756df31ac261917,POPULATION-RESEED,0.32125,65312520.0,4699.0,1215657.5,3347684.5,313474514.0,434190.5,65317219.0,12770797500.0,12155753417.0,12.7707975,12.155753417,607.82875,436006912.0,415.80859375,3.192600727081299,298.95259284973145
963,R5,OBLIQUE-RECURRENT-SEVERE,3,344a6199c9c61e5f,CHAMPION-RESEED,0.30100000000000005,65312520.0,27.0,1345210.0,3349499.5,309248506.0,439817.5,65312547.0,13573240000.0,12917672243.5,13.57324,12.9176722435,672.605,419172352.0,399.75390625,3.194331645965576,294.9223575592041
963,R5,OBLIQUE-RECURRENT-SEVERE,3,344a6199c9c61e5f,PERSIST,0.29975,65312520.0,0.0,1366069.5,3451787.0,274055627.0,436911.5,65312520.0,13046176000.0,12297573363.5,13.046176,12.2975733635,683.03475,415010816.0,395.78515625,3.2918806076049805,261.35981273651123
963,R5,OBLIQUE-RECURRENT-SEVERE,3,344a6199c9c61e5f,POPULATION-RESEED,0.32125000000000004,65312520.0,3955.0,1217139.0,3471342.0,299969061.0,418316.0,65316475.0,12702992500.0,12100801460.0,12.7029925,12.10080146,608.5695,425676800.0,405.95703125,3.3105297088623047,286.0727891921997
964,R5,OBLIQUE-RECURRENT-SEVERE,4,4e5784079db55956,CHAMPION-RESEED,0.3435,65312519.5,26.0,1200063.0,2658876.5,299206893.0,430160.0,65312545.5,12548509000.0,11816703437.0,12.548509,11.816703437,600.0315,461725696.0,440.3359375,2.5357022285461426,285.345929145813
964,R5,OBLIQUE-RECURRENT-SEVERE,4,4e5784079db55956,PERSIST,0.33799999999999997,65312520.0,0.0,1184259.5,2882687.5,269489012.0,430748.0,65312520.0,12809132500.0,11969179861.0,12.8091325,11.969179861,592.12975,447764480.0,427.021484375,2.749145030975342,257.0047492980957
964,R5,OBLIQUE-RECURRENT-SEVERE,4,4e5784079db55956,POPULATION-RESEED,0.3395,65312520.0,4380.0,1243448.5,3258617.5,331043407.0,462141.0,65316900.0,14273255500.0,13382218012.5,14.2732555,13.3822180125,621.72425,470085632.0,448.30859375,3.1076598167419434,315.707594871521
965,R5,OBLIQUE-RECURRENT-SEVERE,5,f5dd671409eb1c16,CHAMPION-RESEED,0.3185,65312520.0,35.0,1339062.5,4127096.0,378214697.0,529486.5,65312555.0,14289821500.0,13557637751.5,14.2898215,13.5576377515,669.53125,470601728.0,448.80078125,3.9359054565429688,360.693642616272
965,R5,OBLIQUE-RECURRENT-SEVERE,5,f5dd671409eb1c16,PERSIST,0.32399999999999995,65312520.0,0.0,1314773.0,3892758.5,303978673.0,482698.0,65312520.0,13451957500.0,12658199046.0,13.4519575,12.658199046,657.3865,466300928.0,444.69921875,3.712423801422119,289.896653175354
965,R5,OBLIQUE-RECURRENT-SEVERE,5,f5dd671409eb1c16,POPULATION-RESEED,0.322,65312520.0,5003.0,1269194.0,3480783.0,353675577.0,485510.0,65317523.0,13918200500.0,13192556452.5,13.9182005,13.1925564525,634.597,489848832.0,467.15625,3.319533348083496,337.29131412506104
966,R5,OBLIQUE-RECURRENT-SEVERE,6,b4c71f794ca69034,CHAMPION-RESEED,0.32725,65312520.0,22.0,1222442.0,3074360.0,306620342.5,437074.0,65312542.0,12758494500.0,12103891254.0,12.7584945,12.103891254,611.221,436662272.0,416.43359375,2.9319381713867188,292.41594552993774
966,R5,OBLIQUE-RECURRENT-SEVERE,6,b4c71f794ca69034,PERSIST,0.30100000000000005,65312520.0,0.0,1364707.5,3817621.0,304614956.5,484926.5,65312520.0,14015839000.0,13265312910.5,14.015839,13.2653129105,682.35375,417816576.0,398.4609375,3.6407670974731445,290.5034604072571
966,R5,OBLIQUE-RECURRENT-SEVERE,6,b4c71f794ca69034,POPULATION-RESEED,0.30675,65312520.0,4753.0,1213079.5,3972101.5,341054281.5,469147.0,65317273.0,13362966500.0,12729164341.5,13.3629665,12.7291643415,606.53975,436662272.0,416.43359375,3.7880911827087402,325.25470876693726
967,R5,OBLIQUE-RECURRENT-SEVERE,7,ac66a945f703c07a,CHAMPION-RESEED,0.33875,65312520.0,30.0,1184990.5,4302989.0,380325239.0,535227.0,65312550.0,14708569500.0,13874298944.5,14.7085695,13.8742989445,592.49525,511498240.0,487.802734375,4.103650093078613,362.70641231536865
967,R5,OBLIQUE-RECURRENT-SEVERE,7,ac66a945f703c07a,PERSIST,0.32825,65312520.0,0.0,1321421.5,3678086.5,317569838.5,504145.0,65312520.0,14502700500.0,13696021317.0,14.5027005,13.696021317,660.71075,496801792.0,473.787109375,3.5076966285705566,302.8581986427307
967,R5,OBLIQUE-RECURRENT-SEVERE,7,ac66a945f703c07a,POPULATION-RESEED,0.32375,65312520.0,5173.0,1209097.5,4588489.0,385960180.5,529895.5,65317693.0,14521015500.0,13746061708.0,14.5210155,13.746061708,604.54875,511721472.0,488.015625,4.375924110412598,368.08031129837036
968,R5,OBLIQUE-RECURRENT-SEVERE,8,62f45dc0ca573e91,CHAMPION-RESEED,0.31775,65312520.0,29.0,1252220.0,3193464.5,308933026.0,438044.5,65312549.0,13284931500.0,12485611117.0,13.2849315,12.485611117,626.11,447551488.0,426.818359375,3.045525074005127,294.62149238586426
968,R5,OBLIQUE-RECURRENT-SEVERE,8,62f45dc0ca573e91,PERSIST,0.3125,65312520.0,0.0,1419912.0,3400021.0,276216718.5,441982.0,65312520.0,13341857500.0,12511826509.0,13.3418575,12.511826509,709.956,438675456.0,418.353515625,3.2425127029418945,263.4207901954651
968,R5,OBLIQUE-RECURRENT-SEVERE,8,62f45dc0ca573e91,POPULATION-RESEED,0.31475,65312520.0,4073.0,1209864.0,3486707.0,315145899.0,436287.5,65316593.0,13307210500.0,12453778478.0,13.3072105,12.453778478,604.932,452603904.0,431.63671875,3.3251829147338867,300.5465497970581
969,R5,OBLIQUE-RECURRENT-SEVERE,9,810065f5812acd13,CHAMPION-RESEED,0.319,65312520.0,33.0,1186761.5,3342082.5,357838612.5,505030.0,65312553.0,14199672000.0,13371186838.5,14.199672,13.3711868385,593.38075,430387200.0,410.44921875,3.187258243560791,341.2614941596985
969,R5,OBLIQUE-RECURRENT-SEVERE,9,810065f5812acd13,PERSIST,0.31999999999999995,65312520.0,0.0,1303845.5,4029731.5,312597088.0,494488.5,65312520.0,14526829000.0,13552707008.5,14.526829,13.5527070085,651.92275,422946816.0,403.353515625,3.8430514335632324,298.1158142089844
969,R5,OBLIQUE-RECURRENT-SEVERE,9,810065f5812acd13,POPULATION-RESEED,0.318,65312520.0,4637.0,1261885.0,3563078.5,339742343.5,469007.0,65317157.0,13762271000.0,12871793958.5,13.762271,12.8717939585,630.9425,432814080.0,412.763671875,3.3980164527893066,324.0035471916199
970,R5,OBLIQUE-RECURRENT-SEVERE,10,526ace74986e5ba6,CHAMPION-RESEED,0.31,65312520.0,30.0,1232155.5,3976581.0,355313467.5,492275.0,65312550.0,14188852000.0,13203406632.5,14.188852,13.2034066325,616.07775,513175552.0,489.40234375,3.792363166809082,338.8533282279968
970,R5,OBLIQUE-RECURRENT-SEVERE,10,526ace74986e5ba6,PERSIST,0.31074999999999997,65312520.0,0.0,1556305.5,3658895.5,283515507.0,447471.5,65312520.0,13854055500.0,12727111235.0,13.8540555,12.727111235,778.15275,489054208.0,466.3984375,3.4893946647644043,270.3814573287964
970,R5,OBLIQUE-RECURRENT-SEVERE,10,526ace74986e5ba6,POPULATION-RESEED,0.2995,65312520.0,4831.0,1244119.0,4103734.0,362481580.0,489771.5,65317351.0,14711096500.0,13559551169.5,14.7110965,13.5595511695,622.0595,539680768.0,514.6796875,3.913625717163086,345.6893730163574
971,R5,OBLIQUE-RECURRENT-SEVERE,11,05fd966f859b1fba,CHAMPION-RESEED,0.3215,65312520.0,25.0,1309020.5,3283221.0,322324395.0,454150.0,65312545.0,13557440000.0,12627294284.5,13.55744,12.6272942845,654.51025,447727616.0,426.986328125,3.1311235427856445,307.3924970626831
971,R5,OBLIQUE-RECURRENT-SEVERE,11,05fd966f859b1fba,PERSIST,0.3185,65312520.0,0.0,1275951.5,2732977.5,274892627.5,437433.5,65312520.0,13607471500.0,12598475717.5,13.6074715,12.5984757175,637.97575,426399744.0,406.646484375,2.606370449066162,262.1580386161804
971,R5,OBLIQUE-RECURRENT-SEVERE,11,05fd966f859b1fba,POPULATION-RESEED,0.32075,65312520.0,3720.0,1215159.5,3765803.0,333323989.5,456523.0,65316240.0,13715410000.0,12720134001.5,13.71541,12.7201340015,607.57975,453548032.0,432.537109375,3.5913496017456055,317.88252782821655
972,R5,OBLIQUE-RECURRENT-SEVERE,12,43f371eb78184a20,CHAMPION-RESEED,0.353,65312520.0,38.0,1198427.5,3438622.0,350683495.0,489049.0,65312558.0,14426930000.0,13372614104.5,14.42693,13.3726141045,599.21375,439719936.0,419.349609375,3.279325485229492,334.4378423690796
972,R5,OBLIQUE-RECURRENT-SEVERE,12,43f371eb78184a20,PERSIST,0.3435,65312520.0,0.0,1269087.0,3550718.0,352141233.5,547898.0,65312520.0,15556327000.0,14369790668.5,15.556327,14.3697906685,634.5435,437553152.0,417.283203125,3.386228561401367,335.82805013656616
972,R5,OBLIQUE-RECURRENT-SEVERE,12,43f371eb78184a20,POPULATION-RESEED,0.34550000000000003,65312520.0,5385.0,1226729.5,4016611.5,379452281.0,518243.0,65317905.0,15035354500.0,13896785038.5,15.0353545,13.8967850385,613.36475,448657408.0,427.873046875,3.8305392265319824,361.8738946914673
973,R5,OBLIQUE-RECURRENT-SEVERE,13,03d21bef3fecc9e1,CHAMPION-RESEED,0.35275,65312520.0,33.0,1403238.5,4980084.0,364627987.0,506799.0,65312553.0,14663085000.0,13928105015.5,14.663085,13.9281050155,701.61925,439912448.0,419.533203125,4.749378204345703,347.736346244812
973,R5,OBLIQUE-RECURRENT-SEVERE,13,03d21bef3fecc9e1,PERSIST,0.33175,65312520.0,0.0,1409273.5,3378814.5,307812371.5,481986.0,65312520.0,14127266500.0,13326214986.5,14.1272665,13.3262149865,704.63675,435720192.0,415.53515625,3.2222886085510254,293.55275297164917
973,R5,OBLIQUE-RECURRENT-SEVERE,13,03d21bef3fecc9e1,POPULATION-RESEED,0.34075,65312520.0,5330.0,1284185.5,3993923.5,370501972.0,504797.0,65317850.0,14619184000.0,13828501836.5,14.619184,13.8285018365,642.09275,454850560.0,433.779296875,3.8089022636413574,353.3382148742676
974,R5,OBLIQUE-RECURRENT-SEVERE,14,e237f80c6b961e9c,CHAMPION-RESEED,0.328,65312520.0,27.0,1239055.5,3412226.0,276995074.5,390472.5,65312547.0,12453274500.0,11549770333.5,12.4532745,11.5497703335,619.52775,422305792.0,402.7421875,3.254152297973633,264.1630883216858
974,R5,OBLIQUE-RECURRENT-SEVERE,14,e237f80c6b961e9c,PERSIST,0.321,65312520.0,0.0,1267262.0,2674451.0,219245627.0,350449.0,65312520.0,11765020000.0,11004445720.5,11.76502,11.0044457205,633.631,417060864.0,397.740234375,2.5505552291870117,209.08892345428467
974,R5,OBLIQUE-RECURRENT-SEVERE,14,e237f80c6b961e9c,POPULATION-RESEED,0.3195,65312520.0,3740.0,1256633.0,3348869.5,280852942.5,386760.5,65316260.0,12445586000.0,11577798099.5,12.445586,11.5777980995,628.3165,428781568.0,408.91796875,3.1937308311462402,267.84223794937134
975,R5,OBLIQUE-RECURRENT-SEVERE,15,7e763935dfdf4c67,CHAMPION-RESEED,0.3155,65312520.0,35.0,1280510.5,3902297.0,366883546.0,508983.5,65312555.0,14893995500.0,13706718741.0,14.8939955,13.706718741,640.25525,491577344.0,468.8046875,3.72152042388916,349.887414932251
975,R5,OBLIQUE-RECURRENT-SEVERE,15,7e763935dfdf4c67,PERSIST,0.33025,65312520.0,0.0,1356717.0,3295568.5,284647118.0,451387.0,65312520.0,13915486000.0,12868597185.5,13.915486,12.8685971855,678.3585,486887424.0,464.33203125,3.1428990364074707,271.4606456756592
975,R5,OBLIQUE-RECURRENT-SEVERE,15,7e763935dfdf4c67,POPULATION-RESEED,0.31475,65312520.0,5569.0,1192416.0,4365338.0,325598364.0,447465.0,65318089.0,13359322000.0,12445463894.0,13.359322,12.445463894,596.208,495355904.0,472.408203125,4.163110733032227,310.51479721069336
976,R5,OBLIQUE-RECURRENT-SEVERE,16,ad89e3e35bc2ce5d,CHAMPION-RESEED,0.32125000000000004,65312520.0,32.0,1223310.0,4495366.5,383266691.0,533542.5,65312552.0,14261227500.0,13494392962.5,14.2612275,13.4943929625,611.655,479508480.0,457.294921875,4.287115573883057,365.51159954071045
976,R5,OBLIQUE-RECURRENT-SEVERE,16,ad89e3e35bc2ce5d,PERSIST,0.32525,65312520.0,0.0,3330776.0,4919885.5,366833985.0,570741.5,65312520.0,15366693000.0,14385236919.0,15.366693,14.385236919,1665.388,464617472.0,443.09375,4.6919684410095215,349.84014987945557
976,R5,OBLIQUE-RECURRENT-SEVERE,16,ad89e3e35bc2ce5d,POPULATION-RESEED,0.321,65312520.0,5178.0,6926363.0,4144294.5,404365555.0,545074.5,65317698.0,15095490500.0,14221721495.0,15.0954905,14.221721495,3463.1815,495988736.0,473.01171875,3.9523072242736816,385.6330442428589
977,R5,OBLIQUE-RECURRENT-SEVERE,17,cc00fdf5ff566e63,CHAMPION-RESEED,0.31975,65312520.0,48.0,1319592.5,4229492.5,437121049.0,598979.0,65312568.0,15944438500.0,14904939188.0,15.9444385,14.904939188,659.79625,566896640.0,540.634765625,4.033558368682861,416.8711175918579
977,R5,OBLIQUE-RECURRENT-SEVERE,17,cc00fdf5ff566e63,PERSIST,0.32175,65312520.0,0.0,1412892.0,4694414.0,359740905.0,563169.5,65312520.0,15644860000.0,14453439034.0,15.64486,14.453439034,706.446,524859392.0,500.544921875,4.47694206237793,343.0756616592407
977,R5,OBLIQUE-RECURRENT-SEVERE,17,cc00fdf5ff566e63,POPULATION-RESEED,0.3225,65312520.0,6299.0,1322571.5,4926728.0,440609167.0,592604.5,65318819.0,16421936000.0,15230036741.5,16.421936,15.2300367415,661.28575,570943488.0,544.494140625,4.698493957519531,420.19764614105225
978,R5,OBLIQUE-RECURRENT-SEVERE,18,a502901a601691f2,CHAMPION-RESEED,0.33725,65312520.0,35.0,1254906.0,3887470.0,362771391.5,506319.0,65312555.0,14803505000.0,13668071637.0,14.803505,13.668071637,627.453,474632192.0,452.64453125,3.7073802947998047,345.9657588005066
978,R5,OBLIQUE-RECURRENT-SEVERE,18,a502901a601691f2,PERSIST,0.33275,65312520.0,0.0,1376538.0,3784495.0,319364257.5,500658.5,65312520.0,14908593000.0,13737657759.0,14.908593,13.737657759,688.269,459003904.0,437.740234375,3.609175682067871,304.5694899559021
978,R5,OBLIQUE-RECURRENT-SEVERE,18,a502901a601691f2,POPULATION-RESEED,0.32025,65312520.0,4483.0,1259923.5,5177784.0,388355687.0,526147.5,65317003.0,15486264000.0,14382660457.0,15.486264,14.382660457,629.96175,482121728.0,459.787109375,4.937919616699219,370.3648443222046
979,R5,OBLIQUE-RECURRENT-SEVERE,19,db3e10e6015fbfb2,CHAMPION-RESEED,0.321,65312520.0,30.0,1319723.5,5167335.0,374998827.0,522932.0,65312550.0,14479130500.0,13683975647.5,14.4791305,13.6839756475,659.86175,489172992.0,466.51171875,4.92795467376709,357.6267499923706
979,R5,OBLIQUE-RECURRENT-SEVERE,19,db3e10e6015fbfb2,PERSIST,0.32475,65312520.0,0.0,1314792.0,3028676.0,268219135.5,421856.5,65312520.0,12805459500.0,12111069304.5,12.8054595,12.1110693045,657.396,474140672.0,452.17578125,2.8883705139160156,255.79370069503784
979,R5,OBLIQUE-RECURRENT-SEVERE,19,db3e10e6015fbfb2,POPULATION-RESEED,0.32499999999999996,65312520.0,3937.0,1218401.5,3718677.0,342941509.5,470108.5,65316457.0,13333678000.0,12652010855.0,13.333678,12.652010855,609.20075,492009472.0,469.216796875,3.5464067459106445,327.05450963974
980,R5,OBLIQUE-RECURRENT-SEVERE,20,80551a3aa65216d2,CHAMPION-RESEED,0.32825,65312520.0,26.0,1428088.5,3162407.5,309567815.5,434922.0,65312546.0,12920987000.0,12257653985.0,12.920987,12.257653985,714.04425,444512256.0,423.919921875,3.015906810760498,295.2268748283386
980,R5,OBLIQUE-RECURRENT-SEVERE,20,80551a3aa65216d2,PERSIST,0.32125000000000004,65312520.0,0.0,1509098.5,3252094.5,290932655.5,459657.5,65312520.0,13268475500.0,12513887706.0,13.2684755,12.513887706,754.54925,428261376.0,408.421875,3.1014389991760254,277.45500135421753
980,R5,OBLIQUE-RECURRENT-SEVERE,20,80551a3aa65216d2,POPULATION-RESEED,0.3215,65312520.0,4531.0,1451732.5,3522353.5,336901940.5,460233.0,65317051.0,13169297500.0,12504707597.0,13.1692975,12.504707597,725.86625,445732864.0,425.083984375,3.359178066253662,321.2947278022766
981,R5,OBLIQUE-RECURRENT-SEVERE,21,6cdbd42c58600acc,CHAMPION-RESEED,0.32375,65312520.0,34.0,1375811.0,4856022.0,370581329.0,512898.5,65312554.0,15001413500.0,14186355804.0,15.0014135,14.186355804,687.9055,475693056.0,453.65625,4.631063461303711,353.41389560699463
981,R5,OBLIQUE-RECURRENT-SEVERE,21,6cdbd42c58600acc,PERSIST,0.312,65312520.0,0.0,1325017.5,3962190.0,309765978.5,484854.5,65312520.0,14214184500.0,13352035644.5,14.2141845,13.3520356445,662.50875,462811136.0,441.37109375,3.7786388397216797,295.41585779190063
981,R5,OBLIQUE-RECURRENT-SEVERE,21,6cdbd42c58600acc,POPULATION-RESEED,0.31325000000000003,65312520.0,5469.0,1279012.5,4299751.0,344969217.0,470630.5,65317989.0,14157067500.0,13420875199.0,14.1570675,13.420875199,639.50625,487753728.0,465.158203125,4.10056209564209,328.9882822036743
982,R5,OBLIQUE-RECURRENT-SEVERE,22,eb3a71c24144a866,CHAMPION-RESEED,0.3305,65312520.0,36.0,1520396.5,3997499.5,369441014.5,513927.5,65312556.0,14739749000.0,13629290753.5,14.739749,13.6292907535,760.19825,425623552.0,405.90625,3.812312602996826,352.326406955719
982,R5,OBLIQUE-RECURRENT-SEVERE,22,eb3a71c24144a866,PERSIST,0.31425000000000003,65312520.0,0.0,1437238.0,3093619.5,251325689.5,398109.5,65312520.0,12503132500.0,11610275804.5,12.5031325,11.6102758045,718.619,413575168.0,394.416015625,2.950305461883545,239.68285512924194
982,R5,OBLIQUE-RECURRENT-SEVERE,22,eb3a71c24144a866,POPULATION-RESEED,0.3125,65312520.0,4833.0,1399003.5,4698330.0,327364038.0,449296.0,65317353.0,14504345000.0,13468413406.0,14.504345,13.468413406,699.50175,439537664.0,419.17578125,4.480676651000977,312.19867515563965
983,R5,OBLIQUE-RECURRENT-SEVERE,23,12bbd78b35c28355,CHAMPION-RESEED,0.3205,65312520.0,40.0,2639338.0,4628685.0,434841236.0,599449.0,65312560.0,16124048000.0,15223013114.5,16.124048,15.2230131145,1319.669,499963904.0,476.802734375,4.414258003234863,414.6969184875488
983,R5,OBLIQUE-RECURRENT-SEVERE,23,12bbd78b35c28355,PERSIST,0.33325,65312520.0,0.0,1301322.0,3861120.0,301496315.0,474449.0,65312520.0,13513747000.0,12713714768.5,13.513747,12.7137147685,650.661,488552448.0,465.919921875,3.6822509765625,287.5292921066284
983,R5,OBLIQUE-RECURRENT-SEVERE,23,12bbd78b35c28355,POPULATION-RESEED,0.33875,65312520.0,4651.0,1223294.0,3847310.5,316099662.0,433295.0,65317171.0,13161186000.0,12574820870.0,13.161186,12.57482087,611.647,506304512.0,482.849609375,3.669081211090088,301.4561290740967
984,R5,OBLIQUE-RECURRENT-SEVERE,24,bfa203906a1ffa20,CHAMPION-RESEED,0.3315,65312520.0,42.0,1262174.5,4284656.5,442009258.5,607935.0,65312562.0,16125895000.0,14961618022.5,16.125895,14.9616180225,631.08725,541315072.0,516.23828125,4.086166858673096,421.53287744522095
984,R5,OBLIQUE-RECURRENT-SEVERE,24,bfa203906a1ffa20,PERSIST,0.30825,65312520.0,0.0,1340869.0,4898175.0,402798769.0,629831.0,65312520.0,17190240000.0,15890379576.0,17.19024,15.890379576,670.4345,522444800.0,498.2421875,4.671263694763184,384.138840675354
984,R5,OBLIQUE-RECURRENT-SEVERE,24,bfa203906a1ffa20,POPULATION-RESEED,0.31025,65312520.0,6392.0,1219670.5,6056970.0,497624082.0,664233.5,65318912.0,17224797500.0,15996411098.0,17.2247975,15.996411098,609.83525,541569024.0,516.48046875,5.776376724243164,474.5713062286377
985,R5,OBLIQUE-RECURRENT-SEVERE,25,bef34df4e6175948,CHAMPION-RESEED,0.30874999999999997,65312520.0,26.0,1332341.5,3905522.5,324909483.0,457298.0,65312546.0,13567604500.0,12648217076.0,13.5676045,12.648217076,666.17075,431282176.0,411.302734375,3.7245965003967285,309.8578290939331
985,R5,OBLIQUE-RECURRENT-SEVERE,25,bef34df4e6175948,PERSIST,0.32525000000000004,65312520.0,0.0,1323995.0,2473900.0,272549545.0,429998.5,65312520.0,13400526500.0,12413610865.5,13.4005265,12.4136108655,661.9975,418453504.0,399.068359375,2.359294891357422,259.9235010147095
985,R5,OBLIQUE-RECURRENT-SEVERE,25,bef34df4e6175948,POPULATION-RESEED,0.308,65312520.0,4463.0,1363713.5,3820580.0,327532014.5,449623.0,65316983.0,13925610000.0,12939777421.0,13.92561,12.939777421,681.85675,452311040.0,431.357421875,3.6435890197753906,312.35887002944946
986,R5,OBLIQUE-RECURRENT-SEVERE,26,57b528212916b4f8,CHAMPION-RESEED,0.3355,65312520.0,42.0,1294565.0,3812989.5,419228826.5,577235.5,65312562.0,15526870000.0,14623511740.0,15.52687,14.62351174,647.2825,422158336.0,402.6015625,3.636350154876709,399.8077645301819
986,R5,OBLIQUE-RECURRENT-SEVERE,26,57b528212916b4f8,PERSIST,0.33699999999999997,65312520.0,0.0,1380138.5,3831859.0,296378096.5,464800.0,65312520.0,13521526500.0,12781518247.5,13.5215265,12.7815182475,690.06925,410488832.0,391.47265625,3.6543455123901367,282.6481785774231
986,R5,OBLIQUE-RECURRENT-SEVERE,26,57b528212916b4f8,POPULATION-RESEED,0.32875,65312520.0,4679.0,3350512.0,3306941.5,353337243.5,481423.0,65317199.0,13810644500.0,13040551069.0,13.8106445,13.040551069,1675.256,428488704.0,408.638671875,3.153745174407959,336.9686541557312
987,R5,OBLIQUE-RECURRENT-SEVERE,27,e171c471e89a8190,CHAMPION-RESEED,0.32875,65312520.0,34.0,1249598.0,4443888.0,401297681.0,556834.0,65312554.0,15464002500.0,14296992633.0,15.4640025,14.296992633,624.799,575434752.0,548.77734375,4.2380218505859375,382.7072916030884
987,R5,OBLIQUE-RECURRENT-SEVERE,27,e171c471e89a8190,PERSIST,0.31975,65312520.0,0.0,1350887.0,3970270.5,318374680.0,500194.0,65312520.0,14597389500.0,13409337548.0,14.5973895,13.409337548,675.4435,517158912.0,493.201171875,3.7863450050354004,303.6257553100586
987,R5,OBLIQUE-RECURRENT-SEVERE,27,e171c471e89a8190,POPULATION-RESEED,0.3205,65312520.0,4845.0,1243483.0,4791592.5,374309038.5,508742.5,65317365.0,14766257000.0,13732730497.5,14.766257,13.7327304975,621.7415,575434752.0,548.77734375,4.5696187019348145,356.9689164161682
988,R5,OBLIQUE-RECURRENT-SEVERE,28,378130beaf4b9905,CHAMPION-RESEED,0.32325000000000004,65312520.0,38.0,1301189.5,5319887.0,438231452.5,601432.0,65312558.0,16232901000.0,15278156083.0,16.232901,15.278156083,650.59475,451395584.0,430.484375,5.073439598083496,417.9300808906555
988,R5,OBLIQUE-RECURRENT-SEVERE,28,378130beaf4b9905,PERSIST,0.324,65312520.0,0.0,3599433.0,4332421.0,337327263.5,529979.5,65312520.0,14902039500.0,14034245181.5,14.9020395,14.0342451815,1799.7165,445208576.0,424.583984375,4.131718635559082,321.70034742355347
988,R5,OBLIQUE-RECURRENT-SEVERE,28,378130beaf4b9905,POPULATION-RESEED,0.3315,65312520.0,5592.0,1405496.0,4906910.0,403966034.0,544168.0,65318112.0,15293391500.0,14334303735.5,15.2933915,14.3343037355,702.748,452831232.0,431.853515625,4.679594039916992,385.25203132629395
989,R5,OBLIQUE-RECURRENT-SEVERE,29,40f3397dffbfc3b5,CHAMPION-RESEED,0.31325000000000003,65312520.0,36.0,1266810.5,4080003.0,375949892.5,521722.5,65312556.0,14396278000.0,13586764166.0,14.396278,13.586764166,633.40525,438472704.0,418.16015625,3.890994071960449,358.5337567329407
989,R5,OBLIQUE-RECURRENT-SEVERE,29,40f3397dffbfc3b5,PERSIST,0.30625,65312520.0,0.0,1375562.0,3350000.0,291685192.0,458409.5,65312520.0,13436854000.0,12696860351.5,13.436854,12.6968603515,687.781,425883648.0,406.154296875,3.1948089599609375,278.1726760864258
989,R5,OBLIQUE-RECURRENT-SEVERE,29,40f3397dffbfc3b5,POPULATION-RESEED,0.32225,65312520.0,4858.0,1263867.5,3528140.0,353552194.0,480774.5,65317378.0,13802985500.0,13053122537.0,13.8029855,13.053122537,631.93375,441100288.0,420.666015625,3.364696502685547,337.1736469268799
990,R5,OBLIQUE-RECURRENT-SEVERE,30,354180b25fae2220,CHAMPION-RESEED,0.32599999999999996,65312520.0,36.0,1308832.5,4421521.0,383716434.0,530933.5,65312556.0,15329237500.0,14205327910.0,15.3292375,14.20532791,654.41625,513265664.0,489.48828125,4.216691017150879,365.94050788879395
990,R5,OBLIQUE-RECURRENT-SEVERE,30,354180b25fae2220,PERSIST,0.31575,65312520.0,0.0,1339132.0,3325679.0,320581144.0,504852.5,65312520.0,14775400500.0,13612280040.5,14.7754005,13.6122800405,669.566,510834688.0,487.169921875,3.171614646911621,305.7300033569336
990,R5,OBLIQUE-RECURRENT-SEVERE,30,354180b25fae2220,POPULATION-RESEED,0.3145,65312520.0,5656.0,1171226.5,5307387.5,445841348.5,599336.0,65318176.0,16568122500.0,15158381019.5,16.5681225,15.1583810195,585.61325,530604032.0,506.0234375,5.061519145965576,425.1874432563782
991,R5,OBLIQUE-RECURRENT-SEVERE,31,781f630f959e6653,CHAMPION-RESEED,0.3385,65312520.0,34.0,1256129.0,4729974.0,412921885.5,570371.0,65312554.0,15833169000.0,14707645894.0,15.833169,14.707645894,628.0645,460216320.0,438.896484375,4.510854721069336,393.79299688339233
991,R5,OBLIQUE-RECURRENT-SEVERE,31,781f630f959e6653,PERSIST,0.34375,65312520.0,0.0,1234417.5,3051409.5,290028815.0,455701.5,65312520.0,13441179500.0,12385146535.0,13.4411795,12.385146535,617.20875,433723392.0,413.630859375,2.910050868988037,276.59303188323975
991,R5,OBLIQUE-RECURRENT-SEVERE,31,781f630f959e6653,POPULATION-RESEED,0.3345,65312520.0,4828.0,1268074.5,4584815.0,388754827.0,527796.5,65317348.0,15573321000.0,14278749914.5,15.573321,14.2787499145,634.03725,468807680.0,447.08984375,4.372420310974121,370.745493888855
992,R5,OBLIQUE-RECURRENT-SEVERE,32,248ba9d04816a504,CHAMPION-RESEED,0.319,65312520.0,33.0,1728620.0,3290522.5,340033529.0,473575.0,65312553.0,14175579000.0,13463661887.0,14.175579,13.463661887,864.31,526936064.0,502.525390625,3.1380867958068848,324.2812433242798
992,R5,OBLIQUE-RECURRENT-SEVERE,32,248ba9d04816a504,PERSIST,0.32375,65312520.0,0.0,1430635.5,2662047.0,276465729.5,439657.0,65312520.0,13692944500.0,12922833728.0,13.6929445,12.922833728,715.31775,516907008.0,492.9609375,2.5387258529663086,263.6582655906677
992,R5,OBLIQUE-RECURRENT-SEVERE,32,248ba9d04816a504,POPULATION-RESEED,0.31875,65312520.0,5066.0,1265478.5,4435448.5,358896012.0,489622.5,65317586.0,14005280500.0,13362155533.0,14.0052805,13.362155533,632.73925,555853824.0,530.103515625,4.229973316192627,342.2699089050293
993,R5,OBLIQUE-RECURRENT-SEVERE,33,9a87898c6138252f,CHAMPION-RESEED,0.346,65312520.0,31.0,1219683.5,2975347.0,300083221.5,421873.5,65312551.0,12869631000.0,12016630656.0,12.869631,12.016630656,609.84175,449792000.0,428.955078125,2.8375120162963867,286.1816611289978
993,R5,OBLIQUE-RECURRENT-SEVERE,33,9a87898c6138252f,PERSIST,0.345,65312520.0,0.0,1258603.5,2621552.5,244985671.5,388415.5,65312520.0,12701065500.0,11737500727.0,12.7010655,11.737500727,629.30175,418437120.0,399.052734375,2.5001072883605957,233.63654279708862
993,R5,OBLIQUE-RECURRENT-SEVERE,33,9a87898c6138252f,POPULATION-RESEED,0.325,65312520.0,3691.0,1231117.5,3066355.0,317889985.0,438537.5,65316211.0,13914100500.0,12952667786.5,13.9141005,12.9526677865,615.55875,459964416.0,438.65625,2.9243040084838867,303.16351413726807
994,R5,OBLIQUE-RECURRENT-SEVERE,34,178e3ab7b08bb914,CHAMPION-RESEED,0.3245,65312520.0,37.0,1219707.5,3745991.0,355168697.5,494030.5,65312557.0,13813961500.0,12961009076.0,13.8139615,12.961009076,609.85375,465815552.0,444.236328125,3.572455406188965,338.7152647972107
994,R5,OBLIQUE-RECURRENT-SEVERE,34,178e3ab7b08bb914,PERSIST,0.32025,65312520.0,0.0,1224871.0,3811528.5,329917589.0,517345.0,65312520.0,14365923000.0,13359163624.0,14.365923,13.359163624,612.4355,460820480.0,439.47265625,3.6349568367004395,314.63393115997314
994,R5,OBLIQUE-RECURRENT-SEVERE,34,178e3ab7b08bb914,POPULATION-RESEED,0.32299999999999995,65312520.0,5136.0,1255187.0,4632687.5,412839758.0,556558.0,65317656.0,15713490500.0,14659586000.5,15.7134905,14.6595860005,627.5935,486316032.0,463.787109375,4.418075084686279,393.7146739959717
995,R5,OBLIQUE-RECURRENT-SEVERE,35,ee015e9a16c4c8fe,CHAMPION-RESEED,0.35524999999999995,65312520.0,23.0,1282002.0,4540279.0,328696103.0,459897.5,65312543.0,13224201500.0,12596668819.5,13.2242015,12.5966688195,641.001,421984256.0,402.435546875,4.329947471618652,313.46903133392334
995,R5,OBLIQUE-RECURRENT-SEVERE,35,ee015e9a16c4c8fe,PERSIST,0.34575,65312520.0,0.0,1205473.5,2688868.0,232211712.5,368625.0,65312520.0,11684723000.0,11087631013.0,11.684723,11.087631013,602.73675,413028352.0,393.89453125,2.5643043518066406,221.45434617996216
995,R5,OBLIQUE-RECURRENT-SEVERE,35,ee015e9a16c4c8fe,POPULATION-RESEED,0.351,65312520.0,3372.0,1197702.5,4004725.5,297202738.5,410422.5,65315892.0,12488249000.0,11887501116.5,12.488249,11.8875011165,598.85125,425619456.0,405.90234375,3.8192038536071777,283.434618473053
996,R5,OBLIQUE-RECURRENT-SEVERE,36,cbc079ed39afc728,CHAMPION-RESEED,0.313,65312520.0,36.0,1329276.0,3382018.0,340600671.5,475611.0,65312556.0,13835384000.0,12821677283.0,13.835384,12.821677283,664.638,443963392.0,423.396484375,3.225343704223633,324.8221125602722
996,R5,OBLIQUE-RECURRENT-SEVERE,36,cbc079ed39afc728,PERSIST,0.31100000000000005,65312519.5,0.0,1388621.5,2918910.5,267305589.0,421903.5,65312519.5,13101451000.0,12157950299.0,13.101451,12.157950299,694.31075,429537280.0,409.638671875,2.7836899757385254,254.92247486114502
996,R5,OBLIQUE-RECURRENT-SEVERE,36,cbc079ed39afc728,POPULATION-RESEED,0.311,65312520.0,4829.0,1266210.5,4060727.0,309955737.5,427120.5,65317349.0,13291817500.0,12323630874.0,13.2918175,12.323630874,633.10525,444960768.0,424.34765625,3.8726110458374023,295.59682607650757
997,R5,OBLIQUE-RECURRENT-SEVERE,37,62906672e224b706,CHAMPION-RESEED,0.35075,65312520.0,25.0,1286122.5,3084589.5,291307832.0,414831.0,65312545.0,12547921000.0,11908377814.5,12.547921,11.9083778145,643.06125,422131712.0,402.576171875,2.9416937828063965,277.8127975463867
997,R5,OBLIQUE-RECURRENT-SEVERE,37,62906672e224b706,PERSIST,0.33725,65312520.0,0.0,1302497.5,2680842.5,253101037.0,400644.0,65312520.0,12026057000.0,11380346548.5,12.026057,11.3803465485,651.24875,407144448.0,388.283203125,2.5566506385803223,241.375958442688
997,R5,OBLIQUE-RECURRENT-SEVERE,37,62906672e224b706,POPULATION-RESEED,0.32775,65312520.0,3896.0,1363557.5,3388757.5,278240265.5,388622.0,65316416.0,12136438000.0,11635783796.5,12.136438,11.6357837965,681.77875,422131712.0,402.576171875,3.2317709922790527,265.350594997406
998,R5,OBLIQUE-RECURRENT-SEVERE,38,f8170f677c158a95,CHAMPION-RESEED,0.32175,65312520.0,36.0,1267465.0,4484019.0,419827630.5,578688.5,65312556.0,16264521500.0,14944300151.0,16.2645215,14.944300151,633.7325,468920320.0,447.197265625,4.276293754577637,400.3788285255432
998,R5,OBLIQUE-RECURRENT-SEVERE,38,f8170f677c158a95,PERSIST,0.31799999999999995,65312520.0,0.0,1363229.5,4479591.5,386822560.5,601689.0,65312520.0,16331325500.0,15018712813.5,16.3313255,15.0187128135,681.61475,466397184.0,444.791015625,4.272071361541748,368.9027409553528
998,R5,OBLIQUE-RECURRENT-SEVERE,38,f8170f677c158a95,POPULATION-RESEED,0.31325000000000003,65312520.0,5988.0,5153515.0,4869118.0,431651260.0,580067.5,65318508.0,16421321000.0,15057369595.5,16.421321,15.0573695955,2576.7575,476608512.0,454.529296875,4.643552780151367,411.6547203063965
999,R5,OBLIQUE-RECURRENT-SEVERE,39,154f6d68b8428bd2,CHAMPION-RESEED,0.32875,65312520.0,36.0,1271749.0,3683433.5,321886306.5,453328.0,65312556.0,13146756500.0,12344802087.5,13.1467565,12.3448020875,635.8745,425228288.0,405.529296875,3.512795925140381,306.97470331192017
999,R5,OBLIQUE-RECURRENT-SEVERE,39,154f6d68b8428bd2,PERSIST,0.34075,65312520.0,0.0,1340456.5,2730961.0,258871543.5,409993.5,65312520.0,12529986000.0,11736091624.5,12.529986,11.7360916245,670.22825,407685120.0,388.798828125,2.604447364807129,246.8791422843933
999,R5,OBLIQUE-RECURRENT-SEVERE,39,154f6d68b8428bd2,POPULATION-RESEED,0.34225,65312520.0,5069.0,1324714.0,2837173.5,309170387.0,426164.5,65317589.0,13326576500.0,12531821469.5,13.3265765,12.5318214695,662.357,425451520.0,405.7421875,2.7057394981384277,294.84785747528076
1000,R5,OBLIQUE-RECURRENT-SEVERE,40,7c251186a44685ce,CHAMPION-RESEED,0.32775,65312520.0,36.0,1208457.0,4150801.0,381449756.5,529435.5,65312556.0,14341758500.0,13513465780.5,14.3417585,13.5134657805,604.2285,498243584.0,475.162109375,3.958512306213379,363.778835773468
1000,R5,OBLIQUE-RECURRENT-SEVERE,40,7c251186a44685ce,PERSIST,0.32975,65312520.0,0.0,1288290.0,4005185.5,367996458.5,575681.5,65312520.0,15607047000.0,14642678194.0,15.607047,14.642678194,644.145,484448256.0,462.005859375,3.8196425437927246,350.94877099990845
1000,R5,OBLIQUE-RECURRENT-SEVERE,40,7c251186a44685ce,POPULATION-RESEED,0.3205,65312520.0,5572.0,1201999.0,4306623.5,378947538.0,514431.0,65318092.0,14106506000.0,13349023396.0,14.106506,13.349023396,600.9995,499200000.0,476.07421875,4.107116222381592,361.39253425598145
1001,R5,OBLIQUE-RECURRENT-SEVERE,41,f625015ec16aa296,CHAMPION-RESEED,0.31775,65312520.0,34.0,1304874.0,4714532.5,392532213.5,544694.0,65312554.0,15115533000.0,14304447801.5,15.115533,14.3044478015,652.437,454832128.0,433.76171875,4.496128559112549,374.3478903770447
1001,R5,OBLIQUE-RECURRENT-SEVERE,41,f625015ec16aa296,PERSIST,0.3325,65312520.0,0.0,1337017.0,3552948.5,301879985.5,474751.5,65312520.0,13894501500.0,13109731733.0,13.8945015,13.109731733,668.5085,441585664.0,421.12890625,3.3883557319641113,287.89518880844116
1001,R5,OBLIQUE-RECURRENT-SEVERE,41,f625015ec16aa296,POPULATION-RESEED,0.34025,65312520.0,4415.0,1351565.0,4264436.0,385057859.5,526866.5,65316935.0,14469438500.0,13677158194.5,14.4694385,13.6771581945,675.7825,465551360.0,443.984375,4.066883087158203,367.21979093551636
1002,R5,OBLIQUE-RECURRENT-SEVERE,42,84cbf9144f8089b1,CHAMPION-RESEED,0.31499999999999995,65312520.0,36.0,1151084.0,4312071.0,379617530.5,526602.5,65312556.0,14288251000.0,13478876255.5,14.288251,13.4788762555,575.542,483180544.0,460.796875,4.112311363220215,362.03148889541626
1002,R5,OBLIQUE-RECURRENT-SEVERE,42,84cbf9144f8089b1,PERSIST,0.30125,65312520.0,0.0,1376621.5,4377460.5,349098151.5,546904.0,65312520.0,15181001500.0,14246913201.0,15.1810015,14.246913201,688.31075,470177792.0,448.396484375,4.174671649932861,332.925940990448
1002,R5,OBLIQUE-RECURRENT-SEVERE,42,84cbf9144f8089b1,POPULATION-RESEED,0.30400000000000005,65312520.0,5470.0,1229461.0,4652217.5,401773588.0,541994.0,65317990.0,14932753000.0,14112037212.0,14.932753,14.112037212,614.7305,483180544.0,460.796875,4.436700344085693,383.1611518859863
1003,R5,OBLIQUE-RECURRENT-SEVERE,43,414a9b8cd6b95f78,CHAMPION-RESEED,0.33699999999999997,65312520.0,34.0,1311750.5,4846523.5,431430770.5,594594.0,65312554.0,16480680000.0,15214139241.0,16.48068,15.214139241,655.87525,502065152.0,478.806640625,4.622004985809326,411.44444513320923
1003,R5,OBLIQUE-RECURRENT-SEVERE,43,414a9b8cd6b95f78,PERSIST,0.34375,65312520.0,0.0,1355561.5,3338663.0,316616947.0,499575.5,65312520.0,14590606000.0,13454788190.0,14.590606,13.45478819,677.78075,487561216.0,464.974609375,3.18399715423584,301.9494504928589
1003,R5,OBLIQUE-RECURRENT-SEVERE,43,414a9b8cd6b95f78,POPULATION-RESEED,0.33675,65312520.0,4907.0,1266320.0,4326621.5,401793740.5,543637.5,65317427.0,15670066000.0,14481707011.5,15.670066,14.4817070115,633.16,512782336.0,489.02734375,4.126187801361084,383.1803708076477
1004,R5,OBLIQUE-RECURRENT-SEVERE,44,b16c68d55f24469a,CHAMPION-RESEED,0.2995,65312520.0,35.0,1239954.5,3964697.5,362666275.0,502992.5,65312555.0,14333773000.0,13511028939.0,14.333773,13.511028939,619.97725,462798848.0,441.359375,3.7810301780700684,345.8655118942261
1004,R5,OBLIQUE-RECURRENT-SEVERE,44,b16c68d55f24469a,PERSIST,0.30275,65312520.0,0.0,1296849.0,4717576.0,352736236.0,549309.0,65312520.0,14978989500.0,13849696448.5,14.9789895,13.8496964485,648.4245,445366272.0,424.734375,4.499031066894531,336.3954887390137
1004,R5,OBLIQUE-RECURRENT-SEVERE,44,b16c68d55f24469a,POPULATION-RESEED,0.31025,65312520.0,4466.0,1231752.0,4520759.0,384693159.0,521797.5,65316986.0,15022544500.0,14097375623.5,15.0225445,14.0973756235,615.876,487909376.0,465.306640625,4.311331748962402,366.87198543548584
1005,R5,OBLIQUE-RECURRENT-SEVERE,45,6cd643dfc1e237f3,CHAMPION-RESEED,0.31999999999999995,65312520.0,29.0,1184156.5,3515408.5,350116510.5,489050.5,65312549.0,13914528000.0,13044114279.5,13.914528,13.0441142795,592.07825,475516928.0,453.48828125,3.3525547981262207,333.89712381362915
1005,R5,OBLIQUE-RECURRENT-SEVERE,45,6cd643dfc1e237f3,PERSIST,0.3175,65312520.0,0.0,1264928.0,3452982.5,263663510.5,416984.0,65312520.0,12739475000.0,11882610046.0,12.739475,11.882610046,632.464,454803456.0,433.734375,3.293020725250244,251.44911813735962
1005,R5,OBLIQUE-RECURRENT-SEVERE,45,6cd643dfc1e237f3,POPULATION-RESEED,0.31625,65312520.0,3974.0,1229634.5,3307613.0,293705089.0,406546.5,65316494.0,13039660500.0,12272816617.5,13.0396605,12.2728166175,614.81725,489496576.0,466.8203125,3.154385566711426,280.0989999771118
1006,R5,OBLIQUE-RECURRENT-SEVERE,46,458c4d8b30238cc6,CHAMPION-RESEED,0.312,65312520.0,30.0,1261292.5,4374110.0,359111818.0,499020.5,65312550.0,14215147500.0,13440448953.5,14.2151475,13.4404489535,630.64625,442791936.0,422.279296875,4.171476364135742,342.47571754455566
1006,R5,OBLIQUE-RECURRENT-SEVERE,46,458c4d8b30238cc6,PERSIST,0.308,65312520.0,0.0,1259756.0,4345030.0,323443228.0,507960.5,65312520.0,14411626000.0,13523945931.5,14.411626,13.5239459315,629.878,422879232.0,403.2890625,4.143743515014648,308.45949935913086
1006,R5,OBLIQUE-RECURRENT-SEVERE,46,458c4d8b30238cc6,POPULATION-RESEED,0.30525,65312520.0,3846.0,1219025.5,4574350.5,355530077.5,481247.0,65316366.0,14163358500.0,13432067411.0,14.1633585,13.432067411,609.51275,450578432.0,429.705078125,4.362440586090088,339.0599036216736
1007,R5,OBLIQUE-RECURRENT-SEVERE,47,a6ab42f8f992d9b2,CHAMPION-RESEED,0.32625,65312520.0,33.0,1297458.0,4199611.0,374073912.0,518627.5,65312553.0,15191960500.0,14066509129.5,15.1919605,14.0665091295,648.729,567752704.0,541.451171875,4.005061149597168,356.7446823120117
1007,R5,OBLIQUE-RECURRENT-SEVERE,47,a6ab42f8f992d9b2,PERSIST,0.3235,65312520.0,0.0,1359567.5,3939422.5,347151904.0,547064.0,65312520.0,16304308000.0,14954337945.5,16.304308,14.9543379455,679.78375,525993984.0,501.626953125,3.7569260597229004,331.0698547363281
1007,R5,OBLIQUE-RECURRENT-SEVERE,47,a6ab42f8f992d9b2,POPULATION-RESEED,0.31925,65312520.0,5709.0,1448289.5,5306725.0,430684725.5,579004.0,65318229.0,16790560000.0,15431358845.0,16.79056,15.431358845,724.14475,589103104.0,561.8125,5.060887336730957,410.7329611778259
1008,R5,OBLIQUE-RECURRENT-SEVERE,48,6d2651edef432d58,CHAMPION-RESEED,0.3305,65312520.0,33.0,1460239.5,4287279.5,378034199.0,526027.5,65312553.0,17243184000.0,16143756615.0,17.243184,16.143756615,730.11975,468400128.0,446.701171875,4.088668346405029,360.5215063095093
1008,R5,OBLIQUE-RECURRENT-SEVERE,48,6d2651edef432d58,PERSIST,0.31975,65312520.0,0.0,1713773.5,4766740.0,341607780.5,532665.5,65312520.0,20336510000.0,19095792069.5,20.33651,19.0957920695,856.88675,454653952.0,433.591796875,4.545917510986328,325.7825665473938
1008,R5,OBLIQUE-RECURRENT-SEVERE,48,6d2651edef432d58,POPULATION-RESEED,0.33825,65312520.0,4203.0,1379351.0,3542486.0,359786488.0,492692.5,65316723.0,14953545500.0,13999692874.0,14.9535455,13.999692874,689.6755,470327296.0,448.5390625,3.378377914428711,343.11913299560547
1009,R5,OBLIQUE-RECURRENT-SEVERE,49,d54536934dc4eebd,CHAMPION-RESEED,0.33275,65312520.0,30.0,1618112.5,3722059.0,312376123.5,438564.0,65312550.0,15085130500.0,14399959104.5,15.0851305,14.3999591045,809.05625,439400448.0,419.044921875,3.5496320724487305,297.9050860404968
1009,R5,OBLIQUE-RECURRENT-SEVERE,49,d54536934dc4eebd,PERSIST,0.3295,65312520.0,0.0,1661500.5,3486201.0,318404777.5,498127.0,65312520.0,17166464000.0,16155377008.5,17.166464,16.1553770085,830.75025,431714304.0,411.71484375,3.324700355529785,303.65445852279663
1009,R5,OBLIQUE-RECURRENT-SEVERE,49,d54536934dc4eebd,POPULATION-RESEED,0.32775,65312520.0,4716.0,1399114.5,3084353.0,361553120.0,494214.0,65317236.0,15564433500.0,14727718144.0,15.5644335,14.727718144,699.55725,443770880.0,423.212890625,2.9414682388305664,344.8039245605469
1010,R5,OBLIQUE-RECURRENT-SEVERE,50,953a8d2d6a8e9d05,CHAMPION-RESEED,0.34975,65312520.0,23.0,1285093.5,3668280.0,340315358.5,476944.0,65312543.0,14378251500.0,13477202830.0,14.3782515,13.47720283,642.54675,427655168.0,407.84375,3.4983444213867188,324.5500168800354
1010,R5,OBLIQUE-RECURRENT-SEVERE,50,953a8d2d6a8e9d05,PERSIST,0.349,65312520.0,0.0,1341563.5,3149191.0,251653201.0,399317.0,65312520.0,12716869000.0,11961109432.0,12.716869,11.961109432,670.78175,414273536.0,395.08203125,3.003302574157715,239.99519443511963
1010,R5,OBLIQUE-RECURRENT-SEVERE,50,953a8d2d6a8e9d05,POPULATION-RESEED,0.34325,65312520.0,3647.0,6694060.0,3386269.5,312776897.0,430787.5,65316167.0,13709046500.0,12882613904.5,13.7090465,12.8826139045,3347.03,438216704.0,417.916015625,3.229398250579834,298.28729343414307
1011,R5,OBLIQUE-RECURRENT-SEVERE,51,6455e1db651772b8,CHAMPION-RESEED,0.30674999999999997,65312520.0,37.0,7094776.0,3808545.0,386866317.5,534726.0,65312557.0,15983402500.0,15112167162.5,15.9834025,15.1121671625,3547.388,545626112.0,520.349609375,3.6321115493774414,368.94447088241577
1011,R5,OBLIQUE-RECURRENT-SEVERE,51,6455e1db651772b8,PERSIST,0.29700000000000004,65312520.0,0.0,1518532.5,3757107.5,335895974.0,527396.0,65312520.0,15846239000.0,14853204077.5,15.846239,14.8532040775,759.26625,536543232.0,511.6875,3.583056926727295,320.3353633880615
1011,R5,OBLIQUE-RECURRENT-SEVERE,51,6455e1db651772b8,POPULATION-RESEED,0.30800000000000005,65312520.0,5735.0,1401936.0,5200343.5,443540017.0,594340.5,65318255.0,16598793500.0,15670708412.5,16.5987935,15.6707084125,700.968,547913728.0,522.53125,4.9594340324401855,422.9927225112915
1012,R5,OBLIQUE-RECURRENT-SEVERE,52,7860b02ac2d6d8a9,CHAMPION-RESEED,0.32825,65312520.0,34.0,1419951.5,4323695.0,391184125.0,541062.0,65312554.0,16554919000.0,15340090559.5,16.554919,15.3400905595,709.97575,513951744.0,490.142578125,4.123396873474121,373.06225299835205
1012,R5,OBLIQUE-RECURRENT-SEVERE,52,7860b02ac2d6d8a9,PERSIST,0.3395,65312520.0,0.0,1469905.5,3818373.0,317917865.0,500591.5,65312520.0,15836993500.0,14584235312.5,15.8369935,14.5842353125,734.95275,498444288.0,475.353515625,3.641484260559082,303.1901025772095
1012,R5,OBLIQUE-RECURRENT-SEVERE,52,7860b02ac2d6d8a9,POPULATION-RESEED,0.33775,65312520.0,4933.0,1310780.5,3601373.5,356576659.0,484776.0,65317453.0,15394151500.0,14264991946.5,15.3941515,14.2649919465,655.39025,520570880.0,496.455078125,3.434537410736084,340.0580015182495
1013,R5,OBLIQUE-RECURRENT-SEVERE,53,ac6bc918f2667c6f,CHAMPION-RESEED,0.33775,65312520.0,34.0,1309975.5,3391541.5,320831487.0,450927.0,65312554.0,13628594500.0,12784365448.0,13.6285945,12.784365448,654.98775,409198592.0,390.2421875,3.2344260215759277,305.9687490463257
1013,R5,OBLIQUE-RECURRENT-SEVERE,53,ac6bc918f2667c6f,PERSIST,0.32499999999999996,65312520.0,0.0,1366046.5,3097600.5,270439223.0,428273.5,65312520.0,13697685500.0,12757956735.5,13.6976855,12.7579567355,683.02325,401954816.0,383.333984375,2.954102039337158,257.9109411239624
1013,R5,OBLIQUE-RECURRENT-SEVERE,53,ac6bc918f2667c6f,POPULATION-RESEED,0.32899999999999996,65312520.0,4842.0,1304743.5,3620540.5,313940110.0,432367.0,65317362.0,13311663000.0,12536470259.5,13.311663,12.5364702595,652.37175,422965248.0,403.37109375,3.4528164863586426,299.39661979675293
1014,R5,OBLIQUE-RECURRENT-SEVERE,54,15358769e6e71fb6,CHAMPION-RESEED,0.349,65312520.0,25.0,1246250.5,3226927.0,291800909.0,412696.5,65312545.0,13314446000.0,12512891893.0,13.314446,12.512891893,623.12525,455254016.0,434.1640625,3.077437400817871,278.28303241729736
1014,R5,OBLIQUE-RECURRENT-SEVERE,54,15358769e6e71fb6,PERSIST,0.32725,65312520.0,0.0,1316487.5,3578249.5,260518567.5,410171.0,65312520.0,13218742500.0,12397084633.5,13.2187425,12.3970846335,658.24375,450664448.0,429.787109375,3.412484645843506,248.449866771698
1014,R5,OBLIQUE-RECURRENT-SEVERE,54,15358769e6e71fb6,POPULATION-RESEED,0.33299999999999996,65312520.0,3595.0,1266976.5,3540501.5,306629276.0,422695.0,65316115.0,14096772000.0,13265144684.0,14.096772,13.265144684,633.48825,460587008.0,439.25,3.3764853477478027,292.42446517944336
1015,R5,OBLIQUE-RECURRENT-SEVERE,55,bc0033c91abf1b12,CHAMPION-RESEED,0.34175,65312520.0,21.0,1366901.0,3903006.5,320046771.5,450791.5,65312541.0,14125139500.0,13182809651.5,14.1251395,13.1828096515,683.4505,440301568.0,419.904296875,3.7221970558166504,305.2203860282898
1015,R5,OBLIQUE-RECURRENT-SEVERE,55,bc0033c91abf1b12,PERSIST,0.32825,65312520.0,0.0,1361012.5,2891868.5,257165974.0,405315.0,65312520.0,13486897500.0,12514138477.5,13.4868975,12.5141384775,680.50625,423692288.0,404.064453125,2.7579007148742676,245.25258445739746
1015,R5,OBLIQUE-RECURRENT-SEVERE,55,bc0033c91abf1b12,POPULATION-RESEED,0.32999999999999996,65312520.0,3881.0,1269225.0,4254906.5,326135265.5,445967.5,65316401.0,13908452500.0,12860533889.0,13.9084525,12.860533889,634.6125,441157632.0,420.720703125,4.05779504776001,311.02682638168335
1016,R5,OBLIQUE-RECURRENT-SEVERE,56,2911836db665aeb1,CHAMPION-RESEED,0.3295,65312520.0,25.0,1202525.0,3885734.5,325115675.0,456077.0,65312545.0,13900295500.0,13051062400.5,13.9002955,13.0510624005,601.2625,419518464.0,400.083984375,3.7057251930236816,310.05446910858154
1016,R5,OBLIQUE-RECURRENT-SEVERE,56,2911836db665aeb1,PERSIST,0.3375,65312520.0,0.0,1313860.0,2986713.0,249955051.5,394924.5,65312520.0,13145304500.0,12313800054.0,13.1453045,12.313800054,656.93,401174528.0,382.58984375,2.84835147857666,238.3757128715515
1016,R5,OBLIQUE-RECURRENT-SEVERE,56,2911836db665aeb1,POPULATION-RESEED,0.34725,65312520.0,4014.0,1215426.0,3643097.5,299959393.0,412623.0,65316534.0,12849338500.0,12084081354.5,12.8493385,12.0840813545,607.713,430675968.0,410.724609375,3.4743285179138184,286.0635690689087
1017,R5,OBLIQUE-RECURRENT-SEVERE,57,7581f6bb7a87e56a,CHAMPION-RESEED,0.32375,65312520.0,26.0,1395858.5,4060931.0,335402151.0,469604.5,65312546.0,13487037500.0,12818670534.5,13.4870375,12.8186705345,697.92925,408150016.0,389.2421875,3.872805595397949,319.86441707611084
1017,R5,OBLIQUE-RECURRENT-SEVERE,57,7581f6bb7a87e56a,PERSIST,0.31575,65312520.0,0.0,1437157.0,3427595.5,318025859.5,497604.5,65312520.0,14018378000.0,13170620585.5,14.018378,13.1706205855,718.5785,401098752.0,382.517578125,3.2688097953796387,303.2930941581726
1017,R5,OBLIQUE-RECURRENT-SEVERE,57,7581f6bb7a87e56a,POPULATION-RESEED,0.31525000000000003,65312520.0,4309.0,1395046.5,4622716.5,353543634.5,482896.5,65316829.0,14472316000.0,13750531835.5,14.472316,13.7505318355,697.52325,420399104.0,400.923828125,4.408565998077393,337.1654839515686
1018,R5,OBLIQUE-RECURRENT-SEVERE,58,80183c7538d3880a,CHAMPION-RESEED,0.29800000000000004,65312520.0,23.0,1327671.5,3308123.5,316832228.5,446365.0,65312543.0,13866532500.0,12963990795.0,13.8665325,12.963990795,663.83575,510619648.0,486.96484375,3.154872417449951,302.1547589302063
1018,R5,OBLIQUE-RECURRENT-SEVERE,58,80183c7538d3880a,PERSIST,0.29275,65312520.0,0.0,1297043.0,3565741.0,317777505.0,503129.0,65312520.0,14526970500.0,13369917782.5,14.5269705,13.3699177825,648.5215,481447936.0,459.14453125,3.4005556106567383,303.0562448501587
1018,R5,OBLIQUE-RECURRENT-SEVERE,58,80183c7538d3880a,POPULATION-RESEED,0.29275,65312520.0,4303.0,1218085.5,4000374.0,358764887.0,488268.0,65316823.0,14780957500.0,13758713643.0,14.7809575,13.758713643,609.04275,517529600.0,493.5546875,3.815053939819336,342.1448583602905
1019,R6,OBLIQUE-RECURRENT-SEVERE,59,876dc06db06de9ac,CHAMPION-RESEED,0.34075,65312520.0,27.0,757488.5,4184978.0,359168761.0,501090.5,65312547.0,8281782500.0,7501467543.5,8.2817825,7.5014675435,378.74425,520437760.0,496.328125,3.9911060333251953,342.5300226211548
1019,R6,OBLIQUE-RECURRENT-SEVERE,59,876dc06db06de9ac,PERSIST,0.3485,65312520.0,0.0,798913.0,3186034.0,272403302.5,432091.5,65312520.0,7651824500.0,6908689971.5,7.6518245,6.9086899715,399.4565,509716480.0,486.103515625,3.0384387969970703,259.78403329849243
1019,R6,OBLIQUE-RECURRENT-SEVERE,59,876dc06db06de9ac,POPULATION-RESEED,0.34525,65312520.0,3939.0,767804.0,3974476.5,361206384.0,490587.0,65316459.0,8455205500.0,7630636086.5,8.4552055,7.6306360865,383.902,567863296.0,541.556640625,3.790356159210205,344.47325134277344
1020,R6,OBLIQUE-RECURRENT-SEVERE,60,c03c57b8aab822a0,CHAMPION-RESEED,0.33525,65312520.0,23.0,747269.5,2946294.5,283723948.5,402145.0,65312543.0,7177109000.0,6650468457.0,7.177109,6.650468457,373.63475,422215680.0,402.65625,2.809805393218994,270.5802426338196
1020,R6,OBLIQUE-RECURRENT-SEVERE,60,c03c57b8aab822a0,PERSIST,0.33999999999999997,65312520.0,0.0,809359.5,4243375.5,287807558.5,450543.5,65312520.0,7978094500.0,7276675706.0,7.9780945,7.276675706,404.67975,407959552.0,389.060546875,4.046798229217529,274.4746766090393
1020,R6,OBLIQUE-RECURRENT-SEVERE,60,c03c57b8aab822a0,POPULATION-RESEED,0.33075,65312520.0,3643.0,726513.5,3295542.5,285820043.5,395461.0,65316163.0,7327472500.0,6748198607.0,7.3274725,6.748198607,363.25675,434507776.0,414.37890625,3.142874240875244,272.57923460006714
1021,R6,OBLIQUE-RECURRENT-SEVERE,61,64e6679148b44dc4,CHAMPION-RESEED,0.31825,65312520.0,30.0,836837.5,3652636.5,346009534.0,482990.0,65312550.0,8344675000.0,7521055143.5,8.344675,7.5210551435,418.41875,436404224.0,416.1875,3.4834256172180176,329.9804058074951
1021,R6,OBLIQUE-RECURRENT-SEVERE,61,64e6679148b44dc4,PERSIST,0.31699999999999995,65312520.0,0.0,846148.5,3628792.0,307512245.5,481719.5,65312520.0,8328811000.0,7518236833.5,8.328811,7.5182368335,423.07425,432912384.0,412.857421875,3.4606857299804688,293.2665305137634
1021,R6,OBLIQUE-RECURRENT-SEVERE,61,64e6679148b44dc4,POPULATION-RESEED,0.32075,65312520.0,4945.0,815145.0,3860134.5,387770386.0,525630.5,65317465.0,8868401500.0,7966515508.5,8.8684015,7.9665155085,407.5725,467083264.0,445.4453125,3.6813111305236816,369.8066577911377
1022,R6,OBLIQUE-RECURRENT-SEVERE,62,253d6fa59ad3b790,CHAMPION-RESEED,0.32825000000000004,65312520.0,35.0,869385.0,3412926.5,371826197.5,515642.5,65312555.0,10642365000.0,9554604518.5,10.642365,9.5546045185,434.6925,437735424.0,417.45703125,3.2548203468322754,354.6010947227478
1022,R6,OBLIQUE-RECURRENT-SEVERE,62,253d6fa59ad3b790,PERSIST,0.32075,65312520.0,0.0,982518.5,3356824.0,313410216.0,493134.0,65312520.0,10779509000.0,9549469275.5,10.779509,9.5494692755,491.25925,431314944.0,411.333984375,3.2013168334960938,298.89127349853516
1022,R6,OBLIQUE-RECURRENT-SEVERE,62,253d6fa59ad3b790,POPULATION-RESEED,0.32425000000000004,65312520.0,5697.0,937748.5,4706379.0,411178382.0,555536.5,65318217.0,11586098000.0,10331840410.5,11.586098,10.3318404105,468.87425,459456512.0,438.171875,4.4883527755737305,392.13026237487793
1023,R6,OBLIQUE-RECURRENT-SEVERE,63,4605221f29d19c7c,CHAMPION-RESEED,0.3295,65312520.0,29.0,783840.5,2886863.0,314243114.5,441869.0,65312549.0,8718228000.0,7978648264.0,8.718228,7.978648264,391.92025,428468224.0,408.619140625,2.753127098083496,299.68558740615845
1023,R6,OBLIQUE-RECURRENT-SEVERE,63,4605221f29d19c7c,PERSIST,0.35624999999999996,65312520.0,0.0,844480.5,4018976.0,287614284.0,451123.5,65312520.0,9218069000.0,8370773493.5,9.218069,8.3707734935,422.24025,426973184.0,407.193359375,3.832794189453125,274.29035568237305
1023,R6,OBLIQUE-RECURRENT-SEVERE,63,4605221f29d19c7c,POPULATION-RESEED,0.34725,65312519.5,4684.0,831621.5,3008519.5,315866073.0,434515.5,65317203.5,8597953000.0,7925922436.0,8.597953,7.925922436,415.81075,440813568.0,420.392578125,2.869147777557373,301.23336124420166
1024,R6,OBLIQUE-RECURRENT-SEVERE,64,4c770aa345c6d22c,CHAMPION-RESEED,0.34750000000000003,65312520.0,31.0,854108.0,4832192.0,395013788.5,546069.0,65312551.0,11015162500.0,9778229633.5,11.0151625,9.7782296335,427.054,538976256.0,514.0078125,4.60833740234375,376.7145047187805
1024,R6,OBLIQUE-RECURRENT-SEVERE,64,4c770aa345c6d22c,PERSIST,0.33725000000000005,65312520.0,0.0,948686.5,3854271.5,317073662.0,499785.5,65312520.0,10642825000.0,9475188695.5,10.642825,9.4751886955,474.34325,530202624.0,505.640625,3.675719738006592,302.38500785827637
1024,R6,OBLIQUE-RECURRENT-SEVERE,64,4c770aa345c6d22c,POPULATION-RESEED,0.3365,65312520.0,4991.0,857127.0,3812403.5,371047691.5,505618.5,65317511.0,10281756500.0,9249544886.0,10.2817565,9.249544886,428.5635,588943360.0,561.66015625,3.635791301727295,353.85865354537964
1025,R6,OBLIQUE-RECURRENT-SEVERE,65,ea8d240a668d37fa,CHAMPION-RESEED,0.33,65312520.0,34.0,852485.0,3968613.5,392010045.0,544073.5,65312554.0,10451449000.0,9291350647.0,10.451449,9.291350647,426.2425,477677568.0,455.548828125,3.7847647666931152,373.8499116897583
1025,R6,OBLIQUE-RECURRENT-SEVERE,65,ea8d240a668d37fa,PERSIST,0.32,65312520.0,0.0,948482.5,3837679.5,321559557.5,502866.0,65312520.0,9954890500.0,8824535236.0,9.9548905,8.824535236,474.24125,448737280.0,427.94921875,3.6598963737487793,306.66309118270874
1025,R6,OBLIQUE-RECURRENT-SEVERE,65,ea8d240a668d37fa,POPULATION-RESEED,0.33625000000000005,65312520.0,5112.0,819150.0,4344600.0,393037771.0,534384.5,65317632.0,10449869500.0,9373767567.5,10.4498695,9.3737675675,409.575,478404608.0,456.2421875,4.143333435058594,374.83002758026123
1026,R6,OBLIQUE-RECURRENT-SEVERE,66,e5f87615f17cff95,CHAMPION-RESEED,0.31725,65312520.0,28.0,952974.5,4543975.5,358926241.5,498294.5,65312548.0,9791828000.0,8978842166.5,9.791828,8.9788421665,476.48725,519170048.0,495.119140625,4.333472728729248,342.2987380027771
1026,R6,OBLIQUE-RECURRENT-SEVERE,66,e5f87615f17cff95,PERSIST,0.31875,65312520.0,0.0,881929.0,4215055.0,308985213.5,489245.0,65312520.0,9052000500.0,8294739057.0,9.0520005,8.294739057,440.9645,500533248.0,477.345703125,4.019789695739746,294.6712622642517
1026,R6,OBLIQUE-RECURRENT-SEVERE,66,e5f87615f17cff95,POPULATION-RESEED,0.3045,65312520.0,4880.0,954898.5,5481306.0,395018386.5,533445.0,65317400.0,10457433000.0,9471870311.0,10.457433,9.471870311,477.44925,530739200.0,506.15234375,5.227380752563477,376.71888971328735
1027,R6,OBLIQUE-RECURRENT-SEVERE,67,a26eb6bf1186ce8b,CHAMPION-RESEED,0.33975,65312520.0,26.0,874027.5,4268158.0,322873835.0,453284.5,65312546.0,9162583000.0,8329862991.0,9.162583,8.329862991,437.01375,448335872.0,427.56640625,4.070432662963867,307.91648387908936
1027,R6,OBLIQUE-RECURRENT-SEVERE,67,a26eb6bf1186ce8b,PERSIST,0.32975,65312520.0,0.0,913626.5,3347786.0,288017124.0,450182.5,65312520.0,9361015500.0,8567120446.0,9.3610155,8.567120446,456.81325,439793664.0,419.419921875,3.192697525024414,274.67453384399414
1027,R6,OBLIQUE-RECURRENT-SEVERE,67,a26eb6bf1186ce8b,POPULATION-RESEED,0.34075,65312520.0,3898.0,833708.0,3768645.0,318751216.0,436557.5,65316418.0,8880129000.0,8144593142.5,8.880129,8.1445931425,416.854,458092544.0,436.87109375,3.594059944152832,303.98484802246094
1028,R6,OBLIQUE-RECURRENT-SEVERE,68,bdfba0c9508f5d85,CHAMPION-RESEED,0.3105,65312520.0,34.0,841840.5,4669614.0,408947688.0,564649.5,65312554.0,9106479000.0,8427693499.5,9.106479,8.4276934995,420.92025,426067968.0,406.330078125,4.453290939331055,390.0029067993164
1028,R6,OBLIQUE-RECURRENT-SEVERE,68,bdfba0c9508f5d85,PERSIST,0.3195,65312520.0,0.0,804552.0,4035003.5,305880742.0,481101.5,65312520.0,8055001000.0,7468793659.5,8.055001,7.4687936595,402.276,411453440.0,392.392578125,3.848079204559326,291.7106075286865
1028,R6,OBLIQUE-RECURRENT-SEVERE,68,bdfba0c9508f5d85,POPULATION-RESEED,0.315,65312520.0,4944.0,756070.0,3909672.5,342251938.5,467279.0,65317464.0,8137900000.0,7586069542.5,8.1379,7.5860695425,378.035,438603776.0,418.28515625,3.7285542488098145,326.3968834877014
1029,R6,OBLIQUE-RECURRENT-SEVERE,69,d11e452dcfaae758,CHAMPION-RESEED,0.32275,65312520.0,31.0,746424.5,4483319.5,362080262.0,503234.5,65312551.0,8472003500.0,7861757878.0,8.4720035,7.861757878,373.21225,444346368.0,423.76171875,4.2756266593933105,345.3066463470459
1029,R6,OBLIQUE-RECURRENT-SEVERE,69,d11e452dcfaae758,PERSIST,0.314,65312520.0,0.0,842719.0,2836785.0,259742238.5,412072.5,65312520.0,7417964500.0,6922878971.0,7.4179645,6.922878971,421.3595,420222976.0,400.755859375,2.705368995666504,247.70950174331665
1029,R6,OBLIQUE-RECURRENT-SEVERE,69,d11e452dcfaae758,POPULATION-RESEED,0.31074999999999997,65312520.0,4821.0,773699.0,5065108.5,385542773.5,521160.0,65317341.0,8831151000.0,8215932614.0,8.831151,8.215932614,386.8495,449130496.0,428.32421875,4.830463886260986,367.6822409629822
1030,R6,OBLIQUE-RECURRENT-SEVERE,70,7395299c7c620eae,CHAMPION-RESEED,0.307,65312520.0,27.0,809285.0,3374709.0,322560793.5,452999.0,65312547.0,8185275000.0,7399332418.5,8.185275,7.3993324185,404.6425,425709568.0,405.98828125,3.2183732986450195,307.61794424057007
1030,R6,OBLIQUE-RECURRENT-SEVERE,70,7395299c7c620eae,PERSIST,0.315,65312520.0,0.0,4942365.0,4648916.0,325350606.0,505448.0,65312520.0,8908342500.0,7994744651.5,8.9083425,7.9947446515,2471.1825,417720320.0,398.369140625,4.433551788330078,310.2785167694092
1030,R6,OBLIQUE-RECURRENT-SEVERE,70,7395299c7c620eae,POPULATION-RESEED,0.31325000000000003,65312520.0,3709.0,759432.5,4140718.0,333509885.5,455892.5,65316229.0,8592115500.0,7740050344.5,8.5921155,7.7400503445,379.71625,428863488.0,408.99609375,3.9488964080810547,318.0598120689392
1031,R6,OBLIQUE-RECURRENT-SEVERE,71,71ff402109c56be1,CHAMPION-RESEED,0.3275,65312520.0,25.0,862284.0,4164068.5,338040615.0,474430.0,65312545.0,9427829500.0,8686954209.0,9.4278295,8.686954209,431.142,449411072.0,428.591796875,3.971165180206299,322.38065242767334
1031,R6,OBLIQUE-RECURRENT-SEVERE,71,71ff402109c56be1,PERSIST,0.33175,65312520.0,0.0,886194.0,3306818.0,296461717.5,467004.0,65312520.0,9644820000.0,8686249328.0,9.64482,8.686249328,443.097,425709568.0,405.98828125,3.153627395629883,282.7279257774353
1031,R6,OBLIQUE-RECURRENT-SEVERE,71,71ff402109c56be1,POPULATION-RESEED,0.33899999999999997,65312520.0,4281.0,833538.5,3682895.0,309446299.5,428793.5,65316801.0,8860490500.0,8096905354.5,8.8604905,8.0969053545,416.76925,462471168.0,441.046875,3.512282371520996,295.1109881401062
1032,R6,OBLIQUE-RECURRENT-SEVERE,72,6410de98b56be36d,CHAMPION-RESEED,0.33375,65312520.0,48.0,877366.5,4098177.0,374977020.0,519323.5,65312568.0,10443294500.0,9237644571.0,10.4432945,9.237644571,438.68325,504997888.0,481.603515625,3.9083261489868164,357.60595321655273
1032,R6,OBLIQUE-RECURRENT-SEVERE,72,6410de98b56be36d,PERSIST,0.3435,65312520.0,0.0,993779.5,3616167.5,362018734.0,564448.5,65312520.0,11796671000.0,10294676992.0,11.796671,10.294676992,496.88975,482013184.0,459.68359375,3.448646068572998,345.24796867370605
1032,R6,OBLIQUE-RECURRENT-SEVERE,72,6410de98b56be36d,POPULATION-RESEED,0.33175,65312520.0,6478.0,897337.0,2986400.5,398656374.5,540555.5,65318998.0,11077724000.0,9743417055.5,11.077724,9.7434170555,448.6685,553965568.0,528.302734375,2.848053455352783,380.1883454322815
1033,R6,OBLIQUE-RECURRENT-SEVERE,73,cc34f1decba7a206,CHAMPION-RESEED,0.33825000000000005,65312520.0,32.0,858128.5,4414203.0,372051102.0,516919.5,65312552.0,10568179500.0,9350462316.0,10.5681795,9.350462316,429.06425,469456896.0,447.708984375,4.209712028503418,354.815580368042
1033,R6,OBLIQUE-RECURRENT-SEVERE,73,cc34f1decba7a206,PERSIST,0.33625,65312520.0,0.0,948900.0,4550600.0,378429227.5,590705.0,65312520.0,12022510000.0,10486973802.0,12.02251,10.486973802,474.45,447637504.0,426.900390625,4.339790344238281,360.89823484420776
1033,R6,OBLIQUE-RECURRENT-SEVERE,73,cc34f1decba7a206,POPULATION-RESEED,0.33075,65312520.0,5625.0,806883.5,4970270.5,419579520.0,566680.0,65318145.0,11466032500.0,10075419361.5,11.4660325,10.0754193615,403.44175,469813248.0,448.048828125,4.74001932144165,400.1422119140625
1034,R6,OBLIQUE-RECURRENT-SEVERE,74,c7942ef85e488543,CHAMPION-RESEED,0.34075,65312520.0,41.0,857434.0,3286474.0,395934068.5,549194.0,65312561.0,10915913000.0,9634961928.5,10.915913,9.6349619285,428.717,441980928.0,421.505859375,3.134225845336914,377.59215211868286
1034,R6,OBLIQUE-RECURRENT-SEVERE,74,c7942ef85e488543,PERSIST,0.32899999999999996,65312520.0,0.0,847291.0,3661229.0,309516680.0,489479.0,65312520.0,10150001000.0,8944810368.5,10.150001,8.9448103685,423.6455,431831040.0,411.826171875,3.4916200637817383,295.17810821533203
1034,R6,OBLIQUE-RECURRENT-SEVERE,74,c7942ef85e488543,POPULATION-RESEED,0.3365,65312520.0,5523.0,857096.5,4892299.0,376177005.0,511276.5,65318043.0,10436928500.0,9230464587.5,10.4369285,9.2304645875,428.54825,462235648.0,440.822265625,4.6656599044799805,358.7503480911255
1035,R6,OBLIQUE-RECURRENT-SEVERE,75,4ef691819e142d86,CHAMPION-RESEED,0.3125,65312519.5,23.0,898923.5,3425440.5,305058600.0,430802.5,65312542.5,8460750500.0,7775456504.0,8.4607505,7.775456504,449.46175,376334336.0,358.900390625,3.266754627227783,290.92655181884766
1035,R6,OBLIQUE-RECURRENT-SEVERE,75,4ef691819e142d86,PERSIST,0.31775,65312520.0,0.0,977508.0,3310812.5,274397598.0,433012.0,65312520.0,8772547000.0,8085353959.0,8.772547,8.085353959,488.754,370282496.0,353.12890625,3.1574368476867676,261.685941696167
1035,R6,OBLIQUE-RECURRENT-SEVERE,75,4ef691819e142d86,POPULATION-RESEED,0.31275,65312520.0,3685.0,958023.0,3418345.5,340659893.0,467082.0,65316205.0,9299110000.0,8499324893.0,9.29911,8.499324893,479.0115,382328832.0,364.6171875,3.259988307952881,324.87859058380127
1036,R6,OBLIQUE-RECURRENT-SEVERE,76,9fb9b86afbd287bb,CHAMPION-RESEED,0.325,65312520.0,38.0,856211.5,4547994.5,358263302.5,499306.5,65312558.0,10065188000.0,8970148801.5,10.065188,8.9701488015,428.10575,459063296.0,437.796875,4.337305545806885,341.66651010513306
1036,R6,OBLIQUE-RECURRENT-SEVERE,76,9fb9b86afbd287bb,PERSIST,0.31925000000000003,65312520.0,0.0,924141.5,4844368.5,351158239.5,547509.5,65312520.0,11036911500.0,9662959687.5,11.0369115,9.6629596875,462.07075,439058432.0,418.71875,4.619949817657471,334.8905940055847
1036,R6,OBLIQUE-RECURRENT-SEVERE,76,9fb9b86afbd287bb,POPULATION-RESEED,0.32575,65312520.0,5273.0,839871.5,5418824.5,431610043.5,581690.5,65317793.0,11544658500.0,10134536220.0,11.5446585,10.13453622,419.93575,471224320.0,449.39453125,5.1677937507629395,411.6154131889343
1037,R6,OBLIQUE-RECURRENT-SEVERE,77,b6b696eb8926b4c7,CHAMPION-RESEED,0.33725000000000005,65312520.0,37.0,883758.5,4284579.5,393862809.5,543434.0,65312557.0,10549839000.0,9283929063.5,10.549839,9.2839290635,441.87925,534560768.0,509.796875,4.086093425750732,375.61684560775757
1037,R6,OBLIQUE-RECURRENT-SEVERE,77,b6b696eb8926b4c7,PERSIST,0.33699999999999997,65312520.0,0.0,903905.0,4613285.5,355079628.0,556443.5,65312520.0,11040681000.0,9679427827.5,11.040681,9.6794278275,451.9525,519835648.0,495.75390625,4.399571895599365,338.63032150268555
1037,R6,OBLIQUE-RECURRENT-SEVERE,77,b6b696eb8926b4c7,POPULATION-RESEED,0.33675,65312520.0,4751.0,825011.0,4859165.0,398426740.5,539777.0,65317271.0,10531140000.0,9266375343.5,10.53114,9.2663753435,412.5055,534560768.0,509.796875,4.634060859680176,379.96934938430786
1038,R6,OBLIQUE-RECURRENT-SEVERE,78,6c9bfac5f2c228a6,CHAMPION-RESEED,0.33775,65312520.0,24.0,817989.0,3715328.5,329373786.0,464345.0,65312544.0,9029714000.0,8215192967.5,9.029714,8.2151929675,408.9945,408387584.0,389.46875,3.543213367462158,314.1153202056885
1038,R6,OBLIQUE-RECURRENT-SEVERE,78,6c9bfac5f2c228a6,PERSIST,0.33275,65312520.0,0.0,875529.5,3383275.0,295854012.0,463537.0,65312520.0,8988807000.0,8203398277.5,8.988807,8.2033982775,437.76475,399910912.0,381.384765625,3.2265424728393555,282.1483726501465
1038,R6,OBLIQUE-RECURRENT-SEVERE,78,6c9bfac5f2c228a6,POPULATION-RESEED,0.32475,65312520.0,4243.0,832935.0,3623531.5,323295030.0,442758.5,65316763.0,8775471000.0,8056394201.5,8.775471,8.0563942015,416.4675,410482688.0,391.466796875,3.4556689262390137,308.3181667327881
1039,R6,OBLIQUE-RECURRENT-SEVERE,79,05d4b7406939f354,CHAMPION-RESEED,0.33175,65312520.0,40.0,816045.5,3615387.0,419862657.5,580068.0,65312560.0,9519924500.0,8748044181.0,9.5199245,8.748044181,408.02275,481329152.0,459.03125,3.447901725769043,400.412232875824
1039,R6,OBLIQUE-RECURRENT-SEVERE,79,05d4b7406939f354,PERSIST,0.34025,65312520.0,0.0,828193.5,3798255.0,316719642.5,498604.0,65312520.0,8919915000.0,8123030050.5,8.919915,8.1230300505,414.09675,457474048.0,436.28125,3.622298240661621,302.0473885536194
1039,R6,OBLIQUE-RECURRENT-SEVERE,79,05d4b7406939f354,POPULATION-RESEED,0.344,65312520.0,5427.0,791499.5,3752986.5,362622966.5,493287.5,65317947.0,8803247000.0,8031244232.5,8.803247,8.0312442325,395.74975,484290560.0,461.85546875,3.5791268348693848,345.824209690094
1040,R6,OBLIQUE-STATIONARY-NONE,0,b3c5311441ea99e7,CHAMPION-RESEED,0.25925,65312520.0,28.0,751680.5,4170742.0,343926865.0,486787.0,65312548.0,8605084000.0,7851210166.5,8.605084,7.8512101665,375.84025,407328768.0,388.458984375,3.977529525756836,327.99421787261963
1040,R6,OBLIQUE-STATIONARY-NONE,0,b3c5311441ea99e7,PERSIST,0.25625,65312520.0,0.0,822579.0,3246405.5,284915177.5,459794.5,65312520.0,8472342500.0,7660519450.5,8.4723425,7.6605194505,411.2895,399380480.0,380.87890625,3.0960135459899902,271.7162871360779
1040,R6,OBLIQUE-STATIONARY-NONE,0,b3c5311441ea99e7,POPULATION-RESEED,0.26175000000000004,65312520.0,4380.0,792049.0,3661312.0,304919356.0,426051.0,65316900.0,7901723500.0,7247445254.5,7.9017235,7.2474452545,396.0245,423821312.0,404.1875,3.49169921875,290.793758392334
1041,R6,OBLIQUE-STATIONARY-NONE,1,50cb102bb0856683,CHAMPION-RESEED,0.25775000000000003,65312520.0,27.0,809670.5,3911278.0,316684870.0,452584.0,65312547.0,8620281500.0,7946104211.0,8.6202815,7.946104211,404.83525,429359104.0,409.46875,3.7300853729248047,302.01422691345215
1041,R6,OBLIQUE-STATIONARY-NONE,1,50cb102bb0856683,PERSIST,0.2455,65312520.0,0.0,814422.5,3674902.0,306031147.5,496041.5,65312520.0,9421146500.0,8527666778.0,9.4211465,8.527666778,407.21125,426405888.0,406.65234375,3.504659652709961,291.85404539108276
1041,R6,OBLIQUE-STATIONARY-NONE,1,50cb102bb0856683,POPULATION-RESEED,0.25125,65312520.0,4497.0,808273.5,3885060.5,341378933.5,475219.0,65317017.0,9267228000.0,8442708025.5,9.267228,8.4427080255,404.13675,446042112.0,425.37890625,3.705082416534424,325.5643210411072
1042,R6,OBLIQUE-STATIONARY-NONE,2,0f50c6e560e79e6d,CHAMPION-RESEED,0.23325,65312520.0,32.0,842744.5,4170171.5,367017754.5,518738.0,65312552.0,9659875000.0,8775429033.5,9.659875,8.7754290335,421.37225,468592640.0,446.884765625,3.976985454559326,350.0154061317444
1042,R6,OBLIQUE-STATIONARY-NONE,2,0f50c6e560e79e6d,PERSIST,0.23525000000000001,65312520.0,0.0,840891.0,3918998.5,328908911.0,530442.0,65312520.0,9917055000.0,8930546175.5,9.917055,8.9305461755,420.4455,449708032.0,428.875,3.737448215484619,313.6719808578491
1042,R6,OBLIQUE-STATIONARY-NONE,2,0f50c6e560e79e6d,POPULATION-RESEED,0.22975,65312520.0,5498.0,787645.0,5316391.5,434772238.0,594669.0,65318018.0,10764538500.0,9742355060.0,10.7645385,9.74235506,393.8225,482543616.0,460.189453125,5.070106029510498,414.63111686706543
1043,R6,OBLIQUE-STATIONARY-NONE,3,1e0dae469a6fc13e,CHAMPION-RESEED,0.2465,65312520.0,33.0,854397.0,4437657.0,390066936.5,549754.5,65312553.0,10039124500.0,9153415260.0,10.0391245,9.15341526,427.1985,485599232.0,463.103515625,4.23207950592041,371.9968190193176
1043,R6,OBLIQUE-STATIONARY-NONE,3,1e0dae469a6fc13e,PERSIST,0.26275000000000004,65312520.0,0.0,881196.0,4158569.5,323859922.0,524651.5,65312520.0,9894392500.0,8900563395.5,9.8943925,8.9005633955,440.598,463273984.0,441.8125,3.965920925140381,308.85688972473145
1043,R6,OBLIQUE-STATIONARY-NONE,3,1e0dae469a6fc13e,POPULATION-RESEED,0.2555,65312520.0,5335.0,861102.0,4783730.5,401809806.0,552641.5,65317855.0,10428737000.0,9411923362.5,10.428737,9.4119233625,430.551,495833088.0,472.86328125,4.5621209144592285,383.19569206237793
1044,R6,OBLIQUE-STATIONARY-NONE,4,54b79ea3373d62d4,CHAMPION-RESEED,0.24275,65312520.0,35.0,852305.5,4569077.5,407781704.5,572506.5,65312555.0,10444216000.0,9249265432.0,10.444216,9.249265432,426.15275,507928576.0,484.3984375,4.357411861419678,388.89093828201294
1044,R6,OBLIQUE-STATIONARY-NONE,4,54b79ea3373d62d4,PERSIST,0.2415,65312520.0,0.0,852355.0,4772018.5,364076037.0,589389.0,65312520.0,10549292500.0,9364252294.5,10.5492925,9.3642522945,426.1775,498243584.0,475.162109375,4.5509514808654785,347.2099657058716
1044,R6,OBLIQUE-STATIONARY-NONE,4,54b79ea3373d62d4,POPULATION-RESEED,0.247,65312520.0,5493.0,871720.0,5192004.0,430872681.5,588363.5,65318013.0,10666543500.0,9574401320.0,10.6665435,9.57440132,435.86,548548608.0,523.13671875,4.951480865478516,410.9122099876404
1045,R6,OBLIQUE-STATIONARY-NONE,5,bf3c0b5dcea68509,CHAMPION-RESEED,0.255,65312520.0,30.0,837568.0,4353360.0,361663941.0,513170.5,65312550.0,9793701500.0,8643522722.5,9.7937015,8.6435227225,418.784,451033088.0,430.138671875,4.1516876220703125,344.90961170196533
1045,R6,OBLIQUE-STATIONARY-NONE,5,bf3c0b5dcea68509,PERSIST,0.24625,65312520.0,0.0,856845.0,3190926.0,275314317.5,447322.5,65312520.0,9026867500.0,7937126938.0,9.0268675,7.937126938,428.4225,433074176.0,413.01171875,3.0431041717529297,262.56019353866577
1045,R6,OBLIQUE-STATIONARY-NONE,5,bf3c0b5dcea68509,POPULATION-RESEED,0.24225,65312520.0,4358.0,796772.0,4186327.0,345033496.5,479325.0,65316878.0,9481873500.0,8427852102.5,9.4818735,8.4278521025,398.386,457367552.0,436.1796875,3.9923925399780273,329.04958391189575
1046,R6,OBLIQUE-STATIONARY-NONE,6,a8c72695c6cf72be,CHAMPION-RESEED,0.24725,65312520.0,33.0,815376.5,4440051.0,364008633.0,515591.0,65312553.0,9481895000.0,8667236582.5,9.481895,8.6672365825,407.68825,465737728.0,444.162109375,4.234362602233887,347.14568424224854
1046,R6,OBLIQUE-STATIONARY-NONE,6,a8c72695c6cf72be,PERSIST,0.24875,65312520.0,0.0,844174.0,4320867.5,343379146.0,554704.0,65312520.0,10221279000.0,9219590213.0,10.221279,9.219590213,422.087,461486080.0,440.107421875,4.120700359344482,327.4718723297119
1046,R6,OBLIQUE-STATIONARY-NONE,6,a8c72695c6cf72be,POPULATION-RESEED,0.24525,65312520.0,5007.0,817621.0,4451893.0,401554372.0,551726.0,65317527.0,10187955000.0,9185761304.0,10.187955,9.185761304,408.8105,473473024.0,451.5390625,4.2456560134887695,382.952091217041
1047,R6,OBLIQUE-STATIONARY-NONE,7,3235b757669b23fe,CHAMPION-RESEED,0.2585,65312520.0,33.0,818338.5,4669965.0,403699861.5,569914.0,65312553.0,10045249000.0,9090216872.0,10.045249,9.090216872,409.16925,454318080.0,433.271484375,4.453625679016113,384.9981894493103
1047,R6,OBLIQUE-STATIONARY-NONE,7,3235b757669b23fe,PERSIST,0.252,65312520.0,0.0,818483.5,3915201.0,316477661.5,511229.0,65312520.0,9379097000.0,8484998699.5,9.379097,8.4849986995,409.24175,440936448.0,420.509765625,3.7338266372680664,301.8166174888611
1047,R6,OBLIQUE-STATIONARY-NONE,7,3235b757669b23fe,POPULATION-RESEED,0.25575000000000003,65312520.0,5085.0,790168.5,4840919.0,386324266.5,533566.0,65317605.0,9905342000.0,9002451880.5,9.905342,9.0024518805,395.08425,454832128.0,433.76171875,4.616660118103027,368.42753076553345
1048,R6,OBLIQUE-STATIONARY-NONE,8,bdb7fefc7cd59753,CHAMPION-RESEED,0.238,65312520.0,32.0,852405.5,4832116.0,391875752.0,550980.5,65312552.0,10648808000.0,9416981121.0,10.648808,9.416981121,426.20275,440205312.0,419.8125,4.608264923095703,373.72183990478516
1048,R6,OBLIQUE-STATIONARY-NONE,8,bdb7fefc7cd59753,PERSIST,0.238,65312520.0,0.0,897413.0,4071851.5,330569638.0,537167.0,65312520.0,10525489000.0,9287492160.5,10.525489,9.2874921605,448.7065,428351488.0,408.5078125,3.8832201957702637,315.2557735443115
1048,R6,OBLIQUE-STATIONARY-NONE,8,bdb7fefc7cd59753,POPULATION-RESEED,0.23575000000000002,65312520.0,5088.0,824250.0,5181698.0,413835042.0,566885.5,65317608.0,11120253500.0,9736073169.0,11.1202535,9.736073169,412.125,442591232.0,422.087890625,4.941652297973633,394.66385078430176
1049,R6,OBLIQUE-STATIONARY-NONE,9,d7e64f0fbb3028d4,CHAMPION-RESEED,0.24925,65312520.0,44.0,845143.0,5681982.5,482692575.5,673072.5,65312564.0,11799920000.0,10405224767.0,11.79992,10.405224767,422.5715,545130496.0,519.876953125,5.418760776519775,460.3315119743347
1049,R6,OBLIQUE-STATIONARY-NONE,9,d7e64f0fbb3028d4,PERSIST,0.26175000000000004,65312520.0,0.0,879385.0,4898101.0,341625061.0,551469.5,65312520.0,10489335000.0,9315495604.5,10.489335,9.3154956045,439.6925,521574400.0,497.412109375,4.6711931228637695,325.79904651641846
1049,R6,OBLIQUE-STATIONARY-NONE,9,d7e64f0fbb3028d4,POPULATION-RESEED,0.25025,65312520.0,5927.0,843627.0,5980055.5,430946831.0,587284.5,65318447.0,11101165000.0,9859204515.5,11.101165,9.8592045155,421.8135,596553728.0,568.91796875,5.7030253410339355,410.98292446136475
1050,R6,OBLIQUE-STATIONARY-NONE,10,ff59f0cfab761df6,CHAMPION-RESEED,0.24325,65312520.0,36.0,823925.5,5290007.5,427083173.5,593003.5,65312556.0,10587914500.0,9276387412.5,10.5879145,9.2763874125,411.96275,456953856.0,435.78515625,5.0449442863464355,407.29825353622437
1050,R6,OBLIQUE-STATIONARY-NONE,10,ff59f0cfab761df6,PERSIST,0.2505,65312520.0,0.0,850186.0,4208386.0,344634212.5,549654.0,65312520.0,10236418000.0,9004461841.5,10.236418,9.0044618415,425.093,455409664.0,434.3125,4.013429641723633,328.6687970161438
1050,R6,OBLIQUE-STATIONARY-NONE,10,ff59f0cfab761df6,POPULATION-RESEED,0.251,65312520.0,5061.0,774122.0,5486448.5,434383136.0,587913.0,65317581.0,10171254500.0,8965678558.0,10.1712545,8.965678558,387.061,464519168.0,443.0,5.232285022735596,414.2600402832031
1051,R6,OBLIQUE-STATIONARY-NONE,11,4796aca75345cb65,CHAMPION-RESEED,0.2495,65312520.0,36.0,833876.0,4770325.5,406451398.0,566078.0,65312556.0,9844387000.0,8890842470.5,9.844387,8.8908424705,416.938,438433792.0,418.123046875,4.549336910247803,387.62225914001465
1051,R6,OBLIQUE-STATIONARY-NONE,11,4796aca75345cb65,PERSIST,0.25925,65312520.0,0.0,870846.0,4207531.0,344413532.0,546438.0,65312520.0,9860416000.0,8878605400.0,9.860416,8.8786054,435.423,419127296.0,399.7109375,4.0126142501831055,328.4583396911621
1051,R6,OBLIQUE-STATIONARY-NONE,11,4796aca75345cb65,POPULATION-RESEED,0.2585,65312520.0,5331.0,848392.0,4957771.0,417433128.5,568108.0,65317851.0,10092629500.0,9131851601.5,10.0926295,9.1318516015,424.196,442318848.0,421.828125,4.7280988693237305,398.0952534675598
1052,R6,OBLIQUE-STATIONARY-NONE,12,08c0fd753691aabb,CHAMPION-RESEED,0.23775000000000002,65312520.0,34.0,893288.0,5585489.0,449334814.0,623808.5,65312554.0,11573354500.0,10116838949.0,11.5733545,10.116838949,446.644,422723584.0,403.140625,5.326737403869629,428.5190715789795
1052,R6,OBLIQUE-STATIONARY-NONE,12,08c0fd753691aabb,PERSIST,0.247,65312520.0,0.0,890867.0,4516548.0,346033807.0,550804.5,65312520.0,10477025000.0,9197993650.0,10.477025,9.19799365,445.4335,413067264.0,393.931640625,4.307315826416016,330.00355434417725
1052,R6,OBLIQUE-STATIONARY-NONE,12,08c0fd753691aabb,POPULATION-RESEED,0.24125,65312520.0,4614.0,801786.5,4907966.0,392202960.0,535115.5,65317134.0,10450084500.0,9196887190.0,10.4500845,9.19688719,400.89325,485257216.0,462.77734375,4.680601119995117,374.0338897705078
1053,R6,OBLIQUE-STATIONARY-NONE,13,40ecc1eff5b6223c,CHAMPION-RESEED,0.258,65312520.0,34.0,852004.0,4718261.5,404253566.5,562406.0,65312554.0,10315987000.0,9105174758.0,10.315987,9.105174758,426.002,556701696.0,530.912109375,4.499684810638428,385.526243686676
1053,R6,OBLIQUE-STATIONARY-NONE,13,40ecc1eff5b6223c,PERSIST,0.252,65312520.0,0.0,863591.0,4171738.5,341032795.0,542414.5,65312520.0,10388682500.0,9055841634.5,10.3886825,9.0558416345,431.7955,530878464.0,506.28515625,3.9784798622131348,325.2342176437378
1053,R6,OBLIQUE-STATIONARY-NONE,13,40ecc1eff5b6223c,POPULATION-RESEED,0.258,65312520.0,5551.0,828401.5,5030245.0,404285922.5,548451.0,65318071.0,10628499500.0,9335094249.0,10.6284995,9.335094249,414.20075,590741504.0,563.375,4.797215461730957,385.55710077285767
1054,R6,OBLIQUE-STATIONARY-NONE,14,099bacce14725b14,CHAMPION-RESEED,0.2415,65312520.0,30.0,868240.0,3701640.0,358397892.5,502578.5,65312550.0,9262051000.0,8411637441.5,9.262051,8.4116374415,434.12,419229696.0,399.80859375,3.5301589965820312,341.7948651313782
1054,R6,OBLIQUE-STATIONARY-NONE,14,099bacce14725b14,PERSIST,0.237,65312520.0,0.0,898409.5,4160223.5,317480932.5,507866.0,65312520.0,9413765500.0,8557767283.5,9.4137655,8.5577672835,449.20475,408403968.0,389.484375,3.967498302459717,302.7734112739563
1054,R6,OBLIQUE-STATIONARY-NONE,14,099bacce14725b14,POPULATION-RESEED,0.23425,65312520.0,4962.0,881940.5,5146661.0,403715530.0,547174.0,65317482.0,10060317000.0,9156521280.5,10.060317,9.1565212805,440.97025,433235968.0,413.166015625,4.908238410949707,385.0131320953369
1055,R6,OBLIQUE-STATIONARY-NONE,15,4942be014dcba24d,CHAMPION-RESEED,0.255,65312520.0,26.0,3823687.5,4703451.5,358130527.5,503873.5,65312546.0,9515543500.0,8653719321.5,9.5155435,8.6537193215,1911.84375,436277248.0,416.06640625,4.485560894012451,341.5398859977722
1055,R6,OBLIQUE-STATIONARY-NONE,15,4942be014dcba24d,PERSIST,0.24575,65312520.0,0.0,896783.5,3782865.0,294471242.5,470882.5,65312520.0,9201577500.0,8334766868.5,9.2015775,8.3347668685,448.39175,426149888.0,406.408203125,3.607621192932129,280.8296608924866
1055,R6,OBLIQUE-STATIONARY-NONE,15,4942be014dcba24d,POPULATION-RESEED,0.25125,65312520.0,4292.0,810730.0,4843875.5,374958665.5,512084.5,65316812.0,9715595500.0,8928950915.5,9.7155955,8.9289509155,405.365,443693056.0,423.138671875,4.619479656219482,357.58844900131226
1056,R6,OBLIQUE-STATIONARY-NONE,16,7f4f70da2fe46ae4,CHAMPION-RESEED,0.236,65312520.0,29.0,849659.0,4339225.5,358107707.0,500834.5,65312549.0,9677291000.0,8679447111.0,9.677291,8.679447111,424.8295,424939520.0,405.25390625,4.138207912445068,341.51812267303467
1056,R6,OBLIQUE-STATIONARY-NONE,16,7f4f70da2fe46ae4,PERSIST,0.23825000000000002,65312520.0,0.0,890566.5,3754106.5,311307554.0,498931.0,65312520.0,9951720000.0,8849542652.5,9.95172,8.8495426525,445.28325,412596224.0,393.482421875,3.5801949501037598,296.88601875305176
1056,R6,OBLIQUE-STATIONARY-NONE,16,7f4f70da2fe46ae4,POPULATION-RESEED,0.2505,65312520.0,4582.0,850264.5,4291033.5,366150760.5,498808.5,65317102.0,9542402500.0,8579632753.0,9.5424025,8.579632753,425.13225,432955392.0,412.8984375,4.092248439788818,349.18857622146606
1057,R6,OBLIQUE-STATIONARY-NONE,17,15105c3ef523d549,CHAMPION-RESEED,0.24625,65312520.0,33.0,846936.0,4961310.5,384998054.5,536351.0,65312553.0,9761955500.0,8851363477.5,9.7619555,8.8513634775,423.468,444798976.0,424.193359375,4.73147439956665,367.1627564430237
1057,R6,OBLIQUE-STATIONARY-NONE,17,15105c3ef523d549,PERSIST,0.239,65312520.0,0.0,881995.5,5367328.0,317660684.0,505617.0,65312520.0,9580600500.0,8710240515.5,9.5806005,8.7102405155,440.99775,434130944.0,414.01953125,5.118682861328125,302.9448356628418
1057,R6,OBLIQUE-STATIONARY-NONE,17,15105c3ef523d549,POPULATION-RESEED,0.2425,65312520.0,5898.0,839282.5,6178317.0,366777111.5,497448.0,65318418.0,9623461000.0,8713925759.5,9.623461,8.7139257595,419.64125,452765696.0,431.791015625,5.892102241516113,349.78591108322144
1058,R6,OBLIQUE-STATIONARY-NONE,18,208a13b9f75a8756,CHAMPION-RESEED,0.25225,65312520.0,29.0,826639.0,4321321.0,350062374.5,492390.0,65312549.0,9585319000.0,8509781501.0,9.585319,8.509781501,413.3195,429467648.0,409.572265625,4.121132850646973,333.8454957008362
1058,R6,OBLIQUE-STATIONARY-NONE,18,208a13b9f75a8756,PERSIST,0.2505,65312520.0,0.0,870541.5,3933823.0,313261649.0,497742.0,65312520.0,9953505000.0,8708730766.0,9.953505,8.708730766,435.27075,422250496.0,402.689453125,3.7515859603881836,298.74958896636963
1058,R6,OBLIQUE-STATIONARY-NONE,18,208a13b9f75a8756,POPULATION-RESEED,0.2485,65312520.0,4317.0,808134.5,5115880.0,375988727.5,514217.0,65316837.0,10280434000.0,9023580934.0,10.280434,9.023580934,404.06725,430292992.0,410.359375,4.878883361816406,358.5707926750183
1059,R6,OBLIQUE-STATIONARY-NONE,19,9d24282ece636373,CHAMPION-RESEED,0.24375,65312520.0,33.0,817552.0,5038186.0,416191815.5,578648.0,65312553.0,10793157000.0,9548587132.5,10.793157,9.5485871325,408.776,427960320.0,408.134765625,4.804788589477539,396.9114451408386
1059,R6,OBLIQUE-STATIONARY-NONE,19,9d24282ece636373,PERSIST,0.23775,65312520.0,0.0,842763.0,3805747.0,325777621.5,519875.0,65312520.0,9967840500.0,8930766471.0,9.9678405,8.930766471,421.3815,409976832.0,390.984375,3.6294431686401367,310.68575048446655
1059,R6,OBLIQUE-STATIONARY-NONE,19,9d24282ece636373,POPULATION-RESEED,0.23825000000000002,65312520.0,4672.0,812767.0,5105529.0,396027955.0,539308.0,65317192.0,10180440500.0,9081453578.5,10.1804405,9.0814535785,406.3835,439674880.0,419.306640625,4.869011878967285,377.68168926239014
1060,R6,OBLIQUE-STATIONARY-NONE,20,413f10e9bb1f129a,CHAMPION-RESEED,0.2565,65312520.0,38.0,825916.5,5303131.0,463140153.0,640666.0,65312558.0,11458739000.0,10318745619.0,11.458739,10.318745619,412.95825,514727936.0,490.8828125,5.057459831237793,441.68486881256104
1060,R6,OBLIQUE-STATIONARY-NONE,20,413f10e9bb1f129a,PERSIST,0.24875,65312520.0,0.0,866478.0,4230918.5,377735405.5,596430.5,65312520.0,10893437500.0,9775313487.0,10.8934375,9.775313487,433.239,502771712.0,479.48046875,4.034918308258057,360.23655462265015
1060,R6,OBLIQUE-STATIONARY-NONE,20,413f10e9bb1f129a,POPULATION-RESEED,0.25375000000000003,65312520.0,5522.0,861410.5,4975829.0,449926589.5,609124.5,65318042.0,10970957000.0,9911987529.5,10.970957,9.9119875295,430.70525,525408256.0,501.068359375,4.7453203201293945,429.08343267440796
1061,R6,OBLIQUE-STATIONARY-NONE,21,1f46c102f272c59b,CHAMPION-RESEED,0.22899999999999998,65312520.0,29.0,854327.0,4502120.0,269726378.0,380087.0,65312549.0,8022577500.0,7217673580.0,8.0225775,7.21767358,427.1635,410357760.0,391.34765625,4.293556213378906,257.2311191558838
1061,R6,OBLIQUE-STATIONARY-NONE,21,1f46c102f272c59b,PERSIST,0.23375,65312520.0,0.0,873984.5,3739767.0,197890385.0,321510.0,65312520.0,7379283500.0,6666347512.5,7.3792835,6.6663475125,436.99225,403224576.0,384.544921875,3.5665197372436523,188.72297763824463
1061,R6,OBLIQUE-STATIONARY-NONE,21,1f46c102f272c59b,POPULATION-RESEED,0.237,65312520.0,4867.0,6115464.5,4608939.5,257804007.5,354788.5,65317387.0,7759278500.0,7024794144.5,7.7592785,7.0247941445,3057.73225,414932992.0,395.7109375,4.395427227020264,245.86106061935425
1062,R6,OBLIQUE-STATIONARY-NONE,22,00e14e03d6cd8298,CHAMPION-RESEED,0.2535,65312520.0,32.0,3951399.5,4853204.0,397063139.5,551868.5,65312552.0,10452098500.0,9366876460.0,10.4520985,9.36687646,1975.69975,462376960.0,440.95703125,4.628376007080078,378.668918132782
1062,R6,OBLIQUE-STATIONARY-NONE,22,00e14e03d6cd8298,PERSIST,0.24275000000000002,65312520.0,0.0,924695.5,4191844.5,331550301.0,529941.5,65312520.0,10418128000.0,9295936787.0,10.418128,9.295936787,462.34775,444549120.0,423.955078125,3.997654438018799,316.1910066604614
1062,R6,OBLIQUE-STATIONARY-NONE,22,00e14e03d6cd8298,POPULATION-RESEED,0.241,65312520.0,4859.0,865549.5,5135523.0,406377977.5,550568.0,65317379.0,10451069000.0,9373646271.0,10.451069,9.373646271,432.77475,484982784.0,462.515625,4.897616386413574,387.55223989486694
1063,R6,OBLIQUE-STATIONARY-NONE,23,160a50c3c8c14cb2,CHAMPION-RESEED,0.26325,65312520.0,30.0,834839.0,4079501.5,343180658.0,483144.5,65312550.0,9426958000.0,8410363067.0,9.426958,8.410363067,417.4195,448966656.0,428.16796875,3.8905158042907715,327.28257942199707
1063,R6,OBLIQUE-STATIONARY-NONE,23,160a50c3c8c14cb2,PERSIST,0.264,65312520.0,0.0,870172.0,4016909.0,307932256.0,490942.5,65312520.0,9550322500.0,8584353997.5,9.5503225,8.5843539975,435.086,446173184.0,425.50390625,3.8308229446411133,293.6670837402344
1063,R6,OBLIQUE-STATIONARY-NONE,23,160a50c3c8c14cb2,POPULATION-RESEED,0.2655,65312520.0,4489.0,841197.0,4193090.5,356379528.5,490697.0,65317009.0,9623720000.0,8640922441.0,9.62372,8.640922441,420.5985,459249664.0,437.974609375,3.998842716217041,339.8700032234192
1064,R6,OBLIQUE-STATIONARY-NONE,24,02ff53cf2c186289,CHAMPION-RESEED,0.24925,65312520.0,29.0,842991.0,4258813.0,333480895.0,470421.5,65312549.0,8925232500.0,8200036838.0,8.9252325,8.200036838,421.4955,416624640.0,397.32421875,4.061520576477051,318.03216457366943
1064,R6,OBLIQUE-STATIONARY-NONE,24,02ff53cf2c186289,PERSIST,0.2485,65312520.0,0.0,876882.0,2952856.0,253268012.0,408626.0,65312520.0,8335864000.0,7626401813.5,8.335864,7.6264018135,438.441,400119808.0,381.583984375,2.8160629272460938,241.53519821166992
1064,R6,OBLIQUE-STATIONARY-NONE,24,02ff53cf2c186289,POPULATION-RESEED,0.24825,65312520.0,3771.0,783715.0,3421040.5,291696720.0,404035.5,65316291.0,8120401500.0,7527204556.0,8.1204015,7.527204556,391.8575,424392704.0,404.732421875,3.2625584602355957,278.1836700439453
1065,R6,OBLIQUE-STATIONARY-NONE,25,3ddd9442c00734c1,CHAMPION-RESEED,0.244,65312520.0,30.0,804744.5,4572415.5,379839227.5,531025.0,65312550.0,9830511500.0,8935049623.0,9.8305115,8.935049623,402.37225,448749568.0,427.9609375,4.360595226287842,362.2429156303406
1065,R6,OBLIQUE-STATIONARY-NONE,25,3ddd9442c00734c1,PERSIST,0.23349999999999999,65312520.0,0.0,870515.5,4221097.0,339229069.5,541992.0,65312520.0,10045772500.0,9108630538.0,10.0457725,9.108630538,435.25775,428582912.0,408.728515625,4.025551795959473,323.51405096054077
1065,R6,OBLIQUE-STATIONARY-NONE,25,3ddd9442c00734c1,POPULATION-RESEED,0.231,65312520.0,5025.0,847994.5,4846323.0,404424227.5,548915.0,65317545.0,10140281500.0,9228334954.5,10.1402815,9.2283349545,423.99725,451426304.0,430.513671875,4.621813774108887,385.68899869918823
1066,R6,OBLIQUE-STATIONARY-NONE,26,194d796dd9cdd7b0,CHAMPION-RESEED,0.24575,65312520.0,36.0,842152.5,4782895.5,426007014.0,591698.5,65312556.0,10707747500.0,9492370354.0,10.7077475,9.492370354,421.07625,522086400.0,497.900390625,4.561324596405029,406.2719478607178
1066,R6,OBLIQUE-STATIONARY-NONE,26,194d796dd9cdd7b0,PERSIST,0.24175,65312520.0,0.0,870750.5,4625213.5,364113383.5,580102.5,65312520.0,10884888000.0,9500565044.5,10.884888,9.5005650445,435.37525,465485824.0,443.921875,4.410947322845459,347.24558210372925
1066,R6,OBLIQUE-STATIONARY-NONE,26,194d796dd9cdd7b0,POPULATION-RESEED,0.249,65312520.0,5180.0,902850.0,5566244.5,444257762.5,602722.5,65317700.0,11371236500.0,9915089025.5,11.3712365,9.9150890255,451.425,548139008.0,522.74609375,5.308384418487549,423.67721796035767
1067,R6,OBLIQUE-STATIONARY-NONE,27,f24991a61608b0a8,CHAMPION-RESEED,0.25975000000000004,65312520.0,33.0,823708.0,4076522.5,356658077.0,499209.5,65312553.0,9542891500.0,8448858566.5,9.5428915,8.4488585665,411.854,415479808.0,396.232421875,3.8876748085021973,340.1356477737427
1067,R6,OBLIQUE-STATIONARY-NONE,27,f24991a61608b0a8,PERSIST,0.264,65312520.0,0.0,845818.0,4646035.0,337667933.5,534843.5,65312520.0,10154507000.0,8875211613.0,10.154507,8.875211613,422.909,400926720.0,382.353515625,4.430804252624512,322.0252356529236
1067,R6,OBLIQUE-STATIONARY-NONE,27,f24991a61608b0a8,POPULATION-RESEED,0.26575000000000004,65312520.0,4518.0,793374.5,4454691.0,362957959.0,496799.5,65317038.0,9638071500.0,8466845410.5,9.6380715,8.4668454105,396.68725,418981888.0,399.572265625,4.248324394226074,346.1436834335327
1068,R6,OBLIQUE-STATIONARY-NONE,28,147a634918408388,CHAMPION-RESEED,0.27775,65312520.0,37.0,820326.5,5077505.0,418384643.5,581740.0,65312557.0,11105296500.0,9823947571.5,11.1052965,9.8239475715,410.16325,446193664.0,425.5234375,4.842286109924316,399.0026888847351
1068,R6,OBLIQUE-STATIONARY-NONE,28,147a634918408388,PERSIST,0.2705,65312520.0,0.0,835589.0,4129286.0,317348155.0,506603.0,65312520.0,10168359500.0,8912733167.5,10.1683595,8.9127331675,417.7945,429332480.0,409.443359375,3.9379940032958984,302.64678478240967
1068,R6,OBLIQUE-STATIONARY-NONE,28,147a634918408388,POPULATION-RESEED,0.26825,65312520.0,4726.0,814775.5,4622872.0,382363819.0,521198.5,65317246.0,10686983500.0,9373134799.0,10.6869835,9.373134799,407.38775,449001472.0,428.201171875,4.408714294433594,364.6505537033081
1069,R6,OBLIQUE-STATIONARY-NONE,29,0853673dfa48dda8,CHAMPION-RESEED,0.23825,65312520.0,37.0,843572.0,5188811.5,447505298.5,619783.0,65312557.0,9989792500.0,9156960273.0,9.9897925,9.156960273,421.786,443662336.0,423.109375,4.948436260223389,426.77430963516235
1069,R6,OBLIQUE-STATIONARY-NONE,29,0853673dfa48dda8,PERSIST,0.2485,65312520.0,0.0,850930.5,4302928.5,332453962.0,531752.5,65312520.0,9237078500.0,8391656972.0,9.2370785,8.391656972,425.46525,413927424.0,394.751953125,4.103592395782471,317.0528049468994
1069,R6,OBLIQUE-STATIONARY-NONE,29,0853673dfa48dda8,POPULATION-RESEED,0.2415,65312520.0,5218.0,786896.5,5289495.5,412219099.5,558237.0,65317738.0,9491464000.0,8714730300.5,9.491464,8.7147303005,393.44825,449361920.0,428.544921875,5.0444560050964355,393.12276792526245
1070,R6,OBLIQUE-STATIONARY-NONE,30,490cd89184cf5cd1,CHAMPION-RESEED,0.261,65312520.0,34.0,773287.5,4225812.5,391200104.5,547715.5,65312554.0,8399660500.0,7803588861.5,8.3996605,7.8035888615,386.64375,449361920.0,428.544921875,4.030048847198486,373.07749223709106
1070,R6,OBLIQUE-STATIONARY-NONE,30,490cd89184cf5cd1,PERSIST,0.27,65312520.0,0.0,793598.0,3892705.5,285033396.0,455873.0,65312520.0,7612058500.0,7038638050.5,7.6120585,7.0386380505,396.799,432926720.0,412.87109375,3.7123732566833496,271.82902908325195
1070,R6,OBLIQUE-STATIONARY-NONE,30,490cd89184cf5cd1,POPULATION-RESEED,0.26775000000000004,65312520.0,4660.0,727957.5,3958471.5,336935269.5,464691.0,65317180.0,7691327500.0,7155746533.5,7.6913275,7.1557465335,363.97875,465125376.0,443.578125,3.775092601776123,321.3265128135681
1071,R6,OBLIQUE-STATIONARY-NONE,31,4345bcc9c36325fb,CHAMPION-RESEED,0.23125,65312520.0,34.0,761760.0,4577923.0,393284190.0,546779.0,65312554.0,8460252500.0,7760955537.5,8.4602525,7.7609555375,380.88,471658496.0,449.80859375,4.365847587585449,375.06503105163574
1071,R6,OBLIQUE-STATIONARY-NONE,31,4345bcc9c36325fb,PERSIST,0.23249999999999998,65312520.0,0.0,820293.0,4526676.0,347209882.0,552974.5,65312520.0,8939183500.0,8072290295.0,8.9391835,8.072290295,410.1465,426528768.0,406.76953125,4.316974639892578,331.1251468658447
1071,R6,OBLIQUE-STATIONARY-NONE,31,4345bcc9c36325fb,POPULATION-RESEED,0.23225,65312520.0,4822.0,785357.0,5203219.5,410876716.0,555857.0,65317342.0,8914215000.0,8084812591.0,8.914215,8.084812591,392.6785,493510656.0,470.6484375,4.96217679977417,391.8425712585449
1072,R6,OBLIQUE-STATIONARY-NONE,32,ff4af7c20ebb28e5,CHAMPION-RESEED,0.2615,65312520.0,29.0,786259.0,4211732.5,359956546.5,504892.5,65312549.0,8213390000.0,7647721276.5,8.21339,7.6477212765,393.1295,444301312.0,423.71875,4.016621112823486,343.28131341934204
1072,R6,OBLIQUE-STATIONARY-NONE,32,ff4af7c20ebb28e5,PERSIST,0.257,65312520.0,0.0,782036.0,3885045.5,300473766.0,477951.5,65312520.0,8164991000.0,7547011313.0,8.164991,7.547011313,391.018,442382336.0,421.888671875,3.7050681114196777,286.5541133880615
1072,R6,OBLIQUE-STATIONARY-NONE,32,ff4af7c20ebb28e5,POPULATION-RESEED,0.251,65312520.0,4290.0,749476.0,3737845.5,327741920.0,452156.0,65316810.0,7645208500.0,7143163812.5,7.6452085,7.1431638125,374.738,460120064.0,438.8046875,3.5646872520446777,312.5590515136719
1073,R6,OBLIQUE-STATIONARY-NONE,33,25ed20a2631a0bfb,CHAMPION-RESEED,0.24375000000000002,65312520.0,36.0,808667.0,5063064.0,425367596.0,589981.5,65312556.0,9088956000.0,8409983724.0,9.088956,8.409983724,404.3335,427575296.0,407.767578125,4.828514099121094,405.6621513366699
1073,R6,OBLIQUE-STATIONARY-NONE,33,25ed20a2631a0bfb,PERSIST,0.24975,65312520.0,0.0,2868473.0,4273643.0,325679066.0,521074.5,65312520.0,8273729000.0,7664405676.0,8.273729,7.664405676,1434.2365,411533312.0,392.46875,4.0756635665893555,310.591760635376
1073,R6,OBLIQUE-STATIONARY-NONE,33,25ed20a2631a0bfb,POPULATION-RESEED,0.2505,65312520.0,4791.0,792736.5,4357748.0,384512676.5,523400.0,65317311.0,8504413500.0,7873676909.5,8.5044135,7.8736769095,396.36825,429789184.0,409.87890625,4.155872344970703,366.69986391067505
1074,R6,OBLIQUE-STATIONARY-NONE,34,3bd5ac62036ad5ce,CHAMPION-RESEED,0.23875000000000002,65312520.0,41.0,833637.0,5187332.5,474948055.5,657212.0,65312561.0,10331479500.0,9220123866.0,10.3314795,9.220123866,416.8185,490158080.0,467.451171875,4.947025775909424,452.9457621574402
1074,R6,OBLIQUE-STATIONARY-NONE,34,3bd5ac62036ad5ce,PERSIST,0.24075,65312520.0,0.0,813448.0,4903950.0,394319540.5,625754.0,65312520.0,9994633500.0,8952208918.5,9.9946335,8.9522089185,406.724,460072960.0,438.759765625,4.67677116394043,376.0524182319641
1074,R6,OBLIQUE-STATIONARY-NONE,34,3bd5ac62036ad5ce,POPULATION-RESEED,0.23075,65312520.0,6143.0,754826.0,6089092.0,483777121.0,651130.0,65318663.0,10326672000.0,9249043046.0,10.326672,9.249043046,377.413,557326336.0,531.5078125,5.807010650634766,461.3658151626587
1075,R6,OBLIQUE-STATIONARY-NONE,35,be4fbb0957814eb5,CHAMPION-RESEED,0.2345,65312520.0,35.0,773579.5,5156180.5,442720511.0,613905.5,65312555.0,9597758500.0,8695396691.0,9.5977585,8.695396691,386.78975,515768320.0,491.875,4.917316913604736,422.2111806869507
1075,R6,OBLIQUE-STATIONARY-NONE,35,be4fbb0957814eb5,PERSIST,0.23575000000000002,65312520.0,0.0,829472.5,4675359.5,375851464.5,600293.0,65312520.0,9349113500.0,8469825978.5,9.3491135,8.4698259785,414.73625,498993152.0,475.876953125,4.458770275115967,358.43988847732544
1075,R6,OBLIQUE-STATIONARY-NONE,35,be4fbb0957814eb5,POPULATION-RESEED,0.23275,65312520.0,5224.0,770005.5,5580986.5,450966586.0,608759.5,65317744.0,9605806500.0,8743010498.5,9.6058065,8.7430104985,385.00275,575418368.0,548.76171875,5.32244348526001,430.07525062561035
1076,R6,OBLIQUE-STATIONARY-NONE,36,87dd90e1e4b2cdfd,CHAMPION-RESEED,0.248,65312520.0,36.0,795025.5,4660586.0,411766908.5,572853.5,65312556.0,9261314000.0,8346043102.0,9.261314,8.346043102,397.51275,472850432.0,450.9453125,4.444681167602539,392.6915249824524
1076,R6,OBLIQUE-STATIONARY-NONE,36,87dd90e1e4b2cdfd,PERSIST,0.23325,65312520.0,0.0,835753.5,4129545.0,330830024.5,526764.0,65312520.0,8859974500.0,7974840349.5,8.8599745,7.9748403495,417.87675,454086656.0,433.05078125,3.9382410049438477,315.50409746170044
1076,R6,OBLIQUE-STATIONARY-NONE,36,87dd90e1e4b2cdfd,POPULATION-RESEED,0.23625,65312520.0,5134.0,807885.0,4412139.0,382446663.0,521618.5,65317654.0,8888784000.0,8044736261.5,8.888784,8.0447362615,403.9425,478433280.0,456.26953125,4.2077436447143555,364.72955989837646
1077,R6,OBLIQUE-STATIONARY-NONE,37,f00505c3b23f0e4c,CHAMPION-RESEED,0.25425,65312520.0,24.0,786908.0,3933784.5,322040809.0,454813.5,65312544.0,7566614000.0,7040051164.0,7.566614,7.040051164,393.454,437436416.0,417.171875,3.751549243927002,307.1220483779907
1077,R6,OBLIQUE-STATIONARY-NONE,37,f00505c3b23f0e4c,PERSIST,0.25075000000000003,65312520.0,0.0,757243.0,3524171.5,279475989.5,448620.0,65312520.0,7622139500.0,7059228843.0,7.6221395,7.059228843,378.6215,423376896.0,403.763671875,3.3609118461608887,266.5290732383728
1077,R6,OBLIQUE-STATIONARY-NONE,37,f00505c3b23f0e4c,POPULATION-RESEED,0.245,65312520.0,3806.0,752204.0,4328100.0,341894092.5,470260.0,65316326.0,7744581000.0,7230232023.5,7.744581,7.2302320235,376.102,437436416.0,417.171875,4.127597808837891,326.0556149482727
1078,R6,OBLIQUE-STATIONARY-NONE,38,5c72b4b8e00d19a8,CHAMPION-RESEED,0.24925,65312520.0,38.0,786592.0,5093948.0,438459379.5,606651.5,65312558.0,9425882500.0,8604251164.0,9.4258825,8.604251164,393.296,533585920.0,508.8671875,4.857967376708984,418.14744901657104
1078,R6,OBLIQUE-STATIONARY-NONE,38,5c72b4b8e00d19a8,PERSIST,0.23575000000000002,65312520.0,0.0,816026.5,5046352.5,390162587.0,622449.0,65312520.0,9699619500.0,8774730088.5,9.6996195,8.7747300885,408.01325,527214592.0,502.791015625,4.812576770782471,372.08803844451904
1078,R6,OBLIQUE-STATIONARY-NONE,38,5c72b4b8e00d19a8,POPULATION-RESEED,0.2405,65312520.0,6084.0,764062.5,6008589.0,488351471.0,658086.0,65318604.0,10039964000.0,9130440607.0,10.039964,9.130440607,382.03125,562071552.0,536.033203125,5.730237007141113,465.7282552719116
1079,R6,OBLIQUE-STATIONARY-NONE,39,9c8c9ef51859306d,CHAMPION-RESEED,0.249,65312520.0,27.0,843413.5,4128358.0,355692635.0,499875.0,65312547.0,8151807000.0,7578029412.0,8.151807,7.578029412,421.70675,404940800.0,386.181640625,3.9371089935302734,339.2149305343628
1079,R6,OBLIQUE-STATIONARY-NONE,39,9c8c9ef51859306d,PERSIST,0.247,65312520.0,0.0,813393.5,3612911.5,285667201.0,457071.5,65312520.0,7774312500.0,7227818613.5,7.7743125,7.2278186135,406.69675,387117056.0,369.18359375,3.4455409049987793,272.4334726333618
1079,R6,OBLIQUE-STATIONARY-NONE,39,9c8c9ef51859306d,POPULATION-RESEED,0.2505,65312520.0,3927.0,774370.5,4643339.5,346561443.5,475833.0,65316447.0,8020898000.0,7462905320.5,8.020898,7.4629053205,387.18525,405680128.0,386.88671875,4.428233623504639,330.50674772262573
1080,R6,OBLIQUE-STATIONARY-NONE,40,6adf443f7d2e630a,CHAMPION-RESEED,0.24325000000000002,65312520.0,42.0,752955.5,5101858.0,465011293.5,643933.0,65312562.0,9844115500.0,8813379497.5,9.8441155,8.8133794975,376.47775,506398720.0,482.939453125,4.865510940551758,443.4693274497986
1080,R6,OBLIQUE-STATIONARY-NONE,40,6adf443f7d2e630a,PERSIST,0.238,65312520.0,0.0,821228.0,4460197.5,388731120.5,616245.0,65312520.0,9687220500.0,8637590088.5,9.6872205,8.6375900885,410.614,489771008.0,467.08203125,4.253575801849365,370.7228856086731
1080,R6,OBLIQUE-STATIONARY-NONE,40,6adf443f7d2e630a,POPULATION-RESEED,0.2425,65312520.0,5327.0,731638.5,5408818.0,457537259.5,617954.5,65317847.0,9742551000.0,8722437205.5,9.742551,8.7224372055,365.81925,573093888.0,546.544921875,5.15825080871582,436.3415331840515
1081,R6,OBLIQUE-STATIONARY-NONE,41,71db8f79163b1b8e,CHAMPION-RESEED,0.27175000000000005,65312520.0,25.0,772254.5,4043524.0,316520150.5,447692.0,65312545.0,7662385000.0,6961822210.0,7.662385,6.96182221,386.12725,444540928.0,423.947265625,3.8562049865722656,301.85713815689087
1081,R6,OBLIQUE-STATIONARY-NONE,41,71db8f79163b1b8e,PERSIST,0.25675000000000003,65312520.0,0.0,791100.0,4249532.0,318805712.0,508008.5,65312520.0,8452870500.0,7548554785.5,8.4528705,7.5485547855,395.55,435103744.0,414.947265625,4.052669525146484,304.0368194580078
1081,R6,OBLIQUE-STATIONARY-NONE,41,71db8f79163b1b8e,POPULATION-RESEED,0.24075,65312520.0,4445.0,768409.5,5519932.5,423872973.5,574070.5,65316965.0,9276379000.0,8338723445.5,9.276379,8.3387234455,384.20475,465942528.0,444.357421875,5.264217853546143,404.236768245697
1082,R6,OBLIQUE-STATIONARY-NONE,42,7eddc0a9f22ca70f,CHAMPION-RESEED,0.237,65312520.0,31.0,825082.5,4430778.0,373148942.0,519914.5,65312551.0,8749075500.0,7891933242.0,8.7490755,7.891933242,412.54125,422027264.0,402.4765625,4.225519180297852,355.86256217956543
1082,R6,OBLIQUE-STATIONARY-NONE,42,7eddc0a9f22ca70f,PERSIST,0.2415,65312520.0,0.0,841901.0,4155563.5,336330786.5,536322.0,65312520.0,8904704500.0,8000859629.5,8.9047045,8.0008596295,420.9505,396658688.0,378.283203125,3.9630541801452637,320.7500329017639
1082,R6,OBLIQUE-STATIONARY-NONE,42,7eddc0a9f22ca70f,POPULATION-RESEED,0.2395,65312520.0,4738.0,811254.5,4587660.5,381816548.0,518674.5,65317258.0,8864496000.0,8034350278.5,8.864496,8.0343502785,405.62725,429398016.0,409.505859375,4.375133991241455,364.12863540649414
1083,R6,OBLIQUE-STATIONARY-NONE,43,77c9ce092cf469d0,CHAMPION-RESEED,0.24075000000000002,65312520.0,32.0,789085.5,4968036.5,405251462.0,563812.5,65312552.0,9140137500.0,8220315513.5,9.1401375,8.2203155135,394.54275,416352256.0,397.064453125,4.737888813018799,386.4779109954834
1083,R6,OBLIQUE-STATIONARY-NONE,43,77c9ce092cf469d0,PERSIST,0.24775,65312520.0,0.0,815135.0,3768087.0,305743562.0,488025.5,65312520.0,8176103000.0,7385528655.0,8.176103,7.385528655,407.5675,402141184.0,383.51171875,3.5935277938842773,291.5797824859619
1083,R6,OBLIQUE-STATIONARY-NONE,43,77c9ce092cf469d0,POPULATION-RESEED,0.24675,65312520.0,4019.0,767181.5,4387025.5,367081262.0,503528.5,65316539.0,8595477000.0,7791655420.0,8.595477,7.79165542,383.59075,466321408.0,444.71875,4.183793544769287,350.07597160339355
1084,R6,OBLIQUE-STATIONARY-NONE,44,fa96366182fd0203,CHAMPION-RESEED,0.2435,65312520.0,38.0,790152.0,4931537.5,448151092.5,621847.5,65312558.0,9730338500.0,8848481188.0,9.7303385,8.848481188,395.076,518967296.0,494.92578125,4.703080654144287,427.3901867866516
1084,R6,OBLIQUE-STATIONARY-NONE,44,fa96366182fd0203,PERSIST,0.236,65312520.0,0.0,802191.5,4288620.0,353561271.5,563362.5,65312520.0,9134131500.0,8276576112.5,9.1341315,8.2765761125,401.09575,505659392.0,482.234375,4.089946746826172,337.18230390548706
1084,R6,OBLIQUE-STATIONARY-NONE,44,fa96366182fd0203,POPULATION-RESEED,0.237,65312520.0,5275.0,776488.0,5237512.5,432368750.5,586982.0,65317795.0,9370457500.0,8554545825.5,9.3704575,8.5545458255,388.244,599285760.0,571.5234375,4.9948811531066895,412.33897256851196
1085,R6,OBLIQUE-STATIONARY-NONE,45,8baf433b05bae0fc,CHAMPION-RESEED,0.24475,65312520.0,28.0,791154.5,4136643.5,339272478.5,476118.5,65312548.0,8333163000.0,7517616161.5,8.333163,7.5176161615,395.57725,415889408.0,396.623046875,3.9450106620788574,323.55544900894165
1085,R6,OBLIQUE-STATIONARY-NONE,45,8baf433b05bae0fc,PERSIST,0.2495,65312520.0,0.0,791863.5,3215185.0,248428702.0,401344.5,65312520.0,7418792500.0,6748340675.5,7.4187925,6.7483406755,395.93175,412915712.0,393.787109375,3.066239356994629,236.920072555542
1085,R6,OBLIQUE-STATIONARY-NONE,45,8baf433b05bae0fc,POPULATION-RESEED,0.2495,65312520.0,4155.0,759129.5,3916162.0,310511155.0,426725.5,65316675.0,7703733000.0,7006126201.5,7.703733,7.0061262015,379.56475,426448896.0,406.693359375,3.734743118286133,296.12651348114014
1086,R6,OBLIQUE-STATIONARY-NONE,46,3f6cce3b7cc7e80f,CHAMPION-RESEED,0.24025000000000002,65312520.0,34.0,796538.5,4704224.0,399172381.0,555992.0,65312554.0,8851449000.0,8106244061.5,8.851449,8.1062440615,398.26925,488468480.0,465.83984375,4.486297607421875,380.6804475784302
1086,R6,OBLIQUE-STATIONARY-NONE,46,3f6cce3b7cc7e80f,PERSIST,0.23825000000000002,65312520.0,0.0,817092.5,4462912.5,354826086.0,566311.5,65312520.0,9140637500.0,8306135746.5,9.1406375,8.3061357465,408.54625,469833728.0,448.068359375,4.256165027618408,338.3885250091553
1086,R6,OBLIQUE-STATIONARY-NONE,46,3f6cce3b7cc7e80f,POPULATION-RESEED,0.2405,65312520.0,5496.0,789079.5,4926971.0,419944714.5,569255.0,65318016.0,9093998000.0,8372065115.5,9.093998,8.3720651155,394.53975,513273856.0,489.49609375,4.698725700378418,400.4904885292053
1087,R6,OBLIQUE-STATIONARY-NONE,47,690c47b5e0570830,CHAMPION-RESEED,0.24775,65312520.0,32.0,832743.0,4581586.0,380035411.5,530980.0,65312552.0,9173915000.0,8372247539.5,9.173915,8.3722475395,416.3715,515807232.0,491.912109375,4.369340896606445,362.4300112724304
1087,R6,OBLIQUE-STATIONARY-NONE,47,690c47b5e0570830,PERSIST,0.2465,65312520.0,0.0,867161.0,4148351.0,328224768.0,526073.5,65312520.0,9348156000.0,8385796304.5,9.348156,8.3857963045,433.5805,479244288.0,457.04296875,3.9561758041381836,313.01953125
1087,R6,OBLIQUE-STATIONARY-NONE,47,690c47b5e0570830,POPULATION-RESEED,0.24325,65312520.0,5001.0,860347.0,5006989.0,393251003.5,533940.5,65317521.0,10097082500.0,9067090154.0,10.0970825,9.067090154,430.1735,529690624.0,505.15234375,4.775036811828613,375.0333819389343
1088,R6,OBLIQUE-STATIONARY-NONE,48,35c1c80a78cf7f64,CHAMPION-RESEED,0.2595,65312520.0,27.0,788554.0,4061378.0,350572523.0,493531.0,65312547.0,8208276000.0,7549988099.5,8.208276,7.5499880995,394.277,420769792.0,401.27734375,3.873231887817383,334.33201122283936
1088,R6,OBLIQUE-STATIONARY-NONE,48,35c1c80a78cf7f64,PERSIST,0.2505,65312520.0,0.0,792336.5,3675372.5,286081925.5,458542.0,65312520.0,7899615500.0,7204117818.5,7.8996155,7.2041178185,396.16825,403255296.0,384.57421875,3.50510835647583,272.82898473739624
1088,R6,OBLIQUE-STATIONARY-NONE,48,35c1c80a78cf7f64,POPULATION-RESEED,0.2525,65312520.0,4381.0,753524.0,4189878.5,345634619.5,475607.5,65316901.0,8127593500.0,7461470287.0,8.1275935,7.461470287,376.762,420915200.0,401.416015625,3.995779514312744,329.6228594779968
1089,R6,OBLIQUE-STATIONARY-NONE,49,a19b88f86fea3078,CHAMPION-RESEED,0.2365,65312520.0,30.0,796687.0,4630760.5,388196432.0,542342.5,65312550.0,9357282000.0,8513867637.0,9.357282,8.513867637,398.3435,438728704.0,418.404296875,4.4162373542785645,370.2129669189453
1089,R6,OBLIQUE-STATIONARY-NONE,49,a19b88f86fea3078,PERSIST,0.235,65312520.0,0.0,864146.5,4414931.5,332841078.5,533718.5,65312520.0,9252002500.0,8460644083.0,9.2520025,8.460644083,432.07325,432721920.0,412.67578125,4.21040678024292,317.4219880104065
1089,R6,OBLIQUE-STATIONARY-NONE,49,a19b88f86fea3078,POPULATION-RESEED,0.232,65312520.0,4916.0,798000.0,5025154.0,396443303.0,539180.0,65317436.0,9480752500.0,8613114883.5,9.4807525,8.6131148835,399.0,456402944.0,435.259765625,4.792360305786133,378.07779598236084
1090,R6,OBLIQUE-STATIONARY-NONE,50,134efb651b1eec66,CHAMPION-RESEED,0.25275000000000003,65312520.0,26.0,820117.5,4559666.5,321649710.5,454757.5,65312546.0,8020581500.0,7446969563.5,8.0205815,7.4469695635,410.05875,426866688.0,407.091796875,4.3484368324279785,306.7490677833557
1090,R6,OBLIQUE-STATIONARY-NONE,50,134efb651b1eec66,PERSIST,0.2485,65312520.0,0.0,858194.0,3796776.0,311384232.0,497154.0,65312520.0,8772226000.0,7990917618.5,8.772226,7.9909176185,429.097,412655616.0,393.5390625,3.6208877563476562,296.95914459228516
1090,R6,OBLIQUE-STATIONARY-NONE,50,134efb651b1eec66,POPULATION-RESEED,0.25075000000000003,65312520.0,4179.0,765470.5,4712585.5,361741738.5,496094.0,65316699.0,8271498000.0,7639826072.5,8.271498,7.6398260725,382.73525,435982336.0,415.78515625,4.494271755218506,344.98380517959595
1091,R6,OBLIQUE-STATIONARY-NONE,51,479e688f23592b5d,CHAMPION-RESEED,0.245,65312520.0,37.0,810812.5,4764703.0,410661147.5,570232.0,65312557.0,8805181500.0,8171818048.0,8.8051815,8.171818048,405.40625,510746624.0,487.0859375,4.543974876403809,391.6369891166687
1091,R6,OBLIQUE-STATIONARY-NONE,51,479e688f23592b5d,PERSIST,0.23725000000000002,65312520.0,0.0,822154.0,4128238.5,340032610.0,542025.5,65312520.0,8640603500.0,7934686005.0,8.6406035,7.934686005,411.077,503678976.0,480.345703125,3.936995029449463,324.280366897583
1091,R6,OBLIQUE-STATIONARY-NONE,51,479e688f23592b5d,POPULATION-RESEED,0.24525000000000002,65312520.0,5431.0,836373.0,5019355.0,427967327.5,581879.5,65317951.0,8967145500.0,8302619585.5,8.9671455,8.3026195855,418.1865,536385536.0,511.537109375,4.786829948425293,408.1414484977722
1092,R6,OBLIQUE-STATIONARY-NONE,52,dee10d52ffc8fc2f,CHAMPION-RESEED,0.23325,65312520.0,30.0,752354.0,4582124.5,396488015.0,553846.0,65312550.0,8619688000.0,8016905238.0,8.619688,8.016905238,376.177,425324544.0,405.62109375,4.36985445022583,378.120436668396
1092,R6,OBLIQUE-STATIONARY-NONE,52,dee10d52ffc8fc2f,PERSIST,0.23625,65312520.0,0.0,759791.0,4396297.5,329489056.5,526453.5,65312520.0,8572851000.0,7891509655.5,8.572851,7.8915096555,379.8955,408432640.0,389.51171875,4.192636013031006,314.2252507209778
1092,R6,OBLIQUE-STATIONARY-NONE,52,dee10d52ffc8fc2f,POPULATION-RESEED,0.23349999999999999,65312520.0,4416.0,3122453.0,4932927.5,392767597.0,535161.5,65316936.0,8463638500.0,7843831982.5,8.4636385,7.8438319825,1561.2265,450154496.0,429.30078125,4.704406261444092,374.5723695755005
1093,R6,OBLIQUE-STATIONARY-NONE,53,4e4aa15e565e2c35,CHAMPION-RESEED,0.261,65312520.0,26.0,758026.5,4097183.5,335477810.5,472381.5,65312546.0,7748029000.0,7213565964.5,7.748029,7.2135659645,379.01325,399624192.0,381.111328125,3.907378673553467,319.936571598053
1093,R6,OBLIQUE-STATIONARY-NONE,53,4e4aa15e565e2c35,PERSIST,0.257,65312520.0,0.0,758673.0,3162219.0,263815345.0,424431.5,65312520.0,7305346500.0,6809163820.5,7.3053465,6.8091638205,379.3365,388608000.0,370.60546875,3.0157270431518555,251.593918800354
1093,R6,OBLIQUE-STATIONARY-NONE,53,4e4aa15e565e2c35,POPULATION-RESEED,0.262,65312520.0,3955.0,709816.0,4676504.5,338465902.0,465992.0,65316475.0,7726271500.0,7235117678.5,7.7262715,7.2351176785,354.908,400771072.0,382.205078125,4.459862232208252,322.7862377166748
1094,R6,OBLIQUE-STATIONARY-NONE,54,4761decabff1eb44,CHAMPION-RESEED,0.25675000000000003,65312520.0,43.0,810419.5,5997900.5,500411388.0,688719.0,65312563.0,10338513500.0,9358186081.5,10.3385135,9.3581860815,405.20975,612886528.0,584.494140625,5.720043659210205,477.22948837280273
1094,R6,OBLIQUE-STATIONARY-NONE,54,4761decabff1eb44,PERSIST,0.25125,65312520.0,0.0,2252454.5,5271941.0,426084963.0,673421.0,65312520.0,10394994500.0,9343495123.0,10.3949945,9.343495123,1126.22725,525615104.0,501.265625,5.027714729309082,406.3462858200073
1094,R6,OBLIQUE-STATIONARY-NONE,54,4761decabff1eb44,POPULATION-RESEED,0.248,65312520.0,6450.0,768603.5,6587068.5,512373791.5,688032.5,65318970.0,10629702500.0,9602063552.5,10.6297025,9.6020635525,384.30175,618125312.0,589.490234375,6.281918048858643,488.63772535324097
1095,R6,OBLIQUE-STATIONARY-NONE,55,3ec9a0292278bd32,CHAMPION-RESEED,0.253,65312520.0,25.0,732757.0,3773459.0,312533053.5,443481.5,65312545.0,7829416000.0,7167091941.5,7.829416,7.1670919415,366.3785,411068416.0,392.025390625,3.5986509323120117,298.05474615097046
1095,R6,OBLIQUE-STATIONARY-NONE,55,3ec9a0292278bd32,PERSIST,0.25825,65312520.0,0.0,4451031.5,3583754.0,283503193.5,454907.5,65312520.0,8121202500.0,7331044036.0,8.1212025,7.331044036,2225.51575,395192320.0,376.884765625,3.417734146118164,270.3697142601013
1095,R6,OBLIQUE-STATIONARY-NONE,55,3ec9a0292278bd32,POPULATION-RESEED,0.25925,65312520.0,4167.0,741288.0,4445123.0,353023942.5,485143.5,65316687.0,8537935000.0,7727968036.5,8.537935,7.7279680365,370.644,414210048.0,395.021484375,4.239199638366699,336.6698670387268
1096,R6,OBLIQUE-STATIONARY-NONE,56,4a4942e87816dff9,CHAMPION-RESEED,0.25375000000000003,65312520.0,28.0,759391.5,4549774.0,372244344.5,521290.5,65312548.0,8551538500.0,7756109920.5,8.5515385,7.7561099205,379.69575,459646976.0,438.353515625,4.33900260925293,354.9998707771301
1096,R6,OBLIQUE-STATIONARY-NONE,56,4a4942e87816dff9,PERSIST,0.24325,65312520.0,0.0,804291.0,3991542.0,347816512.5,554539.5,65312520.0,8990525000.0,8053097310.5,8.990525,8.0530973105,402.1455,458008576.0,436.791015625,3.806631088256836,331.7036747932434
1096,R6,OBLIQUE-STATIONARY-NONE,56,4a4942e87816dff9,POPULATION-RESEED,0.241,65312520.0,5246.0,752851.0,5113984.5,415447149.5,563821.0,65317766.0,9218524000.0,8255648918.5,9.218524,8.2556489185,376.4255,472354816.0,450.47265625,4.877075672149658,396.20127630233765
1097,R6,OBLIQUE-STATIONARY-NONE,57,ba5436a70fefcda5,CHAMPION-RESEED,0.23349999999999999,65312520.0,38.0,755574.0,5939258.0,476612179.5,657207.5,65312558.0,10207141500.0,9232230008.5,10.2071415,9.2322300085,377.787,482125824.0,459.791015625,5.664117813110352,454.5327944755554
1097,R6,OBLIQUE-STATIONARY-NONE,57,ba5436a70fefcda5,PERSIST,0.227,65312520.0,0.0,827087.5,5074818.0,405543590.0,646120.0,65312520.0,10028578000.0,9069113394.5,10.028578,9.0691133945,413.54375,477016064.0,454.91796875,4.839723587036133,386.7565059661865
1097,R6,OBLIQUE-STATIONARY-NONE,57,ba5436a70fefcda5,POPULATION-RESEED,0.22575,65312520.0,5752.0,780080.5,6270560.0,494221587.5,662830.5,65318272.0,10205116500.0,9287770642.0,10.2051165,9.287770642,390.04025,523378688.0,499.1328125,5.980072021484375,471.32643461227417
1098,R6,OBLIQUE-STATIONARY-NONE,58,5a3dc0ff5d29ece2,CHAMPION-RESEED,0.246,65312520.0,35.0,757787.0,4609364.5,410903337.0,572729.5,65312555.0,9229765000.0,8316320660.5,9.229765,8.3163206605,378.8935,476057600.0,454.00390625,4.395832538604736,391.867959022522
1098,R6,OBLIQUE-STATIONARY-NONE,58,5a3dc0ff5d29ece2,PERSIST,0.25225,65312520.0,0.0,828388.5,4136330.5,350789963.0,557690.5,65312520.0,9242689500.0,8264222533.0,9.2426895,8.264222533,414.19425,418881536.0,399.4765625,3.9447121620178223,334.53937816619873
1098,R6,OBLIQUE-STATIONARY-NONE,58,5a3dc0ff5d29ece2,POPULATION-RESEED,0.2435,65312520.0,5322.0,802599.0,5262433.0,433223140.5,587691.0,65317842.0,9532910500.0,8591879776.5,9.5329105,8.5918797765,401.2995,488882176.0,466.234375,5.018647193908691,413.1537823677063
1099,R6,OBLIQUE-STATIONARY-NONE,59,41ef53ca5a769e41,CHAMPION-RESEED,0.25625,65312520.0,32.0,765189.5,4119985.5,341582404.0,480950.5,65312552.0,7745002500.0,7165851935.5,7.7450025,7.1658519355,382.59475,427724800.0,407.91015625,3.929124355316162,325.7583656311035
1099,R6,OBLIQUE-STATIONARY-NONE,59,41ef53ca5a769e41,PERSIST,0.25375000000000003,65312520.0,0.0,809575.5,3262253.0,274432681.5,438939.5,65312520.0,7561513500.0,6878040417.5,7.5615135,6.8780404175,404.78775,420462592.0,400.984375,3.1111268997192383,261.71939992904663
1099,R6,OBLIQUE-STATIONARY-NONE,59,41ef53ca5a769e41,POPULATION-RESEED,0.25375000000000003,65312520.0,4392.0,755401.5,3943607.5,339038321.5,466136.5,65316912.0,8086860500.0,7402742660.5,8.0868605,7.4027426605,377.70075,439123968.0,418.78125,3.7609171867370605,323.3321394920349
1100,R6,OBLIQUE-STATIONARY-NONE,60,b89ac5287b6d8b6e,CHAMPION-RESEED,0.25275000000000003,65312520.0,39.0,747243.0,5091964.5,404292216.5,562677.5,65312559.0,8802035000.0,8171211944.0,8.802035,8.171211944,373.6215,500783104.0,477.583984375,4.856075763702393,385.5631031990051
1100,R6,OBLIQUE-STATIONARY-NONE,60,b89ac5287b6d8b6e,PERSIST,0.245,65312520.0,0.0,823681.0,4842344.5,348040729.5,553807.0,65312520.0,8836111000.0,8127505880.5,8.836111,8.1275058805,411.8405,500783104.0,477.583984375,4.6180195808410645,331.91750478744507
1100,R6,OBLIQUE-STATIONARY-NONE,60,b89ac5287b6d8b6e,POPULATION-RESEED,0.2525,65312520.0,5685.0,764933.5,5453133.5,432182046.5,585863.0,65318205.0,9172555000.0,8457662082.5,9.172555,8.4576620825,382.46675,523659264.0,499.400390625,5.2005133628845215,412.16091775894165
1101,R6,OBLIQUE-STATIONARY-NONE,61,8f3e21e28584baee,CHAMPION-RESEED,0.26,65312520.0,28.0,759651.0,4002543.0,331495403.5,467212.0,65312548.0,8013610000.0,7266497228.5,8.01361,7.2664972285,379.8255,436590592.0,416.365234375,3.817122459411621,316.1386523246765
1101,R6,OBLIQUE-STATIONARY-NONE,61,8f3e21e28584baee,PERSIST,0.25175000000000003,65312520.0,0.0,807519.5,3946096.0,306544339.5,487512.5,65312520.0,8450560000.0,7580147254.0,8.45056,7.580147254,403.75975,413562880.0,394.404296875,3.7632904052734375,292.3434634208679
1101,R6,OBLIQUE-STATIONARY-NONE,61,8f3e21e28584baee,POPULATION-RESEED,0.25625,65312520.0,3958.0,772457.5,4910866.5,343091301.5,470939.0,65316478.0,8228934500.0,7507260617.0,8.2289345,7.507260617,386.22875,436930560.0,416.689453125,4.6833672523498535,327.1973624229431
1102,R6,OBLIQUE-STATIONARY-NONE,62,fd111804d8aafa28,CHAMPION-RESEED,0.254,65312520.0,39.0,858597.5,5182921.5,453073441.0,627110.0,65312559.0,10408406000.0,9503635310.0,10.408406,9.50363531,429.29875,462338048.0,440.919921875,4.942819118499756,432.08450412750244
1102,R6,OBLIQUE-STATIONARY-NONE,62,fd111804d8aafa28,PERSIST,0.248,65312520.0,0.0,876000.0,4491322.0,364447875.0,581531.0,65312520.0,9727428500.0,8835273873.0,9.7274285,8.835273873,438.0,441935872.0,421.462890625,4.283258438110352,347.56457805633545
1102,R6,OBLIQUE-STATIONARY-NONE,62,fd111804d8aafa28,POPULATION-RESEED,0.242,65312520.0,5321.0,811638.0,5115895.0,424799010.0,575268.0,65317841.0,10382909000.0,9428447797.0,10.382909,9.428447797,405.819,486805504.0,464.25390625,4.878897666931152,405.11990547180176
1103,R6,OBLIQUE-STATIONARY-NONE,63,c1745895dcc7fc4a,CHAMPION-RESEED,0.26075000000000004,65312520.0,37.0,777242.0,5032537.0,440571629.0,609600.5,65312557.0,9397653500.0,8677384538.5,9.3976535,8.6773845385,388.621,552689664.0,527.0859375,4.79940128326416,420.161847114563
1103,R6,OBLIQUE-STATIONARY-NONE,63,c1745895dcc7fc4a,PERSIST,0.254,65312520.0,0.0,848036.0,5150000.5,410967249.5,652862.5,65312520.0,10013733500.0,9209940016.0,10.0137335,9.209940016,424.018,535435264.0,510.630859375,4.911423206329346,391.9289107322693
1103,R6,OBLIQUE-STATIONARY-NONE,63,c1745895dcc7fc4a,POPULATION-RESEED,0.2495,65312520.0,5860.0,799576.0,5910378.5,483991206.0,651815.0,65318380.0,10170068500.0,9359457466.5,10.1700685,9.3594574665,399.788,553953280.0,528.291015625,5.636576175689697,461.5699825286865
1104,R6,OBLIQUE-STATIONARY-NONE,64,7be0f147203bba31,CHAMPION-RESEED,0.2565,65312520.0,40.0,817747.5,5066425.0,448480806.5,619364.5,65312560.0,9788075000.0,8772971499.5,9.788075,8.7729714995,408.87375,489680896.0,466.99609375,4.831719398498535,427.7046265602112
1104,R6,OBLIQUE-STATIONARY-NONE,64,7be0f147203bba31,PERSIST,0.24575,65312520.0,0.0,864719.5,5104873.5,398098171.5,632846.5,65312520.0,10077044000.0,9008600153.0,10.077044,9.008600153,432.35975,476895232.0,454.802734375,4.868386745452881,379.6560015678406
1104,R6,OBLIQUE-STATIONARY-NONE,64,7be0f147203bba31,POPULATION-RESEED,0.2525,65312520.0,5786.0,4278509.0,5805721.0,472480997.0,636480.0,65318306.0,10166087000.0,9104571535.0,10.166087,9.104571535,2139.2545,489680896.0,466.99609375,5.53676700592041,450.59299182891846
1105,R6,OBLIQUE-STATIONARY-NONE,65,25e46073e3b505ed,CHAMPION-RESEED,0.24575,65312520.0,28.0,837850.0,4001915.0,345698268.5,487188.5,65312548.0,8523784500.0,7786789474.0,8.5237845,7.786789474,418.925,460408832.0,439.080078125,3.816523551940918,329.68355989456177
1105,R6,OBLIQUE-STATIONARY-NONE,65,25e46073e3b505ed,PERSIST,0.26775000000000004,65312520.0,0.0,840322.5,3993234.5,287322870.5,460127.0,65312520.0,8640566000.0,7813936268.0,8.640566,7.813936268,420.16125,446431232.0,425.75,3.8082451820373535,274.012442111969
1105,R6,OBLIQUE-STATIONARY-NONE,65,25e46073e3b505ed,POPULATION-RESEED,0.254,65312520.0,4230.0,804959.0,4267738.5,346466984.0,476138.0,65316750.0,8669326500.0,7882022571.0,8.6693265,7.882022571,402.4795,464367616.0,442.85546875,4.070032596588135,330.41666412353516
1106,R6,OBLIQUE-STATIONARY-NONE,66,56ee66c65c501534,CHAMPION-RESEED,0.25,65312520.0,30.0,822113.0,4422843.0,371929940.0,520113.5,65312550.0,10090449000.0,8817651828.0,10.090449,8.817651828,411.0565,469512192.0,447.76171875,4.217951774597168,354.7000312805176
1106,R6,OBLIQUE-STATIONARY-NONE,66,56ee66c65c501534,PERSIST,0.248,65312520.0,0.0,867307.0,3176400.5,259549735.5,417899.5,65312520.0,8584350000.0,7626869452.5,8.58435,7.6268694525,433.6535,454064128.0,433.029296875,3.0292515754699707,247.5259165763855
1106,R6,OBLIQUE-STATIONARY-NONE,66,56ee66c65c501534,POPULATION-RESEED,0.25,65312520.0,3952.0,787691.0,3643663.5,311644280.0,428504.0,65316472.0,8657576500.0,7735374170.0,8.6575765,7.73537417,393.8455,480972800.0,458.69140625,3.4748682975769043,297.20714569091797
1107,R6,OBLIQUE-STATIONARY-NONE,67,efff7a4b726864d0,CHAMPION-RESEED,0.259,65312520.0,25.0,3485014.5,3805361.0,305020271.0,431931.0,65312545.0,7843367000.0,7339452450.0,7.843367,7.33945245,1742.50725,429821952.0,409.91015625,3.629075050354004,290.8899984359741
1107,R6,OBLIQUE-STATIONARY-NONE,67,efff7a4b726864d0,PERSIST,0.2625,65312520.0,0.0,871987.0,3613727.5,305597695.5,488231.0,65312520.0,8695632000.0,7940721929.5,8.695632,7.9407219295,435.9935,420096000.0,400.634765625,3.446319103240967,291.44067335128784
1107,R6,OBLIQUE-STATIONARY-NONE,67,efff7a4b726864d0,POPULATION-RESEED,0.25825,65312520.0,3889.0,863902.0,4543830.5,356207850.5,487468.5,65316409.0,8778378000.0,8078082716.5,8.778378,8.0780827165,431.951,456415232.0,435.271484375,4.333334445953369,339.7062783241272
1108,R6,OBLIQUE-STATIONARY-NONE,68,d4afe454153015c9,CHAMPION-RESEED,0.247,65312520.0,34.0,812007.5,5198615.0,422694033.5,587488.5,65312554.0,9192522500.0,8433402044.0,9.1925225,8.433402044,406.00375,430393344.0,410.455078125,4.957785606384277,403.11244344711304
1108,R6,OBLIQUE-STATIONARY-NONE,68,d4afe454153015c9,PERSIST,0.233,65312520.0,0.0,781995.5,4232414.0,337727540.5,538280.0,65312520.0,8865683500.0,8018728154.0,8.8656835,8.018728154,390.99775,412071936.0,392.982421875,4.036344528198242,322.0820813179016
1108,R6,OBLIQUE-STATIONARY-NONE,68,d4afe454153015c9,POPULATION-RESEED,0.23975,65312520.0,4855.0,780149.5,4969756.0,420717330.5,568854.0,65317375.0,9254846000.0,8439030194.0,9.254846,8.439030194,390.07475,465309696.0,443.75390625,4.739528656005859,401.22731256484985
1109,R6,OBLIQUE-STATIONARY-NONE,69,43d914fad2de3816,CHAMPION-RESEED,0.24875,65312520.0,35.0,814726.5,4620266.5,388397036.0,541031.0,65312555.0,9381905500.0,8560955761.0,9.3819055,8.560955761,407.36325,485257216.0,462.77734375,4.406229496002197,370.4042778015137
1109,R6,OBLIQUE-STATIONARY-NONE,69,43d914fad2de3816,PERSIST,0.24125,65312520.0,0.0,898828.0,4321011.0,324143290.0,517503.5,65312520.0,9181623000.0,8390116195.0,9.181623,8.390116195,449.414,474757120.0,452.763671875,4.120837211608887,309.12713050842285
1109,R6,OBLIQUE-STATIONARY-NONE,69,43d914fad2de3816,POPULATION-RESEED,0.23925000000000002,65312520.0,4791.0,809708.0,5125351.5,390251929.0,532296.5,65317311.0,9375524000.0,8629005394.5,9.375524,8.6290053945,404.854,499537920.0,476.396484375,4.887916088104248,372.1732416152954
1110,R6,OBLIQUE-STATIONARY-NONE,70,f41654fd1287efb3,CHAMPION-RESEED,0.25425,65312520.0,29.0,794590.0,4723219.5,386266609.0,539070.5,65312549.0,8626436500.0,7979854034.5,8.6264365,7.9798540345,397.295,431206400.0,411.23046875,4.50441312789917,368.37254428863525
1110,R6,OBLIQUE-STATIONARY-NONE,70,f41654fd1287efb3,PERSIST,0.25025,65312520.0,0.0,846476.0,4048648.5,314393000.5,500723.5,65312520.0,8271864500.0,7668921251.5,8.2718645,7.6689212515,423.238,412571648.0,393.458984375,3.8610920906066895,299.8285298347473
1110,R6,OBLIQUE-STATIONARY-NONE,70,f41654fd1287efb3,POPULATION-RESEED,0.25025,65312520.0,4348.0,755753.0,4882328.0,385577732.5,525477.5,65316868.0,8551986500.0,7996154749.5,8.5519865,7.9961547495,377.8765,436168704.0,415.962890625,4.656150817871094,367.7155804634094
1111,R6,OBLIQUE-STATIONARY-NONE,71,fc53f7cb9b575344,CHAMPION-RESEED,0.248,65312520.0,29.0,806246.0,4101680.0,365706638.5,512249.0,65312549.0,8361615500.0,7541302035.0,8.3616155,7.541302035,403.123,456960000.0,435.791015625,3.9116668701171875,348.7650284767151
1111,R6,OBLIQUE-STATIONARY-NONE,71,fc53f7cb9b575344,PERSIST,0.2425,65312520.0,0.0,4202887.5,4115850.5,315091776.0,504903.0,65312520.0,8454748500.0,7584854624.0,8.4547485,7.584854624,2101.44375,444348416.0,423.763671875,3.9251809120178223,300.49493408203125
1111,R6,OBLIQUE-STATIONARY-NONE,71,fc53f7cb9b575344,POPULATION-RESEED,0.23875000000000002,65312520.0,4977.0,827692.5,4788280.0,393431252.0,535714.5,65317497.0,8822741000.0,7913907816.5,8.822741,7.9139078165,413.84625,456960000.0,435.791015625,4.566459655761719,375.2052803039551
1112,R6,OBLIQUE-STATIONARY-NONE,72,120fbc16c7adb880,CHAMPION-RESEED,0.24825,65312520.0,29.0,724908.0,4003172.5,327536142.0,463306.0,65312549.0,8094284000.0,7375431218.5,8.094284,7.3754312185,362.454,412436480.0,393.330078125,3.817722797393799,312.36280632019043
1112,R6,OBLIQUE-STATIONARY-NONE,72,120fbc16c7adb880,PERSIST,0.24375000000000002,65312520.0,0.0,781379.5,3421553.5,264898536.0,426341.5,65312520.0,7667259500.0,6930432839.0,7.6672595,6.930432839,390.68975,397697024.0,379.2734375,3.263047695159912,252.6269302368164
1112,R6,OBLIQUE-STATIONARY-NONE,72,120fbc16c7adb880,POPULATION-RESEED,0.23675000000000002,65312520.0,3982.0,726258.0,3846146.0,325897501.5,449131.0,65316502.0,7954976500.0,7258673656.5,7.9549765,7.2586736565,363.129,433928192.0,413.826171875,3.667970657348633,310.80007696151733
1113,R6,OBLIQUE-STATIONARY-NONE,73,66063b3a40af42be,CHAMPION-RESEED,0.24625000000000002,65312520.0,40.0,781396.5,5531485.5,470645820.0,648727.0,65312560.0,9847325500.0,8834171902.0,9.8473255,8.834171902,390.69825,524451840.0,500.15625,5.275235652923584,448.842830657959
1113,R6,OBLIQUE-STATIONARY-NONE,73,66063b3a40af42be,PERSIST,0.23975000000000002,65312520.0,0.0,881372.0,4717241.5,373177761.5,595475.5,65312520.0,9455530500.0,8439053781.5,9.4555305,8.4390537815,440.686,513048576.0,489.28125,4.498712062835693,355.8900465965271
1113,R6,OBLIQUE-STATIONARY-NONE,73,66063b3a40af42be,POPULATION-RESEED,0.2405,65312520.0,5613.0,765414.0,5737313.5,453207431.5,611756.5,65318133.0,9722870500.0,8668831251.5,9.7228705,8.6688312515,382.707,573415424.0,546.8515625,5.47152853012085,432.2122874259949
1114,R6,OBLIQUE-STATIONARY-NONE,74,906eac5232117436,CHAMPION-RESEED,0.23475000000000001,65312520.0,26.0,778327.0,4028828.0,342045981.0,480680.0,65312546.0,8230870500.0,7466482255.5,8.2308705,7.4664822555,389.1635,431048704.0,411.080078125,3.8421897888183594,326.2004671096802
1114,R6,OBLIQUE-STATIONARY-NONE,74,906eac5232117436,PERSIST,0.24075000000000002,65312520.0,0.0,816227.0,3427052.5,293026641.0,470551.0,65312520.0,8010867000.0,7255890575.5,8.010867,7.2558905755,408.1135,422952960.0,403.359375,3.26829195022583,279.45198154449463
1114,R6,OBLIQUE-STATIONARY-NONE,74,906eac5232117436,POPULATION-RESEED,0.236,65312520.0,5074.0,754565.0,4270888.0,348219998.0,476331.5,65317594.0,8301020000.0,7477834955.0,8.30102,7.477834955,377.2825,437172224.0,416.919921875,4.073036193847656,332.08846855163574
1115,R6,OBLIQUE-STATIONARY-NONE,75,594ff4e5c4de9e9c,CHAMPION-RESEED,0.2355,65312520.0,44.0,804021.5,6813359.0,532295511.0,731999.5,65312564.0,10555170000.0,9591248973.0,10.55517,9.591248973,402.01075,584806400.0,557.71484375,6.497725486755371,507.6365575790405
1115,R6,OBLIQUE-STATIONARY-NONE,75,594ff4e5c4de9e9c,PERSIST,0.22949999999999998,65312520.0,0.0,842312.5,4841539.0,391699267.0,623494.5,65312520.0,9645103500.0,8680023870.5,9.6451035,8.6800238705,421.15625,517722112.0,493.73828125,4.617251396179199,373.5535306930542
1115,R6,OBLIQUE-STATIONARY-NONE,75,594ff4e5c4de9e9c,POPULATION-RESEED,0.226,65312520.0,5543.0,763874.0,6012195.0,489550227.0,657866.5,65318063.0,10138038500.0,9165999948.0,10.1380385,9.165999948,381.937,606359552.0,578.26953125,5.733675956726074,466.8714780807495
1116,R6,OBLIQUE-STATIONARY-NONE,76,f6291bf850821ac2,CHAMPION-RESEED,0.24075,65312520.0,36.0,769373.0,5386462.0,441561883.5,611891.5,65312556.0,9523082000.0,8578408713.0,9.523082,8.578408713,384.6865,541792256.0,516.693359375,5.136930465698242,421.1062273979187
1116,R6,OBLIQUE-STATIONARY-NONE,76,f6291bf850821ac2,PERSIST,0.23225,65312520.0,0.0,784675.5,4818829.5,383562842.5,609814.5,65312520.0,9665701000.0,8595113638.0,9.665701,8.595113638,392.33775,485775360.0,463.271484375,4.5955939292907715,365.79403162002563
1116,R6,OBLIQUE-STATIONARY-NONE,76,f6291bf850821ac2,POPULATION-RESEED,0.23525000000000001,65312520.0,5245.0,749094.5,5633266.5,434388665.5,587159.5,65317765.0,9470608500.0,8483803435.0,9.4706085,8.483803435,374.54725,554180608.0,528.5078125,5.3723015785217285,414.2653136253357
1117,R6,OBLIQUE-STATIONARY-NONE,77,1aae5cbe575492ac,CHAMPION-RESEED,0.2555,65312520.0,23.0,826113.0,3565465.5,304486235.0,433412.0,65312543.0,7433957500.0,6855102475.0,7.4339575,6.855102475,413.0565,449185792.0,428.376953125,3.4002928733825684,290.3807020187378
1117,R6,OBLIQUE-STATIONARY-NONE,77,1aae5cbe575492ac,PERSIST,0.24575,65312520.0,0.0,813407.5,3685084.5,275673923.5,443719.5,65312520.0,7696422000.0,7016940766.0,7.696422,7.016940766,406.70375,441059328.0,420.626953125,3.5143704414367676,262.90314054489136
1117,R6,OBLIQUE-STATIONARY-NONE,77,1aae5cbe575492ac,POPULATION-RESEED,0.24175,65312520.0,3962.0,764247.0,4054613.5,330635264.0,455430.5,65316482.0,7705306500.0,7074438484.0,7.7053065,7.074438484,382.1235,466657280.0,445.0390625,3.8667807579040527,315.318359375
1118,R6,OBLIQUE-STATIONARY-NONE,78,228577ac7820f35f,CHAMPION-RESEED,0.26225,65312520.0,37.0,751738.0,3963879.0,394560586.0,551617.5,65312557.0,8508876000.0,7904738653.0,8.508876,7.904738653,375.869,451106816.0,430.208984375,3.78024959564209,376.2822971343994
1118,R6,OBLIQUE-STATIONARY-NONE,78,228577ac7820f35f,PERSIST,0.25375000000000003,65312520.0,0.0,833035.5,3638252.0,294352797.0,470664.0,65312520.0,7634972500.0,7095998652.5,7.6349725,7.0959986525,416.51775,435869696.0,415.677734375,3.469707489013672,280.7167024612427
1118,R6,OBLIQUE-STATIONARY-NONE,78,228577ac7820f35f,POPULATION-RESEED,0.261,65312520.0,4143.0,718333.5,4621509.0,355053321.5,486994.5,65316663.0,8018471000.0,7479633788.5,8.018471,7.4796337885,359.16675,475209728.0,453.1953125,4.407414436340332,338.605233669281
1119,R6,OBLIQUE-STATIONARY-NONE,79,8582d04b948ad25e,CHAMPION-RESEED,0.26575000000000004,65312520.0,35.0,847121.0,4523510.5,406539811.0,566236.0,65312555.0,9293931500.0,8369240796.5,9.2939315,8.3692407965,423.5605,449918976.0,429.076171875,4.313955783843994,387.7065763473511
1119,R6,OBLIQUE-STATIONARY-NONE,79,8582d04b948ad25e,PERSIST,0.266,65312520.0,0.0,819947.5,4275834.5,333418723.5,530483.5,65312520.0,8848724000.0,7969786926.0,8.848724,7.969786926,409.97375,435718144.0,415.533203125,4.07775354385376,317.972873210907
1119,R6,OBLIQUE-STATIONARY-NONE,79,8582d04b948ad25e,POPULATION-RESEED,0.263,65312520.0,4885.0,759527.0,4188316.0,376744644.0,515110.0,65317405.0,8868681000.0,7978319395.5,8.868681,7.9783193955,379.7635,469260288.0,447.521484375,3.9942893981933594,359.291690826416
