scenario_id	realisation	source_address	source_key_hex	optimizer_address	optimizer_key_hex
LOCAL_TREE-ABRUPT-MILD	0	DT-I05-NST-v1|EXT|SOURCE|scenario=LOCAL_TREE-ABRUPT-MILD|r=000	8f2ae83afa1a570d	DT-I05-NST-v1|EXT|OPTIMISER|stream=8f2ae83afa1a570d	a5657c24180b5bd4
LOCAL_TREE-ABRUPT-MILD	1	DT-I05-NST-v1|EXT|SOURCE|scenario=LOCAL_TREE-ABRUPT-MILD|r=001	cb3b07306b3d2e5e	DT-I05-NST-v1|EXT|OPTIMISER|stream=cb3b07306b3d2e5e	b87f437825e3c1f9
LOCAL_TREE-ABRUPT-MILD	2	DT-I05-NST-v1|EXT|SOURCE|scenario=LOCAL_TREE-ABRUPT-MILD|r=002	3fbfaf24ffcac63f	DT-I05-NST-v1|EXT|OPTIMISER|stream=3fbfaf24ffcac63f	42e904183f592895
LOCAL_TREE-ABRUPT-MILD	3	DT-I05-NST-v1|EXT|SOURCE|scenario=LOCAL_TREE-ABRUPT-MILD|r=003	4a095eb338e9fc87	DT-I05-NST-v1|EXT|OPTIMISER|stream=4a095eb338e9fc87	f3beeb56c85850d2
LOCAL_TREE-ABRUPT-MILD	4	DT-I05-NST-v1|EXT|SOURCE|scenario=LOCAL_TREE-ABRUPT-MILD|r=004	c80c51e322fb43ad	DT-I05-NST-v1|EXT|OPTIMISER|stream=c80c51e322fb43ad	72b42b7e11e11886
LOCAL_TREE-ABRUPT-MILD	5	DT-I05-NST-v1|EXT|SOURCE|scenario=LOCAL_TREE-ABRUPT-MILD|r=005	8f6c8c9e68efedf0	DT-I05-NST-v1|EXT|OPTIMISER|stream=8f6c8c9e68efedf0	be8cdceb5ac0de2c
LOCAL_TREE-ABRUPT-MILD	6	DT-I05-NST-v1|EXT|SOURCE|scenario=LOCAL_TREE-ABRUPT-MILD|r=006	710575c1949242da	DT-I05-NST-v1|EXT|OPTIMISER|stream=710575c1949242da	ee88e7d314029316
LOCAL_TREE-ABRUPT-MILD	7	DT-I05-NST-v1|EXT|SOURCE|scenario=LOCAL_TREE-ABRUPT-MILD|r=007	1531ad51d956ace2	DT-I05-NST-v1|EXT|OPTIMISER|stream=1531ad51d956ace2	fd875fed17d44f34
LOCAL_TREE-ABRUPT-MILD	8	DT-I05-NST-v1|EXT|SOURCE|scenario=LOCAL_TREE-ABRUPT-MILD|r=008	be4e11ae2f5392a7	DT-I05-NST-v1|EXT|OPTIMISER|stream=be4e11ae2f5392a7	c2f4a6f405da8484
LOCAL_TREE-ABRUPT-MILD	9	DT-I05-NST-v1|EXT|SOURCE|scenario=LOCAL_TREE-ABRUPT-MILD|r=009	383e433a91be0ac9	DT-I05-NST-v1|EXT|OPTIMISER|stream=383e433a91be0ac9	64bf56142e2f8b6c
LOCAL_TREE-ABRUPT-MILD	10	DT-I05-NST-v1|EXT|SOURCE|scenario=LOCAL_TREE-ABRUPT-MILD|r=010	d188b7b49d9a3543	DT-I05-NST-v1|EXT|OPTIMISER|stream=d188b7b49d9a3543	ca30aec82bad0547
LOCAL_TREE-ABRUPT-MILD	11	DT-I05-NST-v1|EXT|SOURCE|scenario=LOCAL_TREE-ABRUPT-MILD|r=011	a064395a75d0d984	DT-I05-NST-v1|EXT|OPTIMISER|stream=a064395a75d0d984	4c58737359485f70
LOCAL_TREE-ABRUPT-MILD	12	DT-I05-NST-v1|EXT|SOURCE|scenario=LOCAL_TREE-ABRUPT-MILD|r=012	6fc62b2bbdc6ae5f	DT-I05-NST-v1|EXT|OPTIMISER|stream=6fc62b2bbdc6ae5f	a72c6d9c224d1a1f
LOCAL_TREE-ABRUPT-MILD	13	DT-I05-NST-v1|EXT|SOURCE|scenario=LOCAL_TREE-ABRUPT-MILD|r=013	4b273a87ee2538d4	DT-I05-NST-v1|EXT|OPTIMISER|stream=4b273a87ee2538d4	ba0bf858a402184f
LOCAL_TREE-ABRUPT-MILD	14	DT-I05-NST-v1|EXT|SOURCE|scenario=LOCAL_TREE-ABRUPT-MILD|r=014	ba196882233aed67	DT-I05-NST-v1|EXT|OPTIMISER|stream=ba196882233aed67	c1d299a845cc5598
LOCAL_TREE-ABRUPT-MILD	15	DT-I05-NST-v1|EXT|SOURCE|scenario=LOCAL_TREE-ABRUPT-MILD|r=015	1dfb56693f613b14	DT-I05-NST-v1|EXT|OPTIMISER|stream=1dfb56693f613b14	138d33d81ce676e6
LOCAL_TREE-ABRUPT-MILD	16	DT-I05-NST-v1|EXT|SOURCE|scenario=LOCAL_TREE-ABRUPT-MILD|r=016	1b674c12bdc05937	DT-I05-NST-v1|EXT|OPTIMISER|stream=1b674c12bdc05937	541da406a63af2bf
LOCAL_TREE-ABRUPT-MILD	17	DT-I05-NST-v1|EXT|SOURCE|scenario=LOCAL_TREE-ABRUPT-MILD|r=017	22d82e5a62212329	DT-I05-NST-v1|EXT|OPTIMISER|stream=22d82e5a62212329	aca8fff521cdbea2
LOCAL_TREE-ABRUPT-MILD	18	DT-I05-NST-v1|EXT|SOURCE|scenario=LOCAL_TREE-ABRUPT-MILD|r=018	59a6bbb7bc0944d2	DT-I05-NST-v1|EXT|OPTIMISER|stream=59a6bbb7bc0944d2	ae0a23d02adba7cc
LOCAL_TREE-ABRUPT-MILD	19	DT-I05-NST-v1|EXT|SOURCE|scenario=LOCAL_TREE-ABRUPT-MILD|r=019	9df7c5fefa1870fb	DT-I05-NST-v1|EXT|OPTIMISER|stream=9df7c5fefa1870fb	679c5e67bd5d09f3
LOCAL_TREE-ABRUPT-MILD	20	DT-I05-NST-v1|EXT|SOURCE|scenario=LOCAL_TREE-ABRUPT-MILD|r=020	a0b171d6068ce7b1	DT-I05-NST-v1|EXT|OPTIMISER|stream=a0b171d6068ce7b1	cd4c46ac46ace9cc
LOCAL_TREE-ABRUPT-MILD	21	DT-I05-NST-v1|EXT|SOURCE|scenario=LOCAL_TREE-ABRUPT-MILD|r=021	60ba6792481e3d94	DT-I05-NST-v1|EXT|OPTIMISER|stream=60ba6792481e3d94	e15abcc6a8e1106f
LOCAL_TREE-ABRUPT-MILD	22	DT-I05-NST-v1|EXT|SOURCE|scenario=LOCAL_TREE-ABRUPT-MILD|r=022	9a798b3ce06ea41d	DT-I05-NST-v1|EXT|OPTIMISER|stream=9a798b3ce06ea41d	3bacacafc2f8c333
LOCAL_TREE-ABRUPT-MILD	23	DT-I05-NST-v1|EXT|SOURCE|scenario=LOCAL_TREE-ABRUPT-MILD|r=023	f13feb1613076d84	DT-I05-NST-v1|EXT|OPTIMISER|stream=f13feb1613076d84	5dd674f21f34e3b9
LOCAL_TREE-ABRUPT-MILD	24	DT-I05-NST-v1|EXT|SOURCE|scenario=LOCAL_TREE-ABRUPT-MILD|r=024	51dc37f955a5bb25	DT-I05-NST-v1|EXT|OPTIMISER|stream=51dc37f955a5bb25	f43f933c2e8dea9b
LOCAL_TREE-ABRUPT-MILD	25	DT-I05-NST-v1|EXT|SOURCE|scenario=LOCAL_TREE-ABRUPT-MILD|r=025	a62718ee4daf6c9e	DT-I05-NST-v1|EXT|OPTIMISER|stream=a62718ee4daf6c9e	77cabc32b0ab4af0
LOCAL_TREE-ABRUPT-MILD	26	DT-I05-NST-v1|EXT|SOURCE|scenario=LOCAL_TREE-ABRUPT-MILD|r=026	91636300f6cfeae8	DT-I05-NST-v1|EXT|OPTIMISER|stream=91636300f6cfeae8	40453b8315d3f35e
LOCAL_TREE-ABRUPT-MILD	27	DT-I05-NST-v1|EXT|SOURCE|scenario=LOCAL_TREE-ABRUPT-MILD|r=027	7eaa14426448eded	DT-I05-NST-v1|EXT|OPTIMISER|stream=7eaa14426448eded	37beb5b89af558e8
LOCAL_TREE-ABRUPT-MILD	28	DT-I05-NST-v1|EXT|SOURCE|scenario=LOCAL_TREE-ABRUPT-MILD|r=028	a72310b57b4642d8	DT-I05-NST-v1|EXT|OPTIMISER|stream=a72310b57b4642d8	3925a4065a46610f
LOCAL_TREE-ABRUPT-MILD	29	DT-I05-NST-v1|EXT|SOURCE|scenario=LOCAL_TREE-ABRUPT-MILD|r=029	5e8a158b01099ab0	DT-I05-NST-v1|EXT|OPTIMISER|stream=5e8a158b01099ab0	0c8540e4abd6fc64
LOCAL_TREE-ABRUPT-MILD	30	DT-I05-NST-v1|EXT|SOURCE|scenario=LOCAL_TREE-ABRUPT-MILD|r=030	33a704d8ec199b57	DT-I05-NST-v1|EXT|OPTIMISER|stream=33a704d8ec199b57	8038378b33546d1d
LOCAL_TREE-ABRUPT-MILD	31	DT-I05-NST-v1|EXT|SOURCE|scenario=LOCAL_TREE-ABRUPT-MILD|r=031	1ad55cd4beccbed3	DT-I05-NST-v1|EXT|OPTIMISER|stream=1ad55cd4beccbed3	6f1ceba245afcb49
LOCAL_TREE-ABRUPT-MILD	32	DT-I05-NST-v1|EXT|SOURCE|scenario=LOCAL_TREE-ABRUPT-MILD|r=032	e3a563e0a2ca9966	DT-I05-NST-v1|EXT|OPTIMISER|stream=e3a563e0a2ca9966	45668e91d08d17f5
LOCAL_TREE-ABRUPT-MILD	33	DT-I05-NST-v1|EXT|SOURCE|scenario=LOCAL_TREE-ABRUPT-MILD|r=033	9989040256965081	DT-I05-NST-v1|EXT|OPTIMISER|stream=9989040256965081	fab03173555a3b53
LOCAL_TREE-ABRUPT-MILD	34	DT-I05-NST-v1|EXT|SOURCE|scenario=LOCAL_TREE-ABRUPT-MILD|r=034	deb08f5626d1b684	DT-I05-NST-v1|EXT|OPTIMISER|stream=deb08f5626d1b684	d106fa942d27ed81
LOCAL_TREE-ABRUPT-MILD	35	DT-I05-NST-v1|EXT|SOURCE|scenario=LOCAL_TREE-ABRUPT-MILD|r=035	20a8a3119b5b0f7f	DT-I05-NST-v1|EXT|OPTIMISER|stream=20a8a3119b5b0f7f	d67a3740d8e06ff4
LOCAL_TREE-ABRUPT-MILD	36	DT-I05-NST-v1|EXT|SOURCE|scenario=LOCAL_TREE-ABRUPT-MILD|r=036	62f3159c883a03e4	DT-I05-NST-v1|EXT|OPTIMISER|stream=62f3159c883a03e4	16101d728ad400c5
LOCAL_TREE-ABRUPT-MILD	37	DT-I05-NST-v1|EXT|SOURCE|scenario=LOCAL_TREE-ABRUPT-MILD|r=037	5cec04b0201ca041	DT-I05-NST-v1|EXT|OPTIMISER|stream=5cec04b0201ca041	d2992d7b46005379
LOCAL_TREE-ABRUPT-MILD	38	DT-I05-NST-v1|EXT|SOURCE|scenario=LOCAL_TREE-ABRUPT-MILD|r=038	74b1b63fd025cc0f	DT-I05-NST-v1|EXT|OPTIMISER|stream=74b1b63fd025cc0f	f9cdfd798846f9d5
LOCAL_TREE-ABRUPT-MILD	39	DT-I05-NST-v1|EXT|SOURCE|scenario=LOCAL_TREE-ABRUPT-MILD|r=039	b33d2fb0ef608bf5	DT-I05-NST-v1|EXT|OPTIMISER|stream=b33d2fb0ef608bf5	532d26b3f37078ce
LOCAL_TREE-ABRUPT-MILD	40	DT-I05-NST-v1|EXT|SOURCE|scenario=LOCAL_TREE-ABRUPT-MILD|r=040	a689172141763a3e	DT-I05-NST-v1|EXT|OPTIMISER|stream=a689172141763a3e	dc20465b170de7ab
LOCAL_TREE-ABRUPT-MILD	41	DT-I05-NST-v1|EXT|SOURCE|scenario=LOCAL_TREE-ABRUPT-MILD|r=041	6304368867c7f17e	DT-I05-NST-v1|EXT|OPTIMISER|stream=6304368867c7f17e	7a6b7edf931d1cd4
LOCAL_TREE-ABRUPT-MILD	42	DT-I05-NST-v1|EXT|SOURCE|scenario=LOCAL_TREE-ABRUPT-MILD|r=042	c7928f7be9e88b79	DT-I05-NST-v1|EXT|OPTIMISER|stream=c7928f7be9e88b79	17131b8b54d4463c
LOCAL_TREE-ABRUPT-MILD	43	DT-I05-NST-v1|EXT|SOURCE|scenario=LOCAL_TREE-ABRUPT-MILD|r=043	0cca2f69e6e4da2b	DT-I05-NST-v1|EXT|OPTIMISER|stream=0cca2f69e6e4da2b	0dc80e99f6e8138b
LOCAL_TREE-ABRUPT-MILD	44	DT-I05-NST-v1|EXT|SOURCE|scenario=LOCAL_TREE-ABRUPT-MILD|r=044	75ce061d0d28f743	DT-I05-NST-v1|EXT|OPTIMISER|stream=75ce061d0d28f743	06df074769544148
LOCAL_TREE-ABRUPT-MILD	45	DT-I05-NST-v1|EXT|SOURCE|scenario=LOCAL_TREE-ABRUPT-MILD|r=045	9a236436228937a2	DT-I05-NST-v1|EXT|OPTIMISER|stream=9a236436228937a2	1e5ea442957328d5
LOCAL_TREE-ABRUPT-MILD	46	DT-I05-NST-v1|EXT|SOURCE|scenario=LOCAL_TREE-ABRUPT-MILD|r=046	0d5357911c5c61c1	DT-I05-NST-v1|EXT|OPTIMISER|stream=0d5357911c5c61c1	61348c23c479d5ba
LOCAL_TREE-ABRUPT-MILD	47	DT-I05-NST-v1|EXT|SOURCE|scenario=LOCAL_TREE-ABRUPT-MILD|r=047	1e9fbd7fc77879db	DT-I05-NST-v1|EXT|OPTIMISER|stream=1e9fbd7fc77879db	d01f8aa1a5596d8c
LOCAL_TREE-ABRUPT-MILD	48	DT-I05-NST-v1|EXT|SOURCE|scenario=LOCAL_TREE-ABRUPT-MILD|r=048	54ef87e745e70fd4	DT-I05-NST-v1|EXT|OPTIMISER|stream=54ef87e745e70fd4	8318a13e82301b0c
LOCAL_TREE-ABRUPT-MILD	49	DT-I05-NST-v1|EXT|SOURCE|scenario=LOCAL_TREE-ABRUPT-MILD|r=049	85291e0f268a8327	DT-I05-NST-v1|EXT|OPTIMISER|stream=85291e0f268a8327	66199840c86170d3
LOCAL_TREE-ABRUPT-MILD	50	DT-I05-NST-v1|EXT|SOURCE|scenario=LOCAL_TREE-ABRUPT-MILD|r=050	bc795ce538386dfd	DT-I05-NST-v1|EXT|OPTIMISER|stream=bc795ce538386dfd	e16cb9ec0f857a0b
LOCAL_TREE-ABRUPT-MILD	51	DT-I05-NST-v1|EXT|SOURCE|scenario=LOCAL_TREE-ABRUPT-MILD|r=051	ba6d8f413151696c	DT-I05-NST-v1|EXT|OPTIMISER|stream=ba6d8f413151696c	b6f5f5438c117517
LOCAL_TREE-ABRUPT-MILD	52	DT-I05-NST-v1|EXT|SOURCE|scenario=LOCAL_TREE-ABRUPT-MILD|r=052	81089f4904c3349d	DT-I05-NST-v1|EXT|OPTIMISER|stream=81089f4904c3349d	d180a161c3c119a1
LOCAL_TREE-ABRUPT-MILD	53	DT-I05-NST-v1|EXT|SOURCE|scenario=LOCAL_TREE-ABRUPT-MILD|r=053	6c748b28180c8cbd	DT-I05-NST-v1|EXT|OPTIMISER|stream=6c748b28180c8cbd	22d7795fd91a10da
LOCAL_TREE-ABRUPT-MILD	54	DT-I05-NST-v1|EXT|SOURCE|scenario=LOCAL_TREE-ABRUPT-MILD|r=054	7ba082fe44e02428	DT-I05-NST-v1|EXT|OPTIMISER|stream=7ba082fe44e02428	4ce610c810c6ea41
LOCAL_TREE-ABRUPT-MILD	55	DT-I05-NST-v1|EXT|SOURCE|scenario=LOCAL_TREE-ABRUPT-MILD|r=055	f5950db4e06426e9	DT-I05-NST-v1|EXT|OPTIMISER|stream=f5950db4e06426e9	6c3b6d9b2085aa4b
LOCAL_TREE-ABRUPT-MILD	56	DT-I05-NST-v1|EXT|SOURCE|scenario=LOCAL_TREE-ABRUPT-MILD|r=056	282e7e484a9bc82b	DT-I05-NST-v1|EXT|OPTIMISER|stream=282e7e484a9bc82b	8d83c5929751a939
LOCAL_TREE-ABRUPT-MILD	57	DT-I05-NST-v1|EXT|SOURCE|scenario=LOCAL_TREE-ABRUPT-MILD|r=057	d8e83fc22df40e19	DT-I05-NST-v1|EXT|OPTIMISER|stream=d8e83fc22df40e19	d3f12e010fcb5424
LOCAL_TREE-ABRUPT-MILD	58	DT-I05-NST-v1|EXT|SOURCE|scenario=LOCAL_TREE-ABRUPT-MILD|r=058	711a24bf8d1f4f55	DT-I05-NST-v1|EXT|OPTIMISER|stream=711a24bf8d1f4f55	8d3e4dcc16820df4
LOCAL_TREE-ABRUPT-MILD	59	DT-I05-NST-v1|EXT|SOURCE|scenario=LOCAL_TREE-ABRUPT-MILD|r=059	405928e25e53acb5	DT-I05-NST-v1|EXT|OPTIMISER|stream=405928e25e53acb5	d18e810c52d90319
LOCAL_TREE-ABRUPT-MILD	60	DT-I05-NST-v1|EXT|SOURCE|scenario=LOCAL_TREE-ABRUPT-MILD|r=060	ec70c1c268d2bdd7	DT-I05-NST-v1|EXT|OPTIMISER|stream=ec70c1c268d2bdd7	bad7c61e680b0e9e
LOCAL_TREE-ABRUPT-MILD	61	DT-I05-NST-v1|EXT|SOURCE|scenario=LOCAL_TREE-ABRUPT-MILD|r=061	5684bc99b2f6ad0b	DT-I05-NST-v1|EXT|OPTIMISER|stream=5684bc99b2f6ad0b	89ea30e10d9e12bc
LOCAL_TREE-ABRUPT-MILD	62	DT-I05-NST-v1|EXT|SOURCE|scenario=LOCAL_TREE-ABRUPT-MILD|r=062	4f872e3d578cdc68	DT-I05-NST-v1|EXT|OPTIMISER|stream=4f872e3d578cdc68	160c958754349586
LOCAL_TREE-ABRUPT-MILD	63	DT-I05-NST-v1|EXT|SOURCE|scenario=LOCAL_TREE-ABRUPT-MILD|r=063	8ede2d78c604fe1d	DT-I05-NST-v1|EXT|OPTIMISER|stream=8ede2d78c604fe1d	9126c4a00630ff6e
LOCAL_TREE-ABRUPT-MILD	64	DT-I05-NST-v1|EXT|SOURCE|scenario=LOCAL_TREE-ABRUPT-MILD|r=064	bbc168cd63d35e92	DT-I05-NST-v1|EXT|OPTIMISER|stream=bbc168cd63d35e92	81edbd6f4dbfbbf2
LOCAL_TREE-ABRUPT-MILD	65	DT-I05-NST-v1|EXT|SOURCE|scenario=LOCAL_TREE-ABRUPT-MILD|r=065	0ef26de62f659ca1	DT-I05-NST-v1|EXT|OPTIMISER|stream=0ef26de62f659ca1	058b94646e912850
LOCAL_TREE-ABRUPT-MILD	66	DT-I05-NST-v1|EXT|SOURCE|scenario=LOCAL_TREE-ABRUPT-MILD|r=066	1856361c03d3516c	DT-I05-NST-v1|EXT|OPTIMISER|stream=1856361c03d3516c	c593a881b2d356df
LOCAL_TREE-ABRUPT-MILD	67	DT-I05-NST-v1|EXT|SOURCE|scenario=LOCAL_TREE-ABRUPT-MILD|r=067	6cdd974609fc38a5	DT-I05-NST-v1|EXT|OPTIMISER|stream=6cdd974609fc38a5	a81271b6c6e0709f
LOCAL_TREE-ABRUPT-MILD	68	DT-I05-NST-v1|EXT|SOURCE|scenario=LOCAL_TREE-ABRUPT-MILD|r=068	0a90a978ea3282ed	DT-I05-NST-v1|EXT|OPTIMISER|stream=0a90a978ea3282ed	e88b655a47426a2f
LOCAL_TREE-ABRUPT-MILD	69	DT-I05-NST-v1|EXT|SOURCE|scenario=LOCAL_TREE-ABRUPT-MILD|r=069	bc715b2227cb46dc	DT-I05-NST-v1|EXT|OPTIMISER|stream=bc715b2227cb46dc	3c087d238b7b9487
LOCAL_TREE-ABRUPT-MILD	70	DT-I05-NST-v1|EXT|SOURCE|scenario=LOCAL_TREE-ABRUPT-MILD|r=070	e09fb599d905d2d3	DT-I05-NST-v1|EXT|OPTIMISER|stream=e09fb599d905d2d3	71d4dcda2c4fe41a
LOCAL_TREE-ABRUPT-MILD	71	DT-I05-NST-v1|EXT|SOURCE|scenario=LOCAL_TREE-ABRUPT-MILD|r=071	c512eb173d06e372	DT-I05-NST-v1|EXT|OPTIMISER|stream=c512eb173d06e372	84279629ff0c2eaa
LOCAL_TREE-ABRUPT-MILD	72	DT-I05-NST-v1|EXT|SOURCE|scenario=LOCAL_TREE-ABRUPT-MILD|r=072	cca191c0c0c73a9b	DT-I05-NST-v1|EXT|OPTIMISER|stream=cca191c0c0c73a9b	51f2f6f4af84d294
LOCAL_TREE-ABRUPT-MILD	73	DT-I05-NST-v1|EXT|SOURCE|scenario=LOCAL_TREE-ABRUPT-MILD|r=073	f795d7faf33d8006	DT-I05-NST-v1|EXT|OPTIMISER|stream=f795d7faf33d8006	4a2473c32084a9fa
LOCAL_TREE-ABRUPT-MILD	74	DT-I05-NST-v1|EXT|SOURCE|scenario=LOCAL_TREE-ABRUPT-MILD|r=074	a89f71da19d31ac1	DT-I05-NST-v1|EXT|OPTIMISER|stream=a89f71da19d31ac1	ff92a6d1d633cd94
LOCAL_TREE-ABRUPT-MILD	75	DT-I05-NST-v1|EXT|SOURCE|scenario=LOCAL_TREE-ABRUPT-MILD|r=075	87ed9a0dff1d2606	DT-I05-NST-v1|EXT|OPTIMISER|stream=87ed9a0dff1d2606	c5e19ed896e3ef6a
LOCAL_TREE-ABRUPT-MILD	76	DT-I05-NST-v1|EXT|SOURCE|scenario=LOCAL_TREE-ABRUPT-MILD|r=076	498cc793a25f749c	DT-I05-NST-v1|EXT|OPTIMISER|stream=498cc793a25f749c	4cbf3b8f35099702
LOCAL_TREE-ABRUPT-MILD	77	DT-I05-NST-v1|EXT|SOURCE|scenario=LOCAL_TREE-ABRUPT-MILD|r=077	6bef99dae24212d2	DT-I05-NST-v1|EXT|OPTIMISER|stream=6bef99dae24212d2	29fdd1c85fa68208
LOCAL_TREE-ABRUPT-MILD	78	DT-I05-NST-v1|EXT|SOURCE|scenario=LOCAL_TREE-ABRUPT-MILD|r=078	177072c12df34fbb	DT-I05-NST-v1|EXT|OPTIMISER|stream=177072c12df34fbb	f2eba46dc734842b
LOCAL_TREE-ABRUPT-MILD	79	DT-I05-NST-v1|EXT|SOURCE|scenario=LOCAL_TREE-ABRUPT-MILD|r=079	c46af31cb911ae67	DT-I05-NST-v1|EXT|OPTIMISER|stream=c46af31cb911ae67	6a9b8c5e9f289979
LOCAL_TREE-ABRUPT-SEVERE	0	DT-I05-NST-v1|EXT|SOURCE|scenario=LOCAL_TREE-ABRUPT-SEVERE|r=000	4af2cff11627bf0d	DT-I05-NST-v1|EXT|OPTIMISER|stream=4af2cff11627bf0d	fbc664fa5040c799
LOCAL_TREE-ABRUPT-SEVERE	1	DT-I05-NST-v1|EXT|SOURCE|scenario=LOCAL_TREE-ABRUPT-SEVERE|r=001	e9728786307f119e	DT-I05-NST-v1|EXT|OPTIMISER|stream=e9728786307f119e	56669d1d6602a5e5
LOCAL_TREE-ABRUPT-SEVERE	2	DT-I05-NST-v1|EXT|SOURCE|scenario=LOCAL_TREE-ABRUPT-SEVERE|r=002	aeddaa7596a82c02	DT-I05-NST-v1|EXT|OPTIMISER|stream=aeddaa7596a82c02	3826d5365414f277
LOCAL_TREE-ABRUPT-SEVERE	3	DT-I05-NST-v1|EXT|SOURCE|scenario=LOCAL_TREE-ABRUPT-SEVERE|r=003	63798eff613f3d2f	DT-I05-NST-v1|EXT|OPTIMISER|stream=63798eff613f3d2f	ff818e9b8d1697a6
LOCAL_TREE-ABRUPT-SEVERE	4	DT-I05-NST-v1|EXT|SOURCE|scenario=LOCAL_TREE-ABRUPT-SEVERE|r=004	268bc2ab9aa2d0f3	DT-I05-NST-v1|EXT|OPTIMISER|stream=268bc2ab9aa2d0f3	d70ff366b27f22e6
LOCAL_TREE-ABRUPT-SEVERE	5	DT-I05-NST-v1|EXT|SOURCE|scenario=LOCAL_TREE-ABRUPT-SEVERE|r=005	44699cc426e09db9	DT-I05-NST-v1|EXT|OPTIMISER|stream=44699cc426e09db9	c9fc18179b032dba
LOCAL_TREE-ABRUPT-SEVERE	6	DT-I05-NST-v1|EXT|SOURCE|scenario=LOCAL_TREE-ABRUPT-SEVERE|r=006	ef51b0037773e10f	DT-I05-NST-v1|EXT|OPTIMISER|stream=ef51b0037773e10f	29c055827c0ff74b
LOCAL_TREE-ABRUPT-SEVERE	7	DT-I05-NST-v1|EXT|SOURCE|scenario=LOCAL_TREE-ABRUPT-SEVERE|r=007	66f3a5c7e816b783	DT-I05-NST-v1|EXT|OPTIMISER|stream=66f3a5c7e816b783	3968428a3f83d897
LOCAL_TREE-ABRUPT-SEVERE	8	DT-I05-NST-v1|EXT|SOURCE|scenario=LOCAL_TREE-ABRUPT-SEVERE|r=008	f74149482cbb9a58	DT-I05-NST-v1|EXT|OPTIMISER|stream=f74149482cbb9a58	fc7056b013bb789c
LOCAL_TREE-ABRUPT-SEVERE	9	DT-I05-NST-v1|EXT|SOURCE|scenario=LOCAL_TREE-ABRUPT-SEVERE|r=009	e8acd1c7241c291f	DT-I05-NST-v1|EXT|OPTIMISER|stream=e8acd1c7241c291f	0e2f1c5385367f1f
LOCAL_TREE-ABRUPT-SEVERE	10	DT-I05-NST-v1|EXT|SOURCE|scenario=LOCAL_TREE-ABRUPT-SEVERE|r=010	01773983eac6e95b	DT-I05-NST-v1|EXT|OPTIMISER|stream=01773983eac6e95b	e0843b14fe974d30
LOCAL_TREE-ABRUPT-SEVERE	11	DT-I05-NST-v1|EXT|SOURCE|scenario=LOCAL_TREE-ABRUPT-SEVERE|r=011	b11079d43fd7f990	DT-I05-NST-v1|EXT|OPTIMISER|stream=b11079d43fd7f990	901e6db1ce0c8d22
LOCAL_TREE-ABRUPT-SEVERE	12	DT-I05-NST-v1|EXT|SOURCE|scenario=LOCAL_TREE-ABRUPT-SEVERE|r=012	1c8cf66ede87d094	DT-I05-NST-v1|EXT|OPTIMISER|stream=1c8cf66ede87d094	d6ab57564962b708
LOCAL_TREE-ABRUPT-SEVERE	13	DT-I05-NST-v1|EXT|SOURCE|scenario=LOCAL_TREE-ABRUPT-SEVERE|r=013	51e06319efadeaa0	DT-I05-NST-v1|EXT|OPTIMISER|stream=51e06319efadeaa0	9b14759d96736d77
LOCAL_TREE-ABRUPT-SEVERE	14	DT-I05-NST-v1|EXT|SOURCE|scenario=LOCAL_TREE-ABRUPT-SEVERE|r=014	34651f67b37cb895	DT-I05-NST-v1|EXT|OPTIMISER|stream=34651f67b37cb895	4329670455e74f72
LOCAL_TREE-ABRUPT-SEVERE	15	DT-I05-NST-v1|EXT|SOURCE|scenario=LOCAL_TREE-ABRUPT-SEVERE|r=015	42044306308bc86e	DT-I05-NST-v1|EXT|OPTIMISER|stream=42044306308bc86e	977d91c49ec72f24
LOCAL_TREE-ABRUPT-SEVERE	16	DT-I05-NST-v1|EXT|SOURCE|scenario=LOCAL_TREE-ABRUPT-SEVERE|r=016	e30bad2ee7e31384	DT-I05-NST-v1|EXT|OPTIMISER|stream=e30bad2ee7e31384	af0e3fb3842b79f7
LOCAL_TREE-ABRUPT-SEVERE	17	DT-I05-NST-v1|EXT|SOURCE|scenario=LOCAL_TREE-ABRUPT-SEVERE|r=017	363257dc5f1c346e	DT-I05-NST-v1|EXT|OPTIMISER|stream=363257dc5f1c346e	8dec7913c6e7b6b3
LOCAL_TREE-ABRUPT-SEVERE	18	DT-I05-NST-v1|EXT|SOURCE|scenario=LOCAL_TREE-ABRUPT-SEVERE|r=018	59c24e2074954613	DT-I05-NST-v1|EXT|OPTIMISER|stream=59c24e2074954613	09b9e52410df61b7
LOCAL_TREE-ABRUPT-SEVERE	19	DT-I05-NST-v1|EXT|SOURCE|scenario=LOCAL_TREE-ABRUPT-SEVERE|r=019	52512313e951a4b0	DT-I05-NST-v1|EXT|OPTIMISER|stream=52512313e951a4b0	13fe0f3581f31639
LOCAL_TREE-ABRUPT-SEVERE	20	DT-I05-NST-v1|EXT|SOURCE|scenario=LOCAL_TREE-ABRUPT-SEVERE|r=020	87dcd5f356f423fb	DT-I05-NST-v1|EXT|OPTIMISER|stream=87dcd5f356f423fb	a39a43f3f4c2c3b6
LOCAL_TREE-ABRUPT-SEVERE	21	DT-I05-NST-v1|EXT|SOURCE|scenario=LOCAL_TREE-ABRUPT-SEVERE|r=021	b2c22ac4bcaef029	DT-I05-NST-v1|EXT|OPTIMISER|stream=b2c22ac4bcaef029	5e7e50c191f0bcfd
LOCAL_TREE-ABRUPT-SEVERE	22	DT-I05-NST-v1|EXT|SOURCE|scenario=LOCAL_TREE-ABRUPT-SEVERE|r=022	3bab12cf14a11356	DT-I05-NST-v1|EXT|OPTIMISER|stream=3bab12cf14a11356	a0a1e76a0ef13631
LOCAL_TREE-ABRUPT-SEVERE	23	DT-I05-NST-v1|EXT|SOURCE|scenario=LOCAL_TREE-ABRUPT-SEVERE|r=023	33f5644126ac263f	DT-I05-NST-v1|EXT|OPTIMISER|stream=33f5644126ac263f	23cd249be8ebc4bb
LOCAL_TREE-ABRUPT-SEVERE	24	DT-I05-NST-v1|EXT|SOURCE|scenario=LOCAL_TREE-ABRUPT-SEVERE|r=024	e46474a7e951e359	DT-I05-NST-v1|EXT|OPTIMISER|stream=e46474a7e951e359	d301969300cf92c8
LOCAL_TREE-ABRUPT-SEVERE	25	DT-I05-NST-v1|EXT|SOURCE|scenario=LOCAL_TREE-ABRUPT-SEVERE|r=025	64aa355050705feb	DT-I05-NST-v1|EXT|OPTIMISER|stream=64aa355050705feb	cd428098f0d449f9
LOCAL_TREE-ABRUPT-SEVERE	26	DT-I05-NST-v1|EXT|SOURCE|scenario=LOCAL_TREE-ABRUPT-SEVERE|r=026	9a4ee481319d4b3f	DT-I05-NST-v1|EXT|OPTIMISER|stream=9a4ee481319d4b3f	3af36bfb6e09e90c
LOCAL_TREE-ABRUPT-SEVERE	27	DT-I05-NST-v1|EXT|SOURCE|scenario=LOCAL_TREE-ABRUPT-SEVERE|r=027	54719d90188bf976	DT-I05-NST-v1|EXT|OPTIMISER|stream=54719d90188bf976	f801356d6e2c7401
LOCAL_TREE-ABRUPT-SEVERE	28	DT-I05-NST-v1|EXT|SOURCE|scenario=LOCAL_TREE-ABRUPT-SEVERE|r=028	b2128b02b682e863	DT-I05-NST-v1|EXT|OPTIMISER|stream=b2128b02b682e863	e36467ffb41dc91a
LOCAL_TREE-ABRUPT-SEVERE	29	DT-I05-NST-v1|EXT|SOURCE|scenario=LOCAL_TREE-ABRUPT-SEVERE|r=029	9676648648defb68	DT-I05-NST-v1|EXT|OPTIMISER|stream=9676648648defb68	7c348382e1a2d368
LOCAL_TREE-ABRUPT-SEVERE	30	DT-I05-NST-v1|EXT|SOURCE|scenario=LOCAL_TREE-ABRUPT-SEVERE|r=030	02d69e6d4da16e48	DT-I05-NST-v1|EXT|OPTIMISER|stream=02d69e6d4da16e48	88cfb73c39e447df
LOCAL_TREE-ABRUPT-SEVERE	31	DT-I05-NST-v1|EXT|SOURCE|scenario=LOCAL_TREE-ABRUPT-SEVERE|r=031	29700829041a3273	DT-I05-NST-v1|EXT|OPTIMISER|stream=29700829041a3273	fecce966aff9f1c1
LOCAL_TREE-ABRUPT-SEVERE	32	DT-I05-NST-v1|EXT|SOURCE|scenario=LOCAL_TREE-ABRUPT-SEVERE|r=032	3d2531d020e62393	DT-I05-NST-v1|EXT|OPTIMISER|stream=3d2531d020e62393	7b43223d8f87b81f
LOCAL_TREE-ABRUPT-SEVERE	33	DT-I05-NST-v1|EXT|SOURCE|scenario=LOCAL_TREE-ABRUPT-SEVERE|r=033	4fdb037eb118468c	DT-I05-NST-v1|EXT|OPTIMISER|stream=4fdb037eb118468c	f6317ef2b1cf1200
LOCAL_TREE-ABRUPT-SEVERE	34	DT-I05-NST-v1|EXT|SOURCE|scenario=LOCAL_TREE-ABRUPT-SEVERE|r=034	66885b3b2157b2f4	DT-I05-NST-v1|EXT|OPTIMISER|stream=66885b3b2157b2f4	2a85780d18b1f805
LOCAL_TREE-ABRUPT-SEVERE	35	DT-I05-NST-v1|EXT|SOURCE|scenario=LOCAL_TREE-ABRUPT-SEVERE|r=035	872952251bb5a74b	DT-I05-NST-v1|EXT|OPTIMISER|stream=872952251bb5a74b	0019609a26cfb7b8
LOCAL_TREE-ABRUPT-SEVERE	36	DT-I05-NST-v1|EXT|SOURCE|scenario=LOCAL_TREE-ABRUPT-SEVERE|r=036	30bcf7d7ded0ad10	DT-I05-NST-v1|EXT|OPTIMISER|stream=30bcf7d7ded0ad10	0aeeb2bf4507ec85
LOCAL_TREE-ABRUPT-SEVERE	37	DT-I05-NST-v1|EXT|SOURCE|scenario=LOCAL_TREE-ABRUPT-SEVERE|r=037	20690295d5d79cba	DT-I05-NST-v1|EXT|OPTIMISER|stream=20690295d5d79cba	fbe33af7c0cc1967
LOCAL_TREE-ABRUPT-SEVERE	38	DT-I05-NST-v1|EXT|SOURCE|scenario=LOCAL_TREE-ABRUPT-SEVERE|r=038	8e562bc8e8e687e4	DT-I05-NST-v1|EXT|OPTIMISER|stream=8e562bc8e8e687e4	818fc57e07d6ddab
LOCAL_TREE-ABRUPT-SEVERE	39	DT-I05-NST-v1|EXT|SOURCE|scenario=LOCAL_TREE-ABRUPT-SEVERE|r=039	c8efce8cf24c15a5	DT-I05-NST-v1|EXT|OPTIMISER|stream=c8efce8cf24c15a5	835d65d537640f89
LOCAL_TREE-ABRUPT-SEVERE	40	DT-I05-NST-v1|EXT|SOURCE|scenario=LOCAL_TREE-ABRUPT-SEVERE|r=040	4a58b38fec93f43f	DT-I05-NST-v1|EXT|OPTIMISER|stream=4a58b38fec93f43f	99f4266f287e8f95
LOCAL_TREE-ABRUPT-SEVERE	41	DT-I05-NST-v1|EXT|SOURCE|scenario=LOCAL_TREE-ABRUPT-SEVERE|r=041	46a332c7662cc27c	DT-I05-NST-v1|EXT|OPTIMISER|stream=46a332c7662cc27c	f378e05c356c3e29
LOCAL_TREE-ABRUPT-SEVERE	42	DT-I05-NST-v1|EXT|SOURCE|scenario=LOCAL_TREE-ABRUPT-SEVERE|r=042	24b88b41c4738945	DT-I05-NST-v1|EXT|OPTIMISER|stream=24b88b41c4738945	77bbb4d30802fac4
LOCAL_TREE-ABRUPT-SEVERE	43	DT-I05-NST-v1|EXT|SOURCE|scenario=LOCAL_TREE-ABRUPT-SEVERE|r=043	b0a49b07857a23f2	DT-I05-NST-v1|EXT|OPTIMISER|stream=b0a49b07857a23f2	0a77478af26bff77
LOCAL_TREE-ABRUPT-SEVERE	44	DT-I05-NST-v1|EXT|SOURCE|scenario=LOCAL_TREE-ABRUPT-SEVERE|r=044	adc12e4d4050e8da	DT-I05-NST-v1|EXT|OPTIMISER|stream=adc12e4d4050e8da	1cc3d7ded63373ac
LOCAL_TREE-ABRUPT-SEVERE	45	DT-I05-NST-v1|EXT|SOURCE|scenario=LOCAL_TREE-ABRUPT-SEVERE|r=045	32571199f53473ac	DT-I05-NST-v1|EXT|OPTIMISER|stream=32571199f53473ac	76d67035e0c77f1e
LOCAL_TREE-ABRUPT-SEVERE	46	DT-I05-NST-v1|EXT|SOURCE|scenario=LOCAL_TREE-ABRUPT-SEVERE|r=046	ac2b75d14bada31b	DT-I05-NST-v1|EXT|OPTIMISER|stream=ac2b75d14bada31b	dec671b11f3df7f9
LOCAL_TREE-ABRUPT-SEVERE	47	DT-I05-NST-v1|EXT|SOURCE|scenario=LOCAL_TREE-ABRUPT-SEVERE|r=047	98d34460a75ff586	DT-I05-NST-v1|EXT|OPTIMISER|stream=98d34460a75ff586	c61ca26127e17394
LOCAL_TREE-ABRUPT-SEVERE	48	DT-I05-NST-v1|EXT|SOURCE|scenario=LOCAL_TREE-ABRUPT-SEVERE|r=048	553778999fdf1aa1	DT-I05-NST-v1|EXT|OPTIMISER|stream=553778999fdf1aa1	3870e60ae62db916
LOCAL_TREE-ABRUPT-SEVERE	49	DT-I05-NST-v1|EXT|SOURCE|scenario=LOCAL_TREE-ABRUPT-SEVERE|r=049	739cdf05be76e121	DT-I05-NST-v1|EXT|OPTIMISER|stream=739cdf05be76e121	2a1b6d1826bc58f1
LOCAL_TREE-ABRUPT-SEVERE	50	DT-I05-NST-v1|EXT|SOURCE|scenario=LOCAL_TREE-ABRUPT-SEVERE|r=050	057016131b9bd69a	DT-I05-NST-v1|EXT|OPTIMISER|stream=057016131b9bd69a	eb1f68e5069b552c
LOCAL_TREE-ABRUPT-SEVERE	51	DT-I05-NST-v1|EXT|SOURCE|scenario=LOCAL_TREE-ABRUPT-SEVERE|r=051	2b10209d247ddfec	DT-I05-NST-v1|EXT|OPTIMISER|stream=2b10209d247ddfec	80dacab4f307967b
LOCAL_TREE-ABRUPT-SEVERE	52	DT-I05-NST-v1|EXT|SOURCE|scenario=LOCAL_TREE-ABRUPT-SEVERE|r=052	d56d0ee70a80fcbe	DT-I05-NST-v1|EXT|OPTIMISER|stream=d56d0ee70a80fcbe	e91b0c3d82ce49dd
LOCAL_TREE-ABRUPT-SEVERE	53	DT-I05-NST-v1|EXT|SOURCE|scenario=LOCAL_TREE-ABRUPT-SEVERE|r=053	ba2fa1b58ff37d11	DT-I05-NST-v1|EXT|OPTIMISER|stream=ba2fa1b58ff37d11	de01da439a83c31a
LOCAL_TREE-ABRUPT-SEVERE	54	DT-I05-NST-v1|EXT|SOURCE|scenario=LOCAL_TREE-ABRUPT-SEVERE|r=054	6ae6f6220d21b7cb	DT-I05-NST-v1|EXT|OPTIMISER|stream=6ae6f6220d21b7cb	4fb01b0158c5873e
LOCAL_TREE-ABRUPT-SEVERE	55	DT-I05-NST-v1|EXT|SOURCE|scenario=LOCAL_TREE-ABRUPT-SEVERE|r=055	c809d62c6837f2c4	DT-I05-NST-v1|EXT|OPTIMISER|stream=c809d62c6837f2c4	a57ff1fdc8e9bcdd
LOCAL_TREE-ABRUPT-SEVERE	56	DT-I05-NST-v1|EXT|SOURCE|scenario=LOCAL_TREE-ABRUPT-SEVERE|r=056	d955fa318ea09788	DT-I05-NST-v1|EXT|OPTIMISER|stream=d955fa318ea09788	42c64f76fe6639de
LOCAL_TREE-ABRUPT-SEVERE	57	DT-I05-NST-v1|EXT|SOURCE|scenario=LOCAL_TREE-ABRUPT-SEVERE|r=057	8c49e47d2c32d8ef	DT-I05-NST-v1|EXT|OPTIMISER|stream=8c49e47d2c32d8ef	a84af4e3045a1485
LOCAL_TREE-ABRUPT-SEVERE	58	DT-I05-NST-v1|EXT|SOURCE|scenario=LOCAL_TREE-ABRUPT-SEVERE|r=058	312b0d9956f4620c	DT-I05-NST-v1|EXT|OPTIMISER|stream=312b0d9956f4620c	3d1be816ba2b212e
LOCAL_TREE-ABRUPT-SEVERE	59	DT-I05-NST-v1|EXT|SOURCE|scenario=LOCAL_TREE-ABRUPT-SEVERE|r=059	ba6991469a98f0a4	DT-I05-NST-v1|EXT|OPTIMISER|stream=ba6991469a98f0a4	9c14b84b2b00bf12
LOCAL_TREE-ABRUPT-SEVERE	60	DT-I05-NST-v1|EXT|SOURCE|scenario=LOCAL_TREE-ABRUPT-SEVERE|r=060	be105c7083999bcd	DT-I05-NST-v1|EXT|OPTIMISER|stream=be105c7083999bcd	5aedef01c94ccd98
LOCAL_TREE-ABRUPT-SEVERE	61	DT-I05-NST-v1|EXT|SOURCE|scenario=LOCAL_TREE-ABRUPT-SEVERE|r=061	23606401172ecb4c	DT-I05-NST-v1|EXT|OPTIMISER|stream=23606401172ecb4c	8f70cb9740c326e8
LOCAL_TREE-ABRUPT-SEVERE	62	DT-I05-NST-v1|EXT|SOURCE|scenario=LOCAL_TREE-ABRUPT-SEVERE|r=062	9cb04fab73586fdc	DT-I05-NST-v1|EXT|OPTIMISER|stream=9cb04fab73586fdc	6df85778df95487b
LOCAL_TREE-ABRUPT-SEVERE	63	DT-I05-NST-v1|EXT|SOURCE|scenario=LOCAL_TREE-ABRUPT-SEVERE|r=063	2451c4108e565924	DT-I05-NST-v1|EXT|OPTIMISER|stream=2451c4108e565924	f0eaaab58c18aa5f
LOCAL_TREE-ABRUPT-SEVERE	64	DT-I05-NST-v1|EXT|SOURCE|scenario=LOCAL_TREE-ABRUPT-SEVERE|r=064	5576d29fd4930cbc	DT-I05-NST-v1|EXT|OPTIMISER|stream=5576d29fd4930cbc	5064e40aee5870fe
LOCAL_TREE-ABRUPT-SEVERE	65	DT-I05-NST-v1|EXT|SOURCE|scenario=LOCAL_TREE-ABRUPT-SEVERE|r=065	f0b071842a404ca9	DT-I05-NST-v1|EXT|OPTIMISER|stream=f0b071842a404ca9	57e8f29c3920b999
LOCAL_TREE-ABRUPT-SEVERE	66	DT-I05-NST-v1|EXT|SOURCE|scenario=LOCAL_TREE-ABRUPT-SEVERE|r=066	9e53b02d0d261314	DT-I05-NST-v1|EXT|OPTIMISER|stream=9e53b02d0d261314	83c2b8199fc8d039
LOCAL_TREE-ABRUPT-SEVERE	67	DT-I05-NST-v1|EXT|SOURCE|scenario=LOCAL_TREE-ABRUPT-SEVERE|r=067	22c2de149f25810d	DT-I05-NST-v1|EXT|OPTIMISER|stream=22c2de149f25810d	44d9eeddaaf48f9e
LOCAL_TREE-ABRUPT-SEVERE	68	DT-I05-NST-v1|EXT|SOURCE|scenario=LOCAL_TREE-ABRUPT-SEVERE|r=068	bcbe004ce19a612b	DT-I05-NST-v1|EXT|OPTIMISER|stream=bcbe004ce19a612b	e7c58088a101267a
LOCAL_TREE-ABRUPT-SEVERE	69	DT-I05-NST-v1|EXT|SOURCE|scenario=LOCAL_TREE-ABRUPT-SEVERE|r=069	ac0ba249803367b8	DT-I05-NST-v1|EXT|OPTIMISER|stream=ac0ba249803367b8	e95137601fae9c24
LOCAL_TREE-ABRUPT-SEVERE	70	DT-I05-NST-v1|EXT|SOURCE|scenario=LOCAL_TREE-ABRUPT-SEVERE|r=070	7bf397bf324eb459	DT-I05-NST-v1|EXT|OPTIMISER|stream=7bf397bf324eb459	daaff9e02170ef5a
LOCAL_TREE-ABRUPT-SEVERE	71	DT-I05-NST-v1|EXT|SOURCE|scenario=LOCAL_TREE-ABRUPT-SEVERE|r=071	61325848c59008d4	DT-I05-NST-v1|EXT|OPTIMISER|stream=61325848c59008d4	3b91828284a85aab
LOCAL_TREE-ABRUPT-SEVERE	72	DT-I05-NST-v1|EXT|SOURCE|scenario=LOCAL_TREE-ABRUPT-SEVERE|r=072	e21da0beca92a638	DT-I05-NST-v1|EXT|OPTIMISER|stream=e21da0beca92a638	99fc1c541f0dab97
LOCAL_TREE-ABRUPT-SEVERE	73	DT-I05-NST-v1|EXT|SOURCE|scenario=LOCAL_TREE-ABRUPT-SEVERE|r=073	9e7c03e77d8eeae2	DT-I05-NST-v1|EXT|OPTIMISER|stream=9e7c03e77d8eeae2	9d7dcef437448330
LOCAL_TREE-ABRUPT-SEVERE	74	DT-I05-NST-v1|EXT|SOURCE|scenario=LOCAL_TREE-ABRUPT-SEVERE|r=074	362fb9aca61cc66e	DT-I05-NST-v1|EXT|OPTIMISER|stream=362fb9aca61cc66e	12f5a2f67a7e75d7
LOCAL_TREE-ABRUPT-SEVERE	75	DT-I05-NST-v1|EXT|SOURCE|scenario=LOCAL_TREE-ABRUPT-SEVERE|r=075	a65ace4e32e9fb8e	DT-I05-NST-v1|EXT|OPTIMISER|stream=a65ace4e32e9fb8e	07b68f3aa3223eb6
LOCAL_TREE-ABRUPT-SEVERE	76	DT-I05-NST-v1|EXT|SOURCE|scenario=LOCAL_TREE-ABRUPT-SEVERE|r=076	858a0f820573fd69	DT-I05-NST-v1|EXT|OPTIMISER|stream=858a0f820573fd69	47b0389dc4cd1caf
LOCAL_TREE-ABRUPT-SEVERE	77	DT-I05-NST-v1|EXT|SOURCE|scenario=LOCAL_TREE-ABRUPT-SEVERE|r=077	cb2549e72dda1fc8	DT-I05-NST-v1|EXT|OPTIMISER|stream=cb2549e72dda1fc8	b194c86c3506e142
LOCAL_TREE-ABRUPT-SEVERE	78	DT-I05-NST-v1|EXT|SOURCE|scenario=LOCAL_TREE-ABRUPT-SEVERE|r=078	aee0c0945d7735f8	DT-I05-NST-v1|EXT|OPTIMISER|stream=aee0c0945d7735f8	73d292845c976d1d
LOCAL_TREE-ABRUPT-SEVERE	79	DT-I05-NST-v1|EXT|SOURCE|scenario=LOCAL_TREE-ABRUPT-SEVERE|r=079	71bec9bbc41ff9c8	DT-I05-NST-v1|EXT|OPTIMISER|stream=71bec9bbc41ff9c8	975dd860b26e4203
LOCAL_TREE-GRADUAL-MILD	0	DT-I05-NST-v1|EXT|SOURCE|scenario=LOCAL_TREE-GRADUAL-MILD|r=000	8a4be5347cedf905	DT-I05-NST-v1|EXT|OPTIMISER|stream=8a4be5347cedf905	3de489074da4c450
LOCAL_TREE-GRADUAL-MILD	1	DT-I05-NST-v1|EXT|SOURCE|scenario=LOCAL_TREE-GRADUAL-MILD|r=001	095bb4aa89c9c8e6	DT-I05-NST-v1|EXT|OPTIMISER|stream=095bb4aa89c9c8e6	422d5b6deb74d6fe
LOCAL_TREE-GRADUAL-MILD	2	DT-I05-NST-v1|EXT|SOURCE|scenario=LOCAL_TREE-GRADUAL-MILD|r=002	a946dc9d6861346e	DT-I05-NST-v1|EXT|OPTIMISER|stream=a946dc9d6861346e	217dfc9309c7f19f
LOCAL_TREE-GRADUAL-MILD	3	DT-I05-NST-v1|EXT|SOURCE|scenario=LOCAL_TREE-GRADUAL-MILD|r=003	203af1f73bbb72a8	DT-I05-NST-v1|EXT|OPTIMISER|stream=203af1f73bbb72a8	fa9e4ddd0e4240e2
LOCAL_TREE-GRADUAL-MILD	4	DT-I05-NST-v1|EXT|SOURCE|scenario=LOCAL_TREE-GRADUAL-MILD|r=004	7364c8a333b819a3	DT-I05-NST-v1|EXT|OPTIMISER|stream=7364c8a333b819a3	27590d700e97dd34
LOCAL_TREE-GRADUAL-MILD	5	DT-I05-NST-v1|EXT|SOURCE|scenario=LOCAL_TREE-GRADUAL-MILD|r=005	2c84c5124aa4db32	DT-I05-NST-v1|EXT|OPTIMISER|stream=2c84c5124aa4db32	dc3d4fda429f756a
LOCAL_TREE-GRADUAL-MILD	6	DT-I05-NST-v1|EXT|SOURCE|scenario=LOCAL_TREE-GRADUAL-MILD|r=006	aff0cc6ba3065414	DT-I05-NST-v1|EXT|OPTIMISER|stream=aff0cc6ba3065414	26816847ace6b658
LOCAL_TREE-GRADUAL-MILD	7	DT-I05-NST-v1|EXT|SOURCE|scenario=LOCAL_TREE-GRADUAL-MILD|r=007	c5538fc72cde6ccb	DT-I05-NST-v1|EXT|OPTIMISER|stream=c5538fc72cde6ccb	60bcfead519bf38c
LOCAL_TREE-GRADUAL-MILD	8	DT-I05-NST-v1|EXT|SOURCE|scenario=LOCAL_TREE-GRADUAL-MILD|r=008	4aef01ad1d1bb026	DT-I05-NST-v1|EXT|OPTIMISER|stream=4aef01ad1d1bb026	186857456af12e69
LOCAL_TREE-GRADUAL-MILD	9	DT-I05-NST-v1|EXT|SOURCE|scenario=LOCAL_TREE-GRADUAL-MILD|r=009	e60797e91d917f0a	DT-I05-NST-v1|EXT|OPTIMISER|stream=e60797e91d917f0a	5b10d8239529df21
LOCAL_TREE-GRADUAL-MILD	10	DT-I05-NST-v1|EXT|SOURCE|scenario=LOCAL_TREE-GRADUAL-MILD|r=010	4ccaeac9a7815eab	DT-I05-NST-v1|EXT|OPTIMISER|stream=4ccaeac9a7815eab	5fadc5787be74907
LOCAL_TREE-GRADUAL-MILD	11	DT-I05-NST-v1|EXT|SOURCE|scenario=LOCAL_TREE-GRADUAL-MILD|r=011	b18456e413e75089	DT-I05-NST-v1|EXT|OPTIMISER|stream=b18456e413e75089	168a428f526e4dca
LOCAL_TREE-GRADUAL-MILD	12	DT-I05-NST-v1|EXT|SOURCE|scenario=LOCAL_TREE-GRADUAL-MILD|r=012	1705cf5c8f563120	DT-I05-NST-v1|EXT|OPTIMISER|stream=1705cf5c8f563120	4c91b817000eb92b
LOCAL_TREE-GRADUAL-MILD	13	DT-I05-NST-v1|EXT|SOURCE|scenario=LOCAL_TREE-GRADUAL-MILD|r=013	1e6a01b1879d0917	DT-I05-NST-v1|EXT|OPTIMISER|stream=1e6a01b1879d0917	561518e431d41eeb
LOCAL_TREE-GRADUAL-MILD	14	DT-I05-NST-v1|EXT|SOURCE|scenario=LOCAL_TREE-GRADUAL-MILD|r=014	ecae41391bb6b906	DT-I05-NST-v1|EXT|OPTIMISER|stream=ecae41391bb6b906	b73cf7c9552479dc
LOCAL_TREE-GRADUAL-MILD	15	DT-I05-NST-v1|EXT|SOURCE|scenario=LOCAL_TREE-GRADUAL-MILD|r=015	91ce058648194196	DT-I05-NST-v1|EXT|OPTIMISER|stream=91ce058648194196	aa98caa7375b4a9e
LOCAL_TREE-GRADUAL-MILD	16	DT-I05-NST-v1|EXT|SOURCE|scenario=LOCAL_TREE-GRADUAL-MILD|r=016	5d55841f417949eb	DT-I05-NST-v1|EXT|OPTIMISER|stream=5d55841f417949eb	dcb1c4b9583bd0a3
LOCAL_TREE-GRADUAL-MILD	17	DT-I05-NST-v1|EXT|SOURCE|scenario=LOCAL_TREE-GRADUAL-MILD|r=017	e32259ca24c65a14	DT-I05-NST-v1|EXT|OPTIMISER|stream=e32259ca24c65a14	fcb977fc0bba70b9
LOCAL_TREE-GRADUAL-MILD	18	DT-I05-NST-v1|EXT|SOURCE|scenario=LOCAL_TREE-GRADUAL-MILD|r=018	d211daa04d468458	DT-I05-NST-v1|EXT|OPTIMISER|stream=d211daa04d468458	db0008630e47d480
LOCAL_TREE-GRADUAL-MILD	19	DT-I05-NST-v1|EXT|SOURCE|scenario=LOCAL_TREE-GRADUAL-MILD|r=019	6de1df4745246814	DT-I05-NST-v1|EXT|OPTIMISER|stream=6de1df4745246814	09d0aceb234818af
LOCAL_TREE-GRADUAL-MILD	20	DT-I05-NST-v1|EXT|SOURCE|scenario=LOCAL_TREE-GRADUAL-MILD|r=020	ea45e6836a483083	DT-I05-NST-v1|EXT|OPTIMISER|stream=ea45e6836a483083	c77b9a6aa87918e8
LOCAL_TREE-GRADUAL-MILD	21	DT-I05-NST-v1|EXT|SOURCE|scenario=LOCAL_TREE-GRADUAL-MILD|r=021	76426cf88a2b6015	DT-I05-NST-v1|EXT|OPTIMISER|stream=76426cf88a2b6015	f26b41e12ebcdc4f
LOCAL_TREE-GRADUAL-MILD	22	DT-I05-NST-v1|EXT|SOURCE|scenario=LOCAL_TREE-GRADUAL-MILD|r=022	6520dd979609210d	DT-I05-NST-v1|EXT|OPTIMISER|stream=6520dd979609210d	4462e308dd3be2a2
LOCAL_TREE-GRADUAL-MILD	23	DT-I05-NST-v1|EXT|SOURCE|scenario=LOCAL_TREE-GRADUAL-MILD|r=023	ca660f730b4d58e2	DT-I05-NST-v1|EXT|OPTIMISER|stream=ca660f730b4d58e2	69d4716595883168
LOCAL_TREE-GRADUAL-MILD	24	DT-I05-NST-v1|EXT|SOURCE|scenario=LOCAL_TREE-GRADUAL-MILD|r=024	36fc20c467d4a4e8	DT-I05-NST-v1|EXT|OPTIMISER|stream=36fc20c467d4a4e8	a4285452f7dee194
LOCAL_TREE-GRADUAL-MILD	25	DT-I05-NST-v1|EXT|SOURCE|scenario=LOCAL_TREE-GRADUAL-MILD|r=025	691a4345c89e63e2	DT-I05-NST-v1|EXT|OPTIMISER|stream=691a4345c89e63e2	f8d0b5f84eccef79
LOCAL_TREE-GRADUAL-MILD	26	DT-I05-NST-v1|EXT|SOURCE|scenario=LOCAL_TREE-GRADUAL-MILD|r=026	22f87fff5736708c	DT-I05-NST-v1|EXT|OPTIMISER|stream=22f87fff5736708c	cd2224dc444f3072
LOCAL_TREE-GRADUAL-MILD	27	DT-I05-NST-v1|EXT|SOURCE|scenario=LOCAL_TREE-GRADUAL-MILD|r=027	ab4207c1c3c3abaa	DT-I05-NST-v1|EXT|OPTIMISER|stream=ab4207c1c3c3abaa	2d2009409f8bd3f5
LOCAL_TREE-GRADUAL-MILD	28	DT-I05-NST-v1|EXT|SOURCE|scenario=LOCAL_TREE-GRADUAL-MILD|r=028	de6db9e4b823ac97	DT-I05-NST-v1|EXT|OPTIMISER|stream=de6db9e4b823ac97	f25cc9087990544c
LOCAL_TREE-GRADUAL-MILD	29	DT-I05-NST-v1|EXT|SOURCE|scenario=LOCAL_TREE-GRADUAL-MILD|r=029	e4b5d4a42971a82a	DT-I05-NST-v1|EXT|OPTIMISER|stream=e4b5d4a42971a82a	c04eee6ac687800c
LOCAL_TREE-GRADUAL-MILD	30	DT-I05-NST-v1|EXT|SOURCE|scenario=LOCAL_TREE-GRADUAL-MILD|r=030	522d3f615c91a868	DT-I05-NST-v1|EXT|OPTIMISER|stream=522d3f615c91a868	3043527ed0411d97
LOCAL_TREE-GRADUAL-MILD	31	DT-I05-NST-v1|EXT|SOURCE|scenario=LOCAL_TREE-GRADUAL-MILD|r=031	ff2613aadb139706	DT-I05-NST-v1|EXT|OPTIMISER|stream=ff2613aadb139706	2a6b239090e8e3bc
LOCAL_TREE-GRADUAL-MILD	32	DT-I05-NST-v1|EXT|SOURCE|scenario=LOCAL_TREE-GRADUAL-MILD|r=032	fbdc2c232c7bb622	DT-I05-NST-v1|EXT|OPTIMISER|stream=fbdc2c232c7bb622	016835ec28d87b3c
LOCAL_TREE-GRADUAL-MILD	33	DT-I05-NST-v1|EXT|SOURCE|scenario=LOCAL_TREE-GRADUAL-MILD|r=033	12d786da69856a76	DT-I05-NST-v1|EXT|OPTIMISER|stream=12d786da69856a76	2f866adf0a4b862b
LOCAL_TREE-GRADUAL-MILD	34	DT-I05-NST-v1|EXT|SOURCE|scenario=LOCAL_TREE-GRADUAL-MILD|r=034	a5e664f6c9221dda	DT-I05-NST-v1|EXT|OPTIMISER|stream=a5e664f6c9221dda	0efd86f332a1cb1e
LOCAL_TREE-GRADUAL-MILD	35	DT-I05-NST-v1|EXT|SOURCE|scenario=LOCAL_TREE-GRADUAL-MILD|r=035	1596f5b3eae2df1a	DT-I05-NST-v1|EXT|OPTIMISER|stream=1596f5b3eae2df1a	db40fa1c5bf8e2b8
LOCAL_TREE-GRADUAL-MILD	36	DT-I05-NST-v1|EXT|SOURCE|scenario=LOCAL_TREE-GRADUAL-MILD|r=036	1a57e455321e9b8e	DT-I05-NST-v1|EXT|OPTIMISER|stream=1a57e455321e9b8e	77fc2b6c48d71f96
LOCAL_TREE-GRADUAL-MILD	37	DT-I05-NST-v1|EXT|SOURCE|scenario=LOCAL_TREE-GRADUAL-MILD|r=037	cc67f67871eb1c4c	DT-I05-NST-v1|EXT|OPTIMISER|stream=cc67f67871eb1c4c	c776e237aebceace
LOCAL_TREE-GRADUAL-MILD	38	DT-I05-NST-v1|EXT|SOURCE|scenario=LOCAL_TREE-GRADUAL-MILD|r=038	4465196abf975bde	DT-I05-NST-v1|EXT|OPTIMISER|stream=4465196abf975bde	cda30c98e0d2bdcf
LOCAL_TREE-GRADUAL-MILD	39	DT-I05-NST-v1|EXT|SOURCE|scenario=LOCAL_TREE-GRADUAL-MILD|r=039	2610feb642e34848	DT-I05-NST-v1|EXT|OPTIMISER|stream=2610feb642e34848	a3224db60d8c034e
LOCAL_TREE-GRADUAL-MILD	40	DT-I05-NST-v1|EXT|SOURCE|scenario=LOCAL_TREE-GRADUAL-MILD|r=040	cfac834989c96968	DT-I05-NST-v1|EXT|OPTIMISER|stream=cfac834989c96968	1ba0061a9916f2d9
LOCAL_TREE-GRADUAL-MILD	41	DT-I05-NST-v1|EXT|SOURCE|scenario=LOCAL_TREE-GRADUAL-MILD|r=041	c7eabece35d59815	DT-I05-NST-v1|EXT|OPTIMISER|stream=c7eabece35d59815	99cf33afbc45af25
LOCAL_TREE-GRADUAL-MILD	42	DT-I05-NST-v1|EXT|SOURCE|scenario=LOCAL_TREE-GRADUAL-MILD|r=042	f5e021f29566cc7c	DT-I05-NST-v1|EXT|OPTIMISER|stream=f5e021f29566cc7c	523fb258d22e82f4
LOCAL_TREE-GRADUAL-MILD	43	DT-I05-NST-v1|EXT|SOURCE|scenario=LOCAL_TREE-GRADUAL-MILD|r=043	1814ffcd43a3956a	DT-I05-NST-v1|EXT|OPTIMISER|stream=1814ffcd43a3956a	3d2261667bbe5f89
LOCAL_TREE-GRADUAL-MILD	44	DT-I05-NST-v1|EXT|SOURCE|scenario=LOCAL_TREE-GRADUAL-MILD|r=044	e35c165463e24db1	DT-I05-NST-v1|EXT|OPTIMISER|stream=e35c165463e24db1	f926450bcbabfa77
LOCAL_TREE-GRADUAL-MILD	45	DT-I05-NST-v1|EXT|SOURCE|scenario=LOCAL_TREE-GRADUAL-MILD|r=045	38b0ce3acfde369c	DT-I05-NST-v1|EXT|OPTIMISER|stream=38b0ce3acfde369c	882b2178bf64cd4c
LOCAL_TREE-GRADUAL-MILD	46	DT-I05-NST-v1|EXT|SOURCE|scenario=LOCAL_TREE-GRADUAL-MILD|r=046	52ea4c4d36d92f9c	DT-I05-NST-v1|EXT|OPTIMISER|stream=52ea4c4d36d92f9c	3c646afdbb6d82ce
LOCAL_TREE-GRADUAL-MILD	47	DT-I05-NST-v1|EXT|SOURCE|scenario=LOCAL_TREE-GRADUAL-MILD|r=047	9dbe06568bb9731a	DT-I05-NST-v1|EXT|OPTIMISER|stream=9dbe06568bb9731a	a3d0a96de7f6a395
LOCAL_TREE-GRADUAL-MILD	48	DT-I05-NST-v1|EXT|SOURCE|scenario=LOCAL_TREE-GRADUAL-MILD|r=048	e996cd99de2e3d10	DT-I05-NST-v1|EXT|OPTIMISER|stream=e996cd99de2e3d10	4a7818a2aa33748e
LOCAL_TREE-GRADUAL-MILD	49	DT-I05-NST-v1|EXT|SOURCE|scenario=LOCAL_TREE-GRADUAL-MILD|r=049	631a0268247ff3cd	DT-I05-NST-v1|EXT|OPTIMISER|stream=631a0268247ff3cd	ec61b9e4e8b2cf20
LOCAL_TREE-GRADUAL-MILD	50	DT-I05-NST-v1|EXT|SOURCE|scenario=LOCAL_TREE-GRADUAL-MILD|r=050	beb641d73e8ec7fa	DT-I05-NST-v1|EXT|OPTIMISER|stream=beb641d73e8ec7fa	0f011f7a5ff64d83
LOCAL_TREE-GRADUAL-MILD	51	DT-I05-NST-v1|EXT|SOURCE|scenario=LOCAL_TREE-GRADUAL-MILD|r=051	cbb1de236e692df0	DT-I05-NST-v1|EXT|OPTIMISER|stream=cbb1de236e692df0	8c10b768b5e6488e
LOCAL_TREE-GRADUAL-MILD	52	DT-I05-NST-v1|EXT|SOURCE|scenario=LOCAL_TREE-GRADUAL-MILD|r=052	8a7aa7c505764ff5	DT-I05-NST-v1|EXT|OPTIMISER|stream=8a7aa7c505764ff5	d124d93ba85d335e
LOCAL_TREE-GRADUAL-MILD	53	DT-I05-NST-v1|EXT|SOURCE|scenario=LOCAL_TREE-GRADUAL-MILD|r=053	d9d90cbd6674501c	DT-I05-NST-v1|EXT|OPTIMISER|stream=d9d90cbd6674501c	e68797278bd3e762
LOCAL_TREE-GRADUAL-MILD	54	DT-I05-NST-v1|EXT|SOURCE|scenario=LOCAL_TREE-GRADUAL-MILD|r=054	5619e2868f01413e	DT-I05-NST-v1|EXT|OPTIMISER|stream=5619e2868f01413e	62082085218b3b90
LOCAL_TREE-GRADUAL-MILD	55	DT-I05-NST-v1|EXT|SOURCE|scenario=LOCAL_TREE-GRADUAL-MILD|r=055	35bb23f4ee52330d	DT-I05-NST-v1|EXT|OPTIMISER|stream=35bb23f4ee52330d	6818ad76f4dd2cb9
LOCAL_TREE-GRADUAL-MILD	56	DT-I05-NST-v1|EXT|SOURCE|scenario=LOCAL_TREE-GRADUAL-MILD|r=056	f5dae533fce16823	DT-I05-NST-v1|EXT|OPTIMISER|stream=f5dae533fce16823	32c1998cca02ff1b
LOCAL_TREE-GRADUAL-MILD	57	DT-I05-NST-v1|EXT|SOURCE|scenario=LOCAL_TREE-GRADUAL-MILD|r=057	0420105c8432a0e2	DT-I05-NST-v1|EXT|OPTIMISER|stream=0420105c8432a0e2	4db7ebe37b690267
LOCAL_TREE-GRADUAL-MILD	58	DT-I05-NST-v1|EXT|SOURCE|scenario=LOCAL_TREE-GRADUAL-MILD|r=058	63c1fbf484c806c9	DT-I05-NST-v1|EXT|OPTIMISER|stream=63c1fbf484c806c9	58c719d38b8466ea
LOCAL_TREE-GRADUAL-MILD	59	DT-I05-NST-v1|EXT|SOURCE|scenario=LOCAL_TREE-GRADUAL-MILD|r=059	4acf8e17b78bdc19	DT-I05-NST-v1|EXT|OPTIMISER|stream=4acf8e17b78bdc19	93bd1d9222a1339a
LOCAL_TREE-GRADUAL-MILD	60	DT-I05-NST-v1|EXT|SOURCE|scenario=LOCAL_TREE-GRADUAL-MILD|r=060	93a3dffbd72d278a	DT-I05-NST-v1|EXT|OPTIMISER|stream=93a3dffbd72d278a	f762fa1f715e924d
LOCAL_TREE-GRADUAL-MILD	61	DT-I05-NST-v1|EXT|SOURCE|scenario=LOCAL_TREE-GRADUAL-MILD|r=061	a08350cce7b5bff3	DT-I05-NST-v1|EXT|OPTIMISER|stream=a08350cce7b5bff3	7c63eec15f27eb2d
LOCAL_TREE-GRADUAL-MILD	62	DT-I05-NST-v1|EXT|SOURCE|scenario=LOCAL_TREE-GRADUAL-MILD|r=062	548c8dc765437b92	DT-I05-NST-v1|EXT|OPTIMISER|stream=548c8dc765437b92	81437f6319be203f
LOCAL_TREE-GRADUAL-MILD	63	DT-I05-NST-v1|EXT|SOURCE|scenario=LOCAL_TREE-GRADUAL-MILD|r=063	e8bc124f2608cdf1	DT-I05-NST-v1|EXT|OPTIMISER|stream=e8bc124f2608cdf1	d42ddbdee1189f6d
LOCAL_TREE-GRADUAL-MILD	64	DT-I05-NST-v1|EXT|SOURCE|scenario=LOCAL_TREE-GRADUAL-MILD|r=064	d0cdc8e882c48206	DT-I05-NST-v1|EXT|OPTIMISER|stream=d0cdc8e882c48206	ffe89c8546dfce05
LOCAL_TREE-GRADUAL-MILD	65	DT-I05-NST-v1|EXT|SOURCE|scenario=LOCAL_TREE-GRADUAL-MILD|r=065	f4674eab26879daa	DT-I05-NST-v1|EXT|OPTIMISER|stream=f4674eab26879daa	e1ee6a3ac2bb597a
LOCAL_TREE-GRADUAL-MILD	66	DT-I05-NST-v1|EXT|SOURCE|scenario=LOCAL_TREE-GRADUAL-MILD|r=066	3cc70d5df57a65ed	DT-I05-NST-v1|EXT|OPTIMISER|stream=3cc70d5df57a65ed	09e64dc3cfa310af
LOCAL_TREE-GRADUAL-MILD	67	DT-I05-NST-v1|EXT|SOURCE|scenario=LOCAL_TREE-GRADUAL-MILD|r=067	a23344ec1f08e4e0	DT-I05-NST-v1|EXT|OPTIMISER|stream=a23344ec1f08e4e0	55db02507022ad57
LOCAL_TREE-GRADUAL-MILD	68	DT-I05-NST-v1|EXT|SOURCE|scenario=LOCAL_TREE-GRADUAL-MILD|r=068	72a7fa6f20f94bdc	DT-I05-NST-v1|EXT|OPTIMISER|stream=72a7fa6f20f94bdc	62468242556e8d12
LOCAL_TREE-GRADUAL-MILD	69	DT-I05-NST-v1|EXT|SOURCE|scenario=LOCAL_TREE-GRADUAL-MILD|r=069	a9d959d71ae4f25e	DT-I05-NST-v1|EXT|OPTIMISER|stream=a9d959d71ae4f25e	d5915618fca3457b
LOCAL_TREE-GRADUAL-MILD	70	DT-I05-NST-v1|EXT|SOURCE|scenario=LOCAL_TREE-GRADUAL-MILD|r=070	c6f74e2c7c9efe79	DT-I05-NST-v1|EXT|OPTIMISER|stream=c6f74e2c7c9efe79	ec1a26fb959cd7da
LOCAL_TREE-GRADUAL-MILD	71	DT-I05-NST-v1|EXT|SOURCE|scenario=LOCAL_TREE-GRADUAL-MILD|r=071	4e7e5ae927cdf9b1	DT-I05-NST-v1|EXT|OPTIMISER|stream=4e7e5ae927cdf9b1	8e94f6ad8e89c861
LOCAL_TREE-GRADUAL-MILD	72	DT-I05-NST-v1|EXT|SOURCE|scenario=LOCAL_TREE-GRADUAL-MILD|r=072	a08b541daa7ea1eb	DT-I05-NST-v1|EXT|OPTIMISER|stream=a08b541daa7ea1eb	716073c883a081f1
LOCAL_TREE-GRADUAL-MILD	73	DT-I05-NST-v1|EXT|SOURCE|scenario=LOCAL_TREE-GRADUAL-MILD|r=073	1fc3ffe5947c4d49	DT-I05-NST-v1|EXT|OPTIMISER|stream=1fc3ffe5947c4d49	9526cb2084e17541
LOCAL_TREE-GRADUAL-MILD	74	DT-I05-NST-v1|EXT|SOURCE|scenario=LOCAL_TREE-GRADUAL-MILD|r=074	d4da1346a7edc9f9	DT-I05-NST-v1|EXT|OPTIMISER|stream=d4da1346a7edc9f9	82947fdaaa01f3a4
LOCAL_TREE-GRADUAL-MILD	75	DT-I05-NST-v1|EXT|SOURCE|scenario=LOCAL_TREE-GRADUAL-MILD|r=075	6789e912183ac559	DT-I05-NST-v1|EXT|OPTIMISER|stream=6789e912183ac559	6fecf1ac25ac8dbd
LOCAL_TREE-GRADUAL-MILD	76	DT-I05-NST-v1|EXT|SOURCE|scenario=LOCAL_TREE-GRADUAL-MILD|r=076	fb9a7fc252dd4812	DT-I05-NST-v1|EXT|OPTIMISER|stream=fb9a7fc252dd4812	73c49b8a4cd92e8a
LOCAL_TREE-GRADUAL-MILD	77	DT-I05-NST-v1|EXT|SOURCE|scenario=LOCAL_TREE-GRADUAL-MILD|r=077	80ea0fc1d2a45245	DT-I05-NST-v1|EXT|OPTIMISER|stream=80ea0fc1d2a45245	8426a48588abf043
LOCAL_TREE-GRADUAL-MILD	78	DT-I05-NST-v1|EXT|SOURCE|scenario=LOCAL_TREE-GRADUAL-MILD|r=078	fe28f9439701f8a1	DT-I05-NST-v1|EXT|OPTIMISER|stream=fe28f9439701f8a1	6ce5da08f3ae13aa
LOCAL_TREE-GRADUAL-MILD	79	DT-I05-NST-v1|EXT|SOURCE|scenario=LOCAL_TREE-GRADUAL-MILD|r=079	3500c28fd20e7abb	DT-I05-NST-v1|EXT|OPTIMISER|stream=3500c28fd20e7abb	aabea7f5c11fa88a
LOCAL_TREE-GRADUAL-SEVERE	0	DT-I05-NST-v1|EXT|SOURCE|scenario=LOCAL_TREE-GRADUAL-SEVERE|r=000	949c0cc1ae4d9c63	DT-I05-NST-v1|EXT|OPTIMISER|stream=949c0cc1ae4d9c63	e26efdfb4b349fae
LOCAL_TREE-GRADUAL-SEVERE	1	DT-I05-NST-v1|EXT|SOURCE|scenario=LOCAL_TREE-GRADUAL-SEVERE|r=001	a57c4dc13613184f	DT-I05-NST-v1|EXT|OPTIMISER|stream=a57c4dc13613184f	b0e581b826d56ffa
LOCAL_TREE-GRADUAL-SEVERE	2	DT-I05-NST-v1|EXT|SOURCE|scenario=LOCAL_TREE-GRADUAL-SEVERE|r=002	7e57c7ed5e4c6ed9	DT-I05-NST-v1|EXT|OPTIMISER|stream=7e57c7ed5e4c6ed9	0fd8d6232486a2dc
LOCAL_TREE-GRADUAL-SEVERE	3	DT-I05-NST-v1|EXT|SOURCE|scenario=LOCAL_TREE-GRADUAL-SEVERE|r=003	e9bf5d1ed8de221e	DT-I05-NST-v1|EXT|OPTIMISER|stream=e9bf5d1ed8de221e	d8d54d92fc2d96e9
LOCAL_TREE-GRADUAL-SEVERE	4	DT-I05-NST-v1|EXT|SOURCE|scenario=LOCAL_TREE-GRADUAL-SEVERE|r=004	76b547afb6475abe	DT-I05-NST-v1|EXT|OPTIMISER|stream=76b547afb6475abe	c3b51e98bd6fc1f1
LOCAL_TREE-GRADUAL-SEVERE	5	DT-I05-NST-v1|EXT|SOURCE|scenario=LOCAL_TREE-GRADUAL-SEVERE|r=005	45e2414547735f66	DT-I05-NST-v1|EXT|OPTIMISER|stream=45e2414547735f66	8ca3d196bc6679e2
LOCAL_TREE-GRADUAL-SEVERE	6	DT-I05-NST-v1|EXT|SOURCE|scenario=LOCAL_TREE-GRADUAL-SEVERE|r=006	399ff0f70dab8244	DT-I05-NST-v1|EXT|OPTIMISER|stream=399ff0f70dab8244	842a18f0083847e3
LOCAL_TREE-GRADUAL-SEVERE	7	DT-I05-NST-v1|EXT|SOURCE|scenario=LOCAL_TREE-GRADUAL-SEVERE|r=007	bbaba9b5cf727be9	DT-I05-NST-v1|EXT|OPTIMISER|stream=bbaba9b5cf727be9	3d826c568a6a3cb8
LOCAL_TREE-GRADUAL-SEVERE	8	DT-I05-NST-v1|EXT|SOURCE|scenario=LOCAL_TREE-GRADUAL-SEVERE|r=008	b7fa3cf640250978	DT-I05-NST-v1|EXT|OPTIMISER|stream=b7fa3cf640250978	fa221ba8112b8346
LOCAL_TREE-GRADUAL-SEVERE	9	DT-I05-NST-v1|EXT|SOURCE|scenario=LOCAL_TREE-GRADUAL-SEVERE|r=009	42a9adc952b5fafa	DT-I05-NST-v1|EXT|OPTIMISER|stream=42a9adc952b5fafa	90758536b850890a
LOCAL_TREE-GRADUAL-SEVERE	10	DT-I05-NST-v1|EXT|SOURCE|scenario=LOCAL_TREE-GRADUAL-SEVERE|r=010	989d4df24567aa86	DT-I05-NST-v1|EXT|OPTIMISER|stream=989d4df24567aa86	d4f69d6ca66e42c7
LOCAL_TREE-GRADUAL-SEVERE	11	DT-I05-NST-v1|EXT|SOURCE|scenario=LOCAL_TREE-GRADUAL-SEVERE|r=011	6789fd59f085d95c	DT-I05-NST-v1|EXT|OPTIMISER|stream=6789fd59f085d95c	43d91754aeba6708
LOCAL_TREE-GRADUAL-SEVERE	12	DT-I05-NST-v1|EXT|SOURCE|scenario=LOCAL_TREE-GRADUAL-SEVERE|r=012	439320795a035b6e	DT-I05-NST-v1|EXT|OPTIMISER|stream=439320795a035b6e	bf6879b3fff08c33
LOCAL_TREE-GRADUAL-SEVERE	13	DT-I05-NST-v1|EXT|SOURCE|scenario=LOCAL_TREE-GRADUAL-SEVERE|r=013	75d6d915f3b2d327	DT-I05-NST-v1|EXT|OPTIMISER|stream=75d6d915f3b2d327	e85deeefd5f93c69
LOCAL_TREE-GRADUAL-SEVERE	14	DT-I05-NST-v1|EXT|SOURCE|scenario=LOCAL_TREE-GRADUAL-SEVERE|r=014	3ae44e4f4b4129b7	DT-I05-NST-v1|EXT|OPTIMISER|stream=3ae44e4f4b4129b7	d6fcc845180bb2ce
LOCAL_TREE-GRADUAL-SEVERE	15	DT-I05-NST-v1|EXT|SOURCE|scenario=LOCAL_TREE-GRADUAL-SEVERE|r=015	bee0a94e0d6526b2	DT-I05-NST-v1|EXT|OPTIMISER|stream=bee0a94e0d6526b2	b0c3815a7e0d417b
LOCAL_TREE-GRADUAL-SEVERE	16	DT-I05-NST-v1|EXT|SOURCE|scenario=LOCAL_TREE-GRADUAL-SEVERE|r=016	8e9c4a6a2860298f	DT-I05-NST-v1|EXT|OPTIMISER|stream=8e9c4a6a2860298f	380e92964e6ed344
LOCAL_TREE-GRADUAL-SEVERE	17	DT-I05-NST-v1|EXT|SOURCE|scenario=LOCAL_TREE-GRADUAL-SEVERE|r=017	a23135a56695751b	DT-I05-NST-v1|EXT|OPTIMISER|stream=a23135a56695751b	d55930d0328b20d5
LOCAL_TREE-GRADUAL-SEVERE	18	DT-I05-NST-v1|EXT|SOURCE|scenario=LOCAL_TREE-GRADUAL-SEVERE|r=018	ffd10e5b14788c06	DT-I05-NST-v1|EXT|OPTIMISER|stream=ffd10e5b14788c06	5c886da137f7da9b
LOCAL_TREE-GRADUAL-SEVERE	19	DT-I05-NST-v1|EXT|SOURCE|scenario=LOCAL_TREE-GRADUAL-SEVERE|r=019	dfdc0720133b20e5	DT-I05-NST-v1|EXT|OPTIMISER|stream=dfdc0720133b20e5	ef654024f195ccd3
LOCAL_TREE-GRADUAL-SEVERE	20	DT-I05-NST-v1|EXT|SOURCE|scenario=LOCAL_TREE-GRADUAL-SEVERE|r=020	917a83ac6309b2a6	DT-I05-NST-v1|EXT|OPTIMISER|stream=917a83ac6309b2a6	ff2f81cdbbc2f248
LOCAL_TREE-GRADUAL-SEVERE	21	DT-I05-NST-v1|EXT|SOURCE|scenario=LOCAL_TREE-GRADUAL-SEVERE|r=021	b1755548d5c422a3	DT-I05-NST-v1|EXT|OPTIMISER|stream=b1755548d5c422a3	ab57da541d2beebd
LOCAL_TREE-GRADUAL-SEVERE	22	DT-I05-NST-v1|EXT|SOURCE|scenario=LOCAL_TREE-GRADUAL-SEVERE|r=022	070bb0d3c9e3f6f2	DT-I05-NST-v1|EXT|OPTIMISER|stream=070bb0d3c9e3f6f2	2495c5f31df80ebd
LOCAL_TREE-GRADUAL-SEVERE	23	DT-I05-NST-v1|EXT|SOURCE|scenario=LOCAL_TREE-GRADUAL-SEVERE|r=023	96ae07ddce4985f9	DT-I05-NST-v1|EXT|OPTIMISER|stream=96ae07ddce4985f9	69bd50871dd9e5a0
LOCAL_TREE-GRADUAL-SEVERE	24	DT-I05-NST-v1|EXT|SOURCE|scenario=LOCAL_TREE-GRADUAL-SEVERE|r=024	195778fab004db49	DT-I05-NST-v1|EXT|OPTIMISER|stream=195778fab004db49	44a70feb7e8f85e4
LOCAL_TREE-GRADUAL-SEVERE	25	DT-I05-NST-v1|EXT|SOURCE|scenario=LOCAL_TREE-GRADUAL-SEVERE|r=025	19fa47c48eeea6f7	DT-I05-NST-v1|EXT|OPTIMISER|stream=19fa47c48eeea6f7	2906e0c9bef3bd68
LOCAL_TREE-GRADUAL-SEVERE	26	DT-I05-NST-v1|EXT|SOURCE|scenario=LOCAL_TREE-GRADUAL-SEVERE|r=026	c8a0d43d653a78df	DT-I05-NST-v1|EXT|OPTIMISER|stream=c8a0d43d653a78df	c3c6dab30e45f83f
LOCAL_TREE-GRADUAL-SEVERE	27	DT-I05-NST-v1|EXT|SOURCE|scenario=LOCAL_TREE-GRADUAL-SEVERE|r=027	00be3484bc37278c	DT-I05-NST-v1|EXT|OPTIMISER|stream=00be3484bc37278c	3d88bd8e1894d667
LOCAL_TREE-GRADUAL-SEVERE	28	DT-I05-NST-v1|EXT|SOURCE|scenario=LOCAL_TREE-GRADUAL-SEVERE|r=028	e22aad2a85cfbf0d	DT-I05-NST-v1|EXT|OPTIMISER|stream=e22aad2a85cfbf0d	aad1da7b048b1cc5
LOCAL_TREE-GRADUAL-SEVERE	29	DT-I05-NST-v1|EXT|SOURCE|scenario=LOCAL_TREE-GRADUAL-SEVERE|r=029	4aec2fd9356f40dd	DT-I05-NST-v1|EXT|OPTIMISER|stream=4aec2fd9356f40dd	cd03150b20b9525c
LOCAL_TREE-GRADUAL-SEVERE	30	DT-I05-NST-v1|EXT|SOURCE|scenario=LOCAL_TREE-GRADUAL-SEVERE|r=030	2d5bca54cfe83bb5	DT-I05-NST-v1|EXT|OPTIMISER|stream=2d5bca54cfe83bb5	4be817e76d47c9e7
LOCAL_TREE-GRADUAL-SEVERE	31	DT-I05-NST-v1|EXT|SOURCE|scenario=LOCAL_TREE-GRADUAL-SEVERE|r=031	0b4c033a45326e06	DT-I05-NST-v1|EXT|OPTIMISER|stream=0b4c033a45326e06	9536e1fb30dc6671
LOCAL_TREE-GRADUAL-SEVERE	32	DT-I05-NST-v1|EXT|SOURCE|scenario=LOCAL_TREE-GRADUAL-SEVERE|r=032	ae3d5064fb64394a	DT-I05-NST-v1|EXT|OPTIMISER|stream=ae3d5064fb64394a	ef02bfd2cf7d86f4
LOCAL_TREE-GRADUAL-SEVERE	33	DT-I05-NST-v1|EXT|SOURCE|scenario=LOCAL_TREE-GRADUAL-SEVERE|r=033	653135d1940c7f7c	DT-I05-NST-v1|EXT|OPTIMISER|stream=653135d1940c7f7c	020e8ccc5eed3a64
LOCAL_TREE-GRADUAL-SEVERE	34	DT-I05-NST-v1|EXT|SOURCE|scenario=LOCAL_TREE-GRADUAL-SEVERE|r=034	b5924b7d12ac082f	DT-I05-NST-v1|EXT|OPTIMISER|stream=b5924b7d12ac082f	f0551802f004d67a
LOCAL_TREE-GRADUAL-SEVERE	35	DT-I05-NST-v1|EXT|SOURCE|scenario=LOCAL_TREE-GRADUAL-SEVERE|r=035	bfa32064c891b67c	DT-I05-NST-v1|EXT|OPTIMISER|stream=bfa32064c891b67c	7c91a76da8e1ca96
LOCAL_TREE-GRADUAL-SEVERE	36	DT-I05-NST-v1|EXT|SOURCE|scenario=LOCAL_TREE-GRADUAL-SEVERE|r=036	4e1727b24126ed88	DT-I05-NST-v1|EXT|OPTIMISER|stream=4e1727b24126ed88	a6d733e97c8aa67b
LOCAL_TREE-GRADUAL-SEVERE	37	DT-I05-NST-v1|EXT|SOURCE|scenario=LOCAL_TREE-GRADUAL-SEVERE|r=037	16ae9cc58ae87d05	DT-I05-NST-v1|EXT|OPTIMISER|stream=16ae9cc58ae87d05	670b6c6e1d097479
LOCAL_TREE-GRADUAL-SEVERE	38	DT-I05-NST-v1|EXT|SOURCE|scenario=LOCAL_TREE-GRADUAL-SEVERE|r=038	7d6ab3a02975a80d	DT-I05-NST-v1|EXT|OPTIMISER|stream=7d6ab3a02975a80d	0481bea51b2465f4
LOCAL_TREE-GRADUAL-SEVERE	39	DT-I05-NST-v1|EXT|SOURCE|scenario=LOCAL_TREE-GRADUAL-SEVERE|r=039	9b3f1a6e48c58e0f	DT-I05-NST-v1|EXT|OPTIMISER|stream=9b3f1a6e48c58e0f	a879706b4fc6bd2b
LOCAL_TREE-GRADUAL-SEVERE	40	DT-I05-NST-v1|EXT|SOURCE|scenario=LOCAL_TREE-GRADUAL-SEVERE|r=040	dadd27001b745bc9	DT-I05-NST-v1|EXT|OPTIMISER|stream=dadd27001b745bc9	ee894b5ec9985383
LOCAL_TREE-GRADUAL-SEVERE	41	DT-I05-NST-v1|EXT|SOURCE|scenario=LOCAL_TREE-GRADUAL-SEVERE|r=041	93c36c8b439a90af	DT-I05-NST-v1|EXT|OPTIMISER|stream=93c36c8b439a90af	a1af184376c137d6
LOCAL_TREE-GRADUAL-SEVERE	42	DT-I05-NST-v1|EXT|SOURCE|scenario=LOCAL_TREE-GRADUAL-SEVERE|r=042	ae9b07add359a8d1	DT-I05-NST-v1|EXT|OPTIMISER|stream=ae9b07add359a8d1	5367252022ab096e
LOCAL_TREE-GRADUAL-SEVERE	43	DT-I05-NST-v1|EXT|SOURCE|scenario=LOCAL_TREE-GRADUAL-SEVERE|r=043	80e68a62a9f2079f	DT-I05-NST-v1|EXT|OPTIMISER|stream=80e68a62a9f2079f	bb04f470013e814e
LOCAL_TREE-GRADUAL-SEVERE	44	DT-I05-NST-v1|EXT|SOURCE|scenario=LOCAL_TREE-GRADUAL-SEVERE|r=044	22f02fabc17430cc	DT-I05-NST-v1|EXT|OPTIMISER|stream=22f02fabc17430cc	8a4b39b3e985c95c
LOCAL_TREE-GRADUAL-SEVERE	45	DT-I05-NST-v1|EXT|SOURCE|scenario=LOCAL_TREE-GRADUAL-SEVERE|r=045	8c0d43f96057f434	DT-I05-NST-v1|EXT|OPTIMISER|stream=8c0d43f96057f434	7b7872a05654880b
LOCAL_TREE-GRADUAL-SEVERE	46	DT-I05-NST-v1|EXT|SOURCE|scenario=LOCAL_TREE-GRADUAL-SEVERE|r=046	bb1fdb696a0d50a3	DT-I05-NST-v1|EXT|OPTIMISER|stream=bb1fdb696a0d50a3	a365f5f3334a383a
LOCAL_TREE-GRADUAL-SEVERE	47	DT-I05-NST-v1|EXT|SOURCE|scenario=LOCAL_TREE-GRADUAL-SEVERE|r=047	12078578a134948f	DT-I05-NST-v1|EXT|OPTIMISER|stream=12078578a134948f	124e9af4fc69223c
LOCAL_TREE-GRADUAL-SEVERE	48	DT-I05-NST-v1|EXT|SOURCE|scenario=LOCAL_TREE-GRADUAL-SEVERE|r=048	3263d593419288a1	DT-I05-NST-v1|EXT|OPTIMISER|stream=3263d593419288a1	35cadbb940f5b493
LOCAL_TREE-GRADUAL-SEVERE	49	DT-I05-NST-v1|EXT|SOURCE|scenario=LOCAL_TREE-GRADUAL-SEVERE|r=049	5b2d409b12925168	DT-I05-NST-v1|EXT|OPTIMISER|stream=5b2d409b12925168	2f293b5e6d390324
LOCAL_TREE-GRADUAL-SEVERE	50	DT-I05-NST-v1|EXT|SOURCE|scenario=LOCAL_TREE-GRADUAL-SEVERE|r=050	e520e7c1c5944b3d	DT-I05-NST-v1|EXT|OPTIMISER|stream=e520e7c1c5944b3d	d881baa977a3b0d4
LOCAL_TREE-GRADUAL-SEVERE	51	DT-I05-NST-v1|EXT|SOURCE|scenario=LOCAL_TREE-GRADUAL-SEVERE|r=051	3d10a8a37d838e4b	DT-I05-NST-v1|EXT|OPTIMISER|stream=3d10a8a37d838e4b	a4aa98907b83f069
LOCAL_TREE-GRADUAL-SEVERE	52	DT-I05-NST-v1|EXT|SOURCE|scenario=LOCAL_TREE-GRADUAL-SEVERE|r=052	2ed4a37612b890f2	DT-I05-NST-v1|EXT|OPTIMISER|stream=2ed4a37612b890f2	a032469b881ab3fe
LOCAL_TREE-GRADUAL-SEVERE	53	DT-I05-NST-v1|EXT|SOURCE|scenario=LOCAL_TREE-GRADUAL-SEVERE|r=053	0772b71631462f2b	DT-I05-NST-v1|EXT|OPTIMISER|stream=0772b71631462f2b	e1e7fe3187956dad
LOCAL_TREE-GRADUAL-SEVERE	54	DT-I05-NST-v1|EXT|SOURCE|scenario=LOCAL_TREE-GRADUAL-SEVERE|r=054	8ca66511420e73b2	DT-I05-NST-v1|EXT|OPTIMISER|stream=8ca66511420e73b2	d7a16dfa152081e8
LOCAL_TREE-GRADUAL-SEVERE	55	DT-I05-NST-v1|EXT|SOURCE|scenario=LOCAL_TREE-GRADUAL-SEVERE|r=055	c2f8d0e2e4ae26ab	DT-I05-NST-v1|EXT|OPTIMISER|stream=c2f8d0e2e4ae26ab	f13eb095bd8c3607
LOCAL_TREE-GRADUAL-SEVERE	56	DT-I05-NST-v1|EXT|SOURCE|scenario=LOCAL_TREE-GRADUAL-SEVERE|r=056	d2c565bc84259a81	DT-I05-NST-v1|EXT|OPTIMISER|stream=d2c565bc84259a81	8b6e86a253937317
LOCAL_TREE-GRADUAL-SEVERE	57	DT-I05-NST-v1|EXT|SOURCE|scenario=LOCAL_TREE-GRADUAL-SEVERE|r=057	8a0ed711f68be66b	DT-I05-NST-v1|EXT|OPTIMISER|stream=8a0ed711f68be66b	624d797963f8fc4e
LOCAL_TREE-GRADUAL-SEVERE	58	DT-I05-NST-v1|EXT|SOURCE|scenario=LOCAL_TREE-GRADUAL-SEVERE|r=058	5b9bfb7740354c63	DT-I05-NST-v1|EXT|OPTIMISER|stream=5b9bfb7740354c63	d2579faf998814e0
LOCAL_TREE-GRADUAL-SEVERE	59	DT-I05-NST-v1|EXT|SOURCE|scenario=LOCAL_TREE-GRADUAL-SEVERE|r=059	620b81e65f413edf	DT-I05-NST-v1|EXT|OPTIMISER|stream=620b81e65f413edf	de868c747f21b095
LOCAL_TREE-GRADUAL-SEVERE	60	DT-I05-NST-v1|EXT|SOURCE|scenario=LOCAL_TREE-GRADUAL-SEVERE|r=060	8d84da411bf4ec2a	DT-I05-NST-v1|EXT|OPTIMISER|stream=8d84da411bf4ec2a	dae3f4cf782c9f55
LOCAL_TREE-GRADUAL-SEVERE	61	DT-I05-NST-v1|EXT|SOURCE|scenario=LOCAL_TREE-GRADUAL-SEVERE|r=061	a04a236edd28df31	DT-I05-NST-v1|EXT|OPTIMISER|stream=a04a236edd28df31	ff7c0d6c437e5a63
LOCAL_TREE-GRADUAL-SEVERE	62	DT-I05-NST-v1|EXT|SOURCE|scenario=LOCAL_TREE-GRADUAL-SEVERE|r=062	2af5ac286d96a58a	DT-I05-NST-v1|EXT|OPTIMISER|stream=2af5ac286d96a58a	f88e1a314e4cc790
LOCAL_TREE-GRADUAL-SEVERE	63	DT-I05-NST-v1|EXT|SOURCE|scenario=LOCAL_TREE-GRADUAL-SEVERE|r=063	c7cb935a6ce36a73	DT-I05-NST-v1|EXT|OPTIMISER|stream=c7cb935a6ce36a73	be445db774be6b23
LOCAL_TREE-GRADUAL-SEVERE	64	DT-I05-NST-v1|EXT|SOURCE|scenario=LOCAL_TREE-GRADUAL-SEVERE|r=064	b1b2006b78b35692	DT-I05-NST-v1|EXT|OPTIMISER|stream=b1b2006b78b35692	8c7993062ac52df2
LOCAL_TREE-GRADUAL-SEVERE	65	DT-I05-NST-v1|EXT|SOURCE|scenario=LOCAL_TREE-GRADUAL-SEVERE|r=065	db2147382ebbe173	DT-I05-NST-v1|EXT|OPTIMISER|stream=db2147382ebbe173	db810a4b9dcfb81b
LOCAL_TREE-GRADUAL-SEVERE	66	DT-I05-NST-v1|EXT|SOURCE|scenario=LOCAL_TREE-GRADUAL-SEVERE|r=066	f88e9e4ce909e7af	DT-I05-NST-v1|EXT|OPTIMISER|stream=f88e9e4ce909e7af	33f4e480b5cbbf69
LOCAL_TREE-GRADUAL-SEVERE	67	DT-I05-NST-v1|EXT|SOURCE|scenario=LOCAL_TREE-GRADUAL-SEVERE|r=067	5bc0f55488001a0c	DT-I05-NST-v1|EXT|OPTIMISER|stream=5bc0f55488001a0c	d3b937373523bed5
LOCAL_TREE-GRADUAL-SEVERE	68	DT-I05-NST-v1|EXT|SOURCE|scenario=LOCAL_TREE-GRADUAL-SEVERE|r=068	62a12321aa5f1724	DT-I05-NST-v1|EXT|OPTIMISER|stream=62a12321aa5f1724	14f1afe346b0d018
LOCAL_TREE-GRADUAL-SEVERE	69	DT-I05-NST-v1|EXT|SOURCE|scenario=LOCAL_TREE-GRADUAL-SEVERE|r=069	7bcfdc7f2f8e94e6	DT-I05-NST-v1|EXT|OPTIMISER|stream=7bcfdc7f2f8e94e6	2d3c4e9e51b940c6
LOCAL_TREE-GRADUAL-SEVERE	70	DT-I05-NST-v1|EXT|SOURCE|scenario=LOCAL_TREE-GRADUAL-SEVERE|r=070	4de3ad0d73cbb802	DT-I05-NST-v1|EXT|OPTIMISER|stream=4de3ad0d73cbb802	fed6eb310e405132
LOCAL_TREE-GRADUAL-SEVERE	71	DT-I05-NST-v1|EXT|SOURCE|scenario=LOCAL_TREE-GRADUAL-SEVERE|r=071	77e77bf35231a14b	DT-I05-NST-v1|EXT|OPTIMISER|stream=77e77bf35231a14b	933ba560d19b2be6
LOCAL_TREE-GRADUAL-SEVERE	72	DT-I05-NST-v1|EXT|SOURCE|scenario=LOCAL_TREE-GRADUAL-SEVERE|r=072	525d388a17ced18c	DT-I05-NST-v1|EXT|OPTIMISER|stream=525d388a17ced18c	b5b846a08ad7768a
LOCAL_TREE-GRADUAL-SEVERE	73	DT-I05-NST-v1|EXT|SOURCE|scenario=LOCAL_TREE-GRADUAL-SEVERE|r=073	39547549773d38d5	DT-I05-NST-v1|EXT|OPTIMISER|stream=39547549773d38d5	cf76089439125b6e
LOCAL_TREE-GRADUAL-SEVERE	74	DT-I05-NST-v1|EXT|SOURCE|scenario=LOCAL_TREE-GRADUAL-SEVERE|r=074	f0a1da9acc8c66e8	DT-I05-NST-v1|EXT|OPTIMISER|stream=f0a1da9acc8c66e8	560500a2c5f17e52
LOCAL_TREE-GRADUAL-SEVERE	75	DT-I05-NST-v1|EXT|SOURCE|scenario=LOCAL_TREE-GRADUAL-SEVERE|r=075	d0dea601c2d4911b	DT-I05-NST-v1|EXT|OPTIMISER|stream=d0dea601c2d4911b	5dc92118c6f50698
LOCAL_TREE-GRADUAL-SEVERE	76	DT-I05-NST-v1|EXT|SOURCE|scenario=LOCAL_TREE-GRADUAL-SEVERE|r=076	5bc7ea1982533909	DT-I05-NST-v1|EXT|OPTIMISER|stream=5bc7ea1982533909	c571527c2304d6c3
LOCAL_TREE-GRADUAL-SEVERE	77	DT-I05-NST-v1|EXT|SOURCE|scenario=LOCAL_TREE-GRADUAL-SEVERE|r=077	ba5c2f9770038c16	DT-I05-NST-v1|EXT|OPTIMISER|stream=ba5c2f9770038c16	50b8fc0f694f716b
LOCAL_TREE-GRADUAL-SEVERE	78	DT-I05-NST-v1|EXT|SOURCE|scenario=LOCAL_TREE-GRADUAL-SEVERE|r=078	7ae7a77795bd5b0f	DT-I05-NST-v1|EXT|OPTIMISER|stream=7ae7a77795bd5b0f	90821867953b50f5
LOCAL_TREE-GRADUAL-SEVERE	79	DT-I05-NST-v1|EXT|SOURCE|scenario=LOCAL_TREE-GRADUAL-SEVERE|r=079	96f4031b0397b299	DT-I05-NST-v1|EXT|OPTIMISER|stream=96f4031b0397b299	51a5bb75d56da12d
LOCAL_TREE-RECURRENT-MILD	0	DT-I05-NST-v1|EXT|SOURCE|scenario=LOCAL_TREE-RECURRENT-MILD|r=000	89af370fa0768174	DT-I05-NST-v1|EXT|OPTIMISER|stream=89af370fa0768174	87b88a7dd98fe656
LOCAL_TREE-RECURRENT-MILD	1	DT-I05-NST-v1|EXT|SOURCE|scenario=LOCAL_TREE-RECURRENT-MILD|r=001	8dfe4b2b6b0791d6	DT-I05-NST-v1|EXT|OPTIMISER|stream=8dfe4b2b6b0791d6	b0a6a1c3e658e3d5
LOCAL_TREE-RECURRENT-MILD	2	DT-I05-NST-v1|EXT|SOURCE|scenario=LOCAL_TREE-RECURRENT-MILD|r=002	8577045392dd3ce8	DT-I05-NST-v1|EXT|OPTIMISER|stream=8577045392dd3ce8	3653d6919e982685
LOCAL_TREE-RECURRENT-MILD	3	DT-I05-NST-v1|EXT|SOURCE|scenario=LOCAL_TREE-RECURRENT-MILD|r=003	72d8a10a1588dfdd	DT-I05-NST-v1|EXT|OPTIMISER|stream=72d8a10a1588dfdd	3724931b8c7c7e79
LOCAL_TREE-RECURRENT-MILD	4	DT-I05-NST-v1|EXT|SOURCE|scenario=LOCAL_TREE-RECURRENT-MILD|r=004	86271f7ef86557fd	DT-I05-NST-v1|EXT|OPTIMISER|stream=86271f7ef86557fd	65112cc14563a0f8
LOCAL_TREE-RECURRENT-MILD	5	DT-I05-NST-v1|EXT|SOURCE|scenario=LOCAL_TREE-RECURRENT-MILD|r=005	6cf05bfa27a16c99	DT-I05-NST-v1|EXT|OPTIMISER|stream=6cf05bfa27a16c99	96b8c270403b0de5
LOCAL_TREE-RECURRENT-MILD	6	DT-I05-NST-v1|EXT|SOURCE|scenario=LOCAL_TREE-RECURRENT-MILD|r=006	a0ebc53bff8ca909	DT-I05-NST-v1|EXT|OPTIMISER|stream=a0ebc53bff8ca909	d4a2c22677bac568
LOCAL_TREE-RECURRENT-MILD	7	DT-I05-NST-v1|EXT|SOURCE|scenario=LOCAL_TREE-RECURRENT-MILD|r=007	27bf80120ba73035	DT-I05-NST-v1|EXT|OPTIMISER|stream=27bf80120ba73035	a4928d5881ab31cc
LOCAL_TREE-RECURRENT-MILD	8	DT-I05-NST-v1|EXT|SOURCE|scenario=LOCAL_TREE-RECURRENT-MILD|r=008	100b432f82722f76	DT-I05-NST-v1|EXT|OPTIMISER|stream=100b432f82722f76	8aed86dfca3dc6cf
LOCAL_TREE-RECURRENT-MILD	9	DT-I05-NST-v1|EXT|SOURCE|scenario=LOCAL_TREE-RECURRENT-MILD|r=009	0bba394adf423295	DT-I05-NST-v1|EXT|OPTIMISER|stream=0bba394adf423295	9a364b5a4c139738
LOCAL_TREE-RECURRENT-MILD	10	DT-I05-NST-v1|EXT|SOURCE|scenario=LOCAL_TREE-RECURRENT-MILD|r=010	dedba40f909d3b91	DT-I05-NST-v1|EXT|OPTIMISER|stream=dedba40f909d3b91	fa0ef4411de03818
LOCAL_TREE-RECURRENT-MILD	11	DT-I05-NST-v1|EXT|SOURCE|scenario=LOCAL_TREE-RECURRENT-MILD|r=011	1729de6f37eb3b65	DT-I05-NST-v1|EXT|OPTIMISER|stream=1729de6f37eb3b65	0929b944652e1c96
LOCAL_TREE-RECURRENT-MILD	12	DT-I05-NST-v1|EXT|SOURCE|scenario=LOCAL_TREE-RECURRENT-MILD|r=012	9c92ed4683b6b9de	DT-I05-NST-v1|EXT|OPTIMISER|stream=9c92ed4683b6b9de	a7f0a39dfd4281ac
LOCAL_TREE-RECURRENT-MILD	13	DT-I05-NST-v1|EXT|SOURCE|scenario=LOCAL_TREE-RECURRENT-MILD|r=013	ca9a82757d5b18d5	DT-I05-NST-v1|EXT|OPTIMISER|stream=ca9a82757d5b18d5	ec0a8865c15e3674
LOCAL_TREE-RECURRENT-MILD	14	DT-I05-NST-v1|EXT|SOURCE|scenario=LOCAL_TREE-RECURRENT-MILD|r=014	2fc0b2d2dee2f2cd	DT-I05-NST-v1|EXT|OPTIMISER|stream=2fc0b2d2dee2f2cd	22fe06a970eff122
LOCAL_TREE-RECURRENT-MILD	15	DT-I05-NST-v1|EXT|SOURCE|scenario=LOCAL_TREE-RECURRENT-MILD|r=015	ee688ee2066700eb	DT-I05-NST-v1|EXT|OPTIMISER|stream=ee688ee2066700eb	6c325e87dcac2e01
LOCAL_TREE-RECURRENT-MILD	16	DT-I05-NST-v1|EXT|SOURCE|scenario=LOCAL_TREE-RECURRENT-MILD|r=016	95eb153a34ee6500	DT-I05-NST-v1|EXT|OPTIMISER|stream=95eb153a34ee6500	fa31ae290c2b48a5
LOCAL_TREE-RECURRENT-MILD	17	DT-I05-NST-v1|EXT|SOURCE|scenario=LOCAL_TREE-RECURRENT-MILD|r=017	f160fa8e830678bb	DT-I05-NST-v1|EXT|OPTIMISER|stream=f160fa8e830678bb	515c5f387c05a9e2
LOCAL_TREE-RECURRENT-MILD	18	DT-I05-NST-v1|EXT|SOURCE|scenario=LOCAL_TREE-RECURRENT-MILD|r=018	ad23a18a6d1cc3c1	DT-I05-NST-v1|EXT|OPTIMISER|stream=ad23a18a6d1cc3c1	a0b3d084b05fba64
LOCAL_TREE-RECURRENT-MILD	19	DT-I05-NST-v1|EXT|SOURCE|scenario=LOCAL_TREE-RECURRENT-MILD|r=019	329c5be337aa9979	DT-I05-NST-v1|EXT|OPTIMISER|stream=329c5be337aa9979	eef00d7c3d886b4b
LOCAL_TREE-RECURRENT-MILD	20	DT-I05-NST-v1|EXT|SOURCE|scenario=LOCAL_TREE-RECURRENT-MILD|r=020	f9139b926fe70f09	DT-I05-NST-v1|EXT|OPTIMISER|stream=f9139b926fe70f09	93dbb417cb14f3bd
LOCAL_TREE-RECURRENT-MILD	21	DT-I05-NST-v1|EXT|SOURCE|scenario=LOCAL_TREE-RECURRENT-MILD|r=021	f2d2032056a616a0	DT-I05-NST-v1|EXT|OPTIMISER|stream=f2d2032056a616a0	c71f6e8690d84779
LOCAL_TREE-RECURRENT-MILD	22	DT-I05-NST-v1|EXT|SOURCE|scenario=LOCAL_TREE-RECURRENT-MILD|r=022	52f7f763cfb0aea4	DT-I05-NST-v1|EXT|OPTIMISER|stream=52f7f763cfb0aea4	32f64b1fc25ad9f6
LOCAL_TREE-RECURRENT-MILD	23	DT-I05-NST-v1|EXT|SOURCE|scenario=LOCAL_TREE-RECURRENT-MILD|r=023	a5ea7ae1113f4041	DT-I05-NST-v1|EXT|OPTIMISER|stream=a5ea7ae1113f4041	069c662478c8d3e6
LOCAL_TREE-RECURRENT-MILD	24	DT-I05-NST-v1|EXT|SOURCE|scenario=LOCAL_TREE-RECURRENT-MILD|r=024	c1d0a81711329b52	DT-I05-NST-v1|EXT|OPTIMISER|stream=c1d0a81711329b52	0fe4c983a3dabc6a
LOCAL_TREE-RECURRENT-MILD	25	DT-I05-NST-v1|EXT|SOURCE|scenario=LOCAL_TREE-RECURRENT-MILD|r=025	4fa1378800f6aa78	DT-I05-NST-v1|EXT|OPTIMISER|stream=4fa1378800f6aa78	13f30fbb4335c8fe
LOCAL_TREE-RECURRENT-MILD	26	DT-I05-NST-v1|EXT|SOURCE|scenario=LOCAL_TREE-RECURRENT-MILD|r=026	4f11f168baba6009	DT-I05-NST-v1|EXT|OPTIMISER|stream=4f11f168baba6009	135516aee5a3e5bd
LOCAL_TREE-RECURRENT-MILD	27	DT-I05-NST-v1|EXT|SOURCE|scenario=LOCAL_TREE-RECURRENT-MILD|r=027	fb601bcfefd66aa8	DT-I05-NST-v1|EXT|OPTIMISER|stream=fb601bcfefd66aa8	a3bce269cb35b7a5
LOCAL_TREE-RECURRENT-MILD	28	DT-I05-NST-v1|EXT|SOURCE|scenario=LOCAL_TREE-RECURRENT-MILD|r=028	7ef112bd5c022945	DT-I05-NST-v1|EXT|OPTIMISER|stream=7ef112bd5c022945	50348a68a125a980
LOCAL_TREE-RECURRENT-MILD	29	DT-I05-NST-v1|EXT|SOURCE|scenario=LOCAL_TREE-RECURRENT-MILD|r=029	f08be1aab4f2f196	DT-I05-NST-v1|EXT|OPTIMISER|stream=f08be1aab4f2f196	a98f5dc104cf13f0
LOCAL_TREE-RECURRENT-MILD	30	DT-I05-NST-v1|EXT|SOURCE|scenario=LOCAL_TREE-RECURRENT-MILD|r=030	4ff4e88d34b7e77c	DT-I05-NST-v1|EXT|OPTIMISER|stream=4ff4e88d34b7e77c	7fc9f467365cdbb4
LOCAL_TREE-RECURRENT-MILD	31	DT-I05-NST-v1|EXT|SOURCE|scenario=LOCAL_TREE-RECURRENT-MILD|r=031	04366ff3fcfa859c	DT-I05-NST-v1|EXT|OPTIMISER|stream=04366ff3fcfa859c	d08f4c4a96a11fe1
LOCAL_TREE-RECURRENT-MILD	32	DT-I05-NST-v1|EXT|SOURCE|scenario=LOCAL_TREE-RECURRENT-MILD|r=032	e840c321d80c9555	DT-I05-NST-v1|EXT|OPTIMISER|stream=e840c321d80c9555	a5b96a31ad65b65d
LOCAL_TREE-RECURRENT-MILD	33	DT-I05-NST-v1|EXT|SOURCE|scenario=LOCAL_TREE-RECURRENT-MILD|r=033	3f96cfe5be311fde	DT-I05-NST-v1|EXT|OPTIMISER|stream=3f96cfe5be311fde	ba3da12ccb655c99
LOCAL_TREE-RECURRENT-MILD	34	DT-I05-NST-v1|EXT|SOURCE|scenario=LOCAL_TREE-RECURRENT-MILD|r=034	7a163c32b0e1339a	DT-I05-NST-v1|EXT|OPTIMISER|stream=7a163c32b0e1339a	f5b493362790428e
LOCAL_TREE-RECURRENT-MILD	35	DT-I05-NST-v1|EXT|SOURCE|scenario=LOCAL_TREE-RECURRENT-MILD|r=035	cd3d92655a6f4bc8	DT-I05-NST-v1|EXT|OPTIMISER|stream=cd3d92655a6f4bc8	73519ea2427ddc18
LOCAL_TREE-RECURRENT-MILD	36	DT-I05-NST-v1|EXT|SOURCE|scenario=LOCAL_TREE-RECURRENT-MILD|r=036	e8a7f8664f1655c9	DT-I05-NST-v1|EXT|OPTIMISER|stream=e8a7f8664f1655c9	d984571238aa6d78
LOCAL_TREE-RECURRENT-MILD	37	DT-I05-NST-v1|EXT|SOURCE|scenario=LOCAL_TREE-RECURRENT-MILD|r=037	038f80faa552ae99	DT-I05-NST-v1|EXT|OPTIMISER|stream=038f80faa552ae99	54efdb30925f63c6
LOCAL_TREE-RECURRENT-MILD	38	DT-I05-NST-v1|EXT|SOURCE|scenario=LOCAL_TREE-RECURRENT-MILD|r=038	ce909f1a01bcf35f	DT-I05-NST-v1|EXT|OPTIMISER|stream=ce909f1a01bcf35f	5bbff2c12ea2c804
LOCAL_TREE-RECURRENT-MILD	39	DT-I05-NST-v1|EXT|SOURCE|scenario=LOCAL_TREE-RECURRENT-MILD|r=039	99864ea88df7327c	DT-I05-NST-v1|EXT|OPTIMISER|stream=99864ea88df7327c	2b97e41e74d806c6
LOCAL_TREE-RECURRENT-MILD	40	DT-I05-NST-v1|EXT|SOURCE|scenario=LOCAL_TREE-RECURRENT-MILD|r=040	47103c7e52d064ac	DT-I05-NST-v1|EXT|OPTIMISER|stream=47103c7e52d064ac	5e28d54a8929ed70
LOCAL_TREE-RECURRENT-MILD	41	DT-I05-NST-v1|EXT|SOURCE|scenario=LOCAL_TREE-RECURRENT-MILD|r=041	b81edc5749e33dc0	DT-I05-NST-v1|EXT|OPTIMISER|stream=b81edc5749e33dc0	ea5834ff0feacc15
LOCAL_TREE-RECURRENT-MILD	42	DT-I05-NST-v1|EXT|SOURCE|scenario=LOCAL_TREE-RECURRENT-MILD|r=042	9b2e66c0abb5809b	DT-I05-NST-v1|EXT|OPTIMISER|stream=9b2e66c0abb5809b	e7289541c59fa832
LOCAL_TREE-RECURRENT-MILD	43	DT-I05-NST-v1|EXT|SOURCE|scenario=LOCAL_TREE-RECURRENT-MILD|r=043	bd9f7c8f683ccce0	DT-I05-NST-v1|EXT|OPTIMISER|stream=bd9f7c8f683ccce0	1789b14009f5be9d
LOCAL_TREE-RECURRENT-MILD	44	DT-I05-NST-v1|EXT|SOURCE|scenario=LOCAL_TREE-RECURRENT-MILD|r=044	dff569c9a995c4b1	DT-I05-NST-v1|EXT|OPTIMISER|stream=dff569c9a995c4b1	6d55b4278c7f896e
LOCAL_TREE-RECURRENT-MILD	45	DT-I05-NST-v1|EXT|SOURCE|scenario=LOCAL_TREE-RECURRENT-MILD|r=045	4d2919273e7618d0	DT-I05-NST-v1|EXT|OPTIMISER|stream=4d2919273e7618d0	c6731177f15c88e4
LOCAL_TREE-RECURRENT-MILD	46	DT-I05-NST-v1|EXT|SOURCE|scenario=LOCAL_TREE-RECURRENT-MILD|r=046	8a1aa5914d8b83a5	DT-I05-NST-v1|EXT|OPTIMISER|stream=8a1aa5914d8b83a5	0f701adce748f70c
LOCAL_TREE-RECURRENT-MILD	47	DT-I05-NST-v1|EXT|SOURCE|scenario=LOCAL_TREE-RECURRENT-MILD|r=047	7f69eae5406df36e	DT-I05-NST-v1|EXT|OPTIMISER|stream=7f69eae5406df36e	67f9dc6a5d2b3b3c
LOCAL_TREE-RECURRENT-MILD	48	DT-I05-NST-v1|EXT|SOURCE|scenario=LOCAL_TREE-RECURRENT-MILD|r=048	433187ca2ef6e44e	DT-I05-NST-v1|EXT|OPTIMISER|stream=433187ca2ef6e44e	f623c92cc411df47
LOCAL_TREE-RECURRENT-MILD	49	DT-I05-NST-v1|EXT|SOURCE|scenario=LOCAL_TREE-RECURRENT-MILD|r=049	09eafb2751157ced	DT-I05-NST-v1|EXT|OPTIMISER|stream=09eafb2751157ced	3af1e90867232e3f
LOCAL_TREE-RECURRENT-MILD	50	DT-I05-NST-v1|EXT|SOURCE|scenario=LOCAL_TREE-RECURRENT-MILD|r=050	b9c35586f3f42890	DT-I05-NST-v1|EXT|OPTIMISER|stream=b9c35586f3f42890	f3067058558f9f35
LOCAL_TREE-RECURRENT-MILD	51	DT-I05-NST-v1|EXT|SOURCE|scenario=LOCAL_TREE-RECURRENT-MILD|r=051	b90e0572495f88d9	DT-I05-NST-v1|EXT|OPTIMISER|stream=b90e0572495f88d9	af5fa23a0cef9e0e
LOCAL_TREE-RECURRENT-MILD	52	DT-I05-NST-v1|EXT|SOURCE|scenario=LOCAL_TREE-RECURRENT-MILD|r=052	9bda87d3be66bb7c	DT-I05-NST-v1|EXT|OPTIMISER|stream=9bda87d3be66bb7c	79326b1f8c90f4c9
LOCAL_TREE-RECURRENT-MILD	53	DT-I05-NST-v1|EXT|SOURCE|scenario=LOCAL_TREE-RECURRENT-MILD|r=053	774cc4ec0af77716	DT-I05-NST-v1|EXT|OPTIMISER|stream=774cc4ec0af77716	e3d75cb2ff7f8c55
LOCAL_TREE-RECURRENT-MILD	54	DT-I05-NST-v1|EXT|SOURCE|scenario=LOCAL_TREE-RECURRENT-MILD|r=054	0e8e68fce8b8542b	DT-I05-NST-v1|EXT|OPTIMISER|stream=0e8e68fce8b8542b	82c30023e77b8a37
LOCAL_TREE-RECURRENT-MILD	55	DT-I05-NST-v1|EXT|SOURCE|scenario=LOCAL_TREE-RECURRENT-MILD|r=055	ad4c24cbd06d72a4	DT-I05-NST-v1|EXT|OPTIMISER|stream=ad4c24cbd06d72a4	6382d8443c263686
LOCAL_TREE-RECURRENT-MILD	56	DT-I05-NST-v1|EXT|SOURCE|scenario=LOCAL_TREE-RECURRENT-MILD|r=056	f31af1b7dc35e356	DT-I05-NST-v1|EXT|OPTIMISER|stream=f31af1b7dc35e356	c5e18283cbc12141
LOCAL_TREE-RECURRENT-MILD	57	DT-I05-NST-v1|EXT|SOURCE|scenario=LOCAL_TREE-RECURRENT-MILD|r=057	c1489091210daac8	DT-I05-NST-v1|EXT|OPTIMISER|stream=c1489091210daac8	174c7e1f0ef0d6ad
LOCAL_TREE-RECURRENT-MILD	58	DT-I05-NST-v1|EXT|SOURCE|scenario=LOCAL_TREE-RECURRENT-MILD|r=058	210501f2f5238610	DT-I05-NST-v1|EXT|OPTIMISER|stream=210501f2f5238610	0f459e8293155d90
LOCAL_TREE-RECURRENT-MILD	59	DT-I05-NST-v1|EXT|SOURCE|scenario=LOCAL_TREE-RECURRENT-MILD|r=059	45e36d5794210d32	DT-I05-NST-v1|EXT|OPTIMISER|stream=45e36d5794210d32	3d4dc2d20d961b17
LOCAL_TREE-RECURRENT-MILD	60	DT-I05-NST-v1|EXT|SOURCE|scenario=LOCAL_TREE-RECURRENT-MILD|r=060	5ab3b9ee4c6fbd2e	DT-I05-NST-v1|EXT|OPTIMISER|stream=5ab3b9ee4c6fbd2e	b1f95431767a3b18
LOCAL_TREE-RECURRENT-MILD	61	DT-I05-NST-v1|EXT|SOURCE|scenario=LOCAL_TREE-RECURRENT-MILD|r=061	2dc94e0dafcdec2e	DT-I05-NST-v1|EXT|OPTIMISER|stream=2dc94e0dafcdec2e	6b331956458de9cd
LOCAL_TREE-RECURRENT-MILD	62	DT-I05-NST-v1|EXT|SOURCE|scenario=LOCAL_TREE-RECURRENT-MILD|r=062	6a898bf5b01729e7	DT-I05-NST-v1|EXT|OPTIMISER|stream=6a898bf5b01729e7	48406271d63d13d4
LOCAL_TREE-RECURRENT-MILD	63	DT-I05-NST-v1|EXT|SOURCE|scenario=LOCAL_TREE-RECURRENT-MILD|r=063	9a8998c49f8857b8	DT-I05-NST-v1|EXT|OPTIMISER|stream=9a8998c49f8857b8	90d59ea42a195194
LOCAL_TREE-RECURRENT-MILD	64	DT-I05-NST-v1|EXT|SOURCE|scenario=LOCAL_TREE-RECURRENT-MILD|r=064	e30ebaa158c55546	DT-I05-NST-v1|EXT|OPTIMISER|stream=e30ebaa158c55546	4ef3ab36b7504a67
LOCAL_TREE-RECURRENT-MILD	65	DT-I05-NST-v1|EXT|SOURCE|scenario=LOCAL_TREE-RECURRENT-MILD|r=065	a479c09bdb9d20cc	DT-I05-NST-v1|EXT|OPTIMISER|stream=a479c09bdb9d20cc	068eacee984c333e
LOCAL_TREE-RECURRENT-MILD	66	DT-I05-NST-v1|EXT|SOURCE|scenario=LOCAL_TREE-RECURRENT-MILD|r=066	283da020c9a7d285	DT-I05-NST-v1|EXT|OPTIMISER|stream=283da020c9a7d285	213ba5f7b1d9fbe9
LOCAL_TREE-RECURRENT-MILD	67	DT-I05-NST-v1|EXT|SOURCE|scenario=LOCAL_TREE-RECURRENT-MILD|r=067	e43ecfc495ec9aa7	DT-I05-NST-v1|EXT|OPTIMISER|stream=e43ecfc495ec9aa7	55dbe20f6f2de191
LOCAL_TREE-RECURRENT-MILD	68	DT-I05-NST-v1|EXT|SOURCE|scenario=LOCAL_TREE-RECURRENT-MILD|r=068	4ba88fc07967552c	DT-I05-NST-v1|EXT|OPTIMISER|stream=4ba88fc07967552c	b4f91c7f174347ec
LOCAL_TREE-RECURRENT-MILD	69	DT-I05-NST-v1|EXT|SOURCE|scenario=LOCAL_TREE-RECURRENT-MILD|r=069	4e276ab264849484	DT-I05-NST-v1|EXT|OPTIMISER|stream=4e276ab264849484	d3cfc4c62a8573cb
LOCAL_TREE-RECURRENT-MILD	70	DT-I05-NST-v1|EXT|SOURCE|scenario=LOCAL_TREE-RECURRENT-MILD|r=070	1a01f41329698e34	DT-I05-NST-v1|EXT|OPTIMISER|stream=1a01f41329698e34	03eed9b9d3f7f8d1
LOCAL_TREE-RECURRENT-MILD	71	DT-I05-NST-v1|EXT|SOURCE|scenario=LOCAL_TREE-RECURRENT-MILD|r=071	71006046d41cacfc	DT-I05-NST-v1|EXT|OPTIMISER|stream=71006046d41cacfc	85c3937c17753fd2
LOCAL_TREE-RECURRENT-MILD	72	DT-I05-NST-v1|EXT|SOURCE|scenario=LOCAL_TREE-RECURRENT-MILD|r=072	32b814e6f93581f3	DT-I05-NST-v1|EXT|OPTIMISER|stream=32b814e6f93581f3	45c9c00b211499b2
LOCAL_TREE-RECURRENT-MILD	73	DT-I05-NST-v1|EXT|SOURCE|scenario=LOCAL_TREE-RECURRENT-MILD|r=073	592023d9edfffc39	DT-I05-NST-v1|EXT|OPTIMISER|stream=592023d9edfffc39	4e7ce7da3e1b85fe
LOCAL_TREE-RECURRENT-MILD	74	DT-I05-NST-v1|EXT|SOURCE|scenario=LOCAL_TREE-RECURRENT-MILD|r=074	75f465b3bf0e7966	DT-I05-NST-v1|EXT|OPTIMISER|stream=75f465b3bf0e7966	8ef20853bf2fefba
LOCAL_TREE-RECURRENT-MILD	75	DT-I05-NST-v1|EXT|SOURCE|scenario=LOCAL_TREE-RECURRENT-MILD|r=075	bb4ff5530f18fe8c	DT-I05-NST-v1|EXT|OPTIMISER|stream=bb4ff5530f18fe8c	c8d8666f1e669586
LOCAL_TREE-RECURRENT-MILD	76	DT-I05-NST-v1|EXT|SOURCE|scenario=LOCAL_TREE-RECURRENT-MILD|r=076	45c91e83ed6286fe	DT-I05-NST-v1|EXT|OPTIMISER|stream=45c91e83ed6286fe	f8d77e8bfa0a4748
LOCAL_TREE-RECURRENT-MILD	77	DT-I05-NST-v1|EXT|SOURCE|scenario=LOCAL_TREE-RECURRENT-MILD|r=077	1d5127a483fc83e3	DT-I05-NST-v1|EXT|OPTIMISER|stream=1d5127a483fc83e3	576be5f83e1b174a
LOCAL_TREE-RECURRENT-MILD	78	DT-I05-NST-v1|EXT|SOURCE|scenario=LOCAL_TREE-RECURRENT-MILD|r=078	4e81220934336ea2	DT-I05-NST-v1|EXT|OPTIMISER|stream=4e81220934336ea2	211ae288ff173fc0
LOCAL_TREE-RECURRENT-MILD	79	DT-I05-NST-v1|EXT|SOURCE|scenario=LOCAL_TREE-RECURRENT-MILD|r=079	d9fce89014a77e22	DT-I05-NST-v1|EXT|OPTIMISER|stream=d9fce89014a77e22	bc6fe56b7bcf3194
LOCAL_TREE-RECURRENT-SEVERE	0	DT-I05-NST-v1|EXT|SOURCE|scenario=LOCAL_TREE-RECURRENT-SEVERE|r=000	d34708c39bc70be7	DT-I05-NST-v1|EXT|OPTIMISER|stream=d34708c39bc70be7	f9acba3ccf488850
LOCAL_TREE-RECURRENT-SEVERE	1	DT-I05-NST-v1|EXT|SOURCE|scenario=LOCAL_TREE-RECURRENT-SEVERE|r=001	75119131053ce3d5	DT-I05-NST-v1|EXT|OPTIMISER|stream=75119131053ce3d5	3039ff3900ba62a1
LOCAL_TREE-RECURRENT-SEVERE	2	DT-I05-NST-v1|EXT|SOURCE|scenario=LOCAL_TREE-RECURRENT-SEVERE|r=002	d843f711a3d80ff6	DT-I05-NST-v1|EXT|OPTIMISER|stream=d843f711a3d80ff6	33a599d690ba11b8
LOCAL_TREE-RECURRENT-SEVERE	3	DT-I05-NST-v1|EXT|SOURCE|scenario=LOCAL_TREE-RECURRENT-SEVERE|r=003	0707fdb88b186bca	DT-I05-NST-v1|EXT|OPTIMISER|stream=0707fdb88b186bca	bf0274aee896f4c5
LOCAL_TREE-RECURRENT-SEVERE	4	DT-I05-NST-v1|EXT|SOURCE|scenario=LOCAL_TREE-RECURRENT-SEVERE|r=004	58f54cb95cb565f4	DT-I05-NST-v1|EXT|OPTIMISER|stream=58f54cb95cb565f4	1e86a199baaa8eb0
LOCAL_TREE-RECURRENT-SEVERE	5	DT-I05-NST-v1|EXT|SOURCE|scenario=LOCAL_TREE-RECURRENT-SEVERE|r=005	11a29c8f59bb8d46	DT-I05-NST-v1|EXT|OPTIMISER|stream=11a29c8f59bb8d46	b32b78310f572e58
LOCAL_TREE-RECURRENT-SEVERE	6	DT-I05-NST-v1|EXT|SOURCE|scenario=LOCAL_TREE-RECURRENT-SEVERE|r=006	2aaaea4fd3cd0fd8	DT-I05-NST-v1|EXT|OPTIMISER|stream=2aaaea4fd3cd0fd8	9737306f5eb7bf2c
LOCAL_TREE-RECURRENT-SEVERE	7	DT-I05-NST-v1|EXT|SOURCE|scenario=LOCAL_TREE-RECURRENT-SEVERE|r=007	814f8a26fcda7c23	DT-I05-NST-v1|EXT|OPTIMISER|stream=814f8a26fcda7c23	f026cc19a063e91d
LOCAL_TREE-RECURRENT-SEVERE	8	DT-I05-NST-v1|EXT|SOURCE|scenario=LOCAL_TREE-RECURRENT-SEVERE|r=008	5e2b1841c1f8061d	DT-I05-NST-v1|EXT|OPTIMISER|stream=5e2b1841c1f8061d	fcd0047e85adc4f1
LOCAL_TREE-RECURRENT-SEVERE	9	DT-I05-NST-v1|EXT|SOURCE|scenario=LOCAL_TREE-RECURRENT-SEVERE|r=009	bb4ed965ada4850b	DT-I05-NST-v1|EXT|OPTIMISER|stream=bb4ed965ada4850b	6631475dd061817f
LOCAL_TREE-RECURRENT-SEVERE	10	DT-I05-NST-v1|EXT|SOURCE|scenario=LOCAL_TREE-RECURRENT-SEVERE|r=010	6750f5ede0a274ba	DT-I05-NST-v1|EXT|OPTIMISER|stream=6750f5ede0a274ba	3a9a5bde477181b6
LOCAL_TREE-RECURRENT-SEVERE	11	DT-I05-NST-v1|EXT|SOURCE|scenario=LOCAL_TREE-RECURRENT-SEVERE|r=011	e9765bbdfac922d7	DT-I05-NST-v1|EXT|OPTIMISER|stream=e9765bbdfac922d7	648b3008decc5309
LOCAL_TREE-RECURRENT-SEVERE	12	DT-I05-NST-v1|EXT|SOURCE|scenario=LOCAL_TREE-RECURRENT-SEVERE|r=012	0c27ae0c6c4647a3	DT-I05-NST-v1|EXT|OPTIMISER|stream=0c27ae0c6c4647a3	035a5108aa42e076
LOCAL_TREE-RECURRENT-SEVERE	13	DT-I05-NST-v1|EXT|SOURCE|scenario=LOCAL_TREE-RECURRENT-SEVERE|r=013	bc92ad430727e7d8	DT-I05-NST-v1|EXT|OPTIMISER|stream=bc92ad430727e7d8	155c60768f464d45
LOCAL_TREE-RECURRENT-SEVERE	14	DT-I05-NST-v1|EXT|SOURCE|scenario=LOCAL_TREE-RECURRENT-SEVERE|r=014	4f4202f3f57ec936	DT-I05-NST-v1|EXT|OPTIMISER|stream=4f4202f3f57ec936	56a94baad8f49011
LOCAL_TREE-RECURRENT-SEVERE	15	DT-I05-NST-v1|EXT|SOURCE|scenario=LOCAL_TREE-RECURRENT-SEVERE|r=015	733164791681daa5	DT-I05-NST-v1|EXT|OPTIMISER|stream=733164791681daa5	6501388c979460b5
LOCAL_TREE-RECURRENT-SEVERE	16	DT-I05-NST-v1|EXT|SOURCE|scenario=LOCAL_TREE-RECURRENT-SEVERE|r=016	988ac7046e4084d6	DT-I05-NST-v1|EXT|OPTIMISER|stream=988ac7046e4084d6	aedadb9d1110aa9e
LOCAL_TREE-RECURRENT-SEVERE	17	DT-I05-NST-v1|EXT|SOURCE|scenario=LOCAL_TREE-RECURRENT-SEVERE|r=017	af996521335016cd	DT-I05-NST-v1|EXT|OPTIMISER|stream=af996521335016cd	39c3e2337790dc94
LOCAL_TREE-RECURRENT-SEVERE	18	DT-I05-NST-v1|EXT|SOURCE|scenario=LOCAL_TREE-RECURRENT-SEVERE|r=018	88d7e18ffd32aa24	DT-I05-NST-v1|EXT|OPTIMISER|stream=88d7e18ffd32aa24	03fa8ed362d4906c
LOCAL_TREE-RECURRENT-SEVERE	19	DT-I05-NST-v1|EXT|SOURCE|scenario=LOCAL_TREE-RECURRENT-SEVERE|r=019	0c0d56a3bf38d10d	DT-I05-NST-v1|EXT|OPTIMISER|stream=0c0d56a3bf38d10d	cee780887742486c
LOCAL_TREE-RECURRENT-SEVERE	20	DT-I05-NST-v1|EXT|SOURCE|scenario=LOCAL_TREE-RECURRENT-SEVERE|r=020	d33932dd687c6b14	DT-I05-NST-v1|EXT|OPTIMISER|stream=d33932dd687c6b14	982343c24afb6db9
LOCAL_TREE-RECURRENT-SEVERE	21	DT-I05-NST-v1|EXT|SOURCE|scenario=LOCAL_TREE-RECURRENT-SEVERE|r=021	e8d87c79f1685b36	DT-I05-NST-v1|EXT|OPTIMISER|stream=e8d87c79f1685b36	3273de4328afc636
LOCAL_TREE-RECURRENT-SEVERE	22	DT-I05-NST-v1|EXT|SOURCE|scenario=LOCAL_TREE-RECURRENT-SEVERE|r=022	459988bda1ccaa1f	DT-I05-NST-v1|EXT|OPTIMISER|stream=459988bda1ccaa1f	f24d88c26e4dcd15
LOCAL_TREE-RECURRENT-SEVERE	23	DT-I05-NST-v1|EXT|SOURCE|scenario=LOCAL_TREE-RECURRENT-SEVERE|r=023	b90963df5d0207d5	DT-I05-NST-v1|EXT|OPTIMISER|stream=b90963df5d0207d5	0b87b662125b1393
LOCAL_TREE-RECURRENT-SEVERE	24	DT-I05-NST-v1|EXT|SOURCE|scenario=LOCAL_TREE-RECURRENT-SEVERE|r=024	2c401403d71257e5	DT-I05-NST-v1|EXT|OPTIMISER|stream=2c401403d71257e5	60038a4ac2cd5daa
LOCAL_TREE-RECURRENT-SEVERE	25	DT-I05-NST-v1|EXT|SOURCE|scenario=LOCAL_TREE-RECURRENT-SEVERE|r=025	69f5019d3b97e534	DT-I05-NST-v1|EXT|OPTIMISER|stream=69f5019d3b97e534	6a8b70628a7ab919
LOCAL_TREE-RECURRENT-SEVERE	26	DT-I05-NST-v1|EXT|SOURCE|scenario=LOCAL_TREE-RECURRENT-SEVERE|r=026	84cf81ac019e61a9	DT-I05-NST-v1|EXT|OPTIMISER|stream=84cf81ac019e61a9	fa9168b27b586922
LOCAL_TREE-RECURRENT-SEVERE	27	DT-I05-NST-v1|EXT|SOURCE|scenario=LOCAL_TREE-RECURRENT-SEVERE|r=027	6f39e1d3b4d6e18b	DT-I05-NST-v1|EXT|OPTIMISER|stream=6f39e1d3b4d6e18b	b52198314446106a
LOCAL_TREE-RECURRENT-SEVERE	28	DT-I05-NST-v1|EXT|SOURCE|scenario=LOCAL_TREE-RECURRENT-SEVERE|r=028	de920ba7d942cbad	DT-I05-NST-v1|EXT|OPTIMISER|stream=de920ba7d942cbad	b3b1911c05dad2c4
LOCAL_TREE-RECURRENT-SEVERE	29	DT-I05-NST-v1|EXT|SOURCE|scenario=LOCAL_TREE-RECURRENT-SEVERE|r=029	a064f08a26951b89	DT-I05-NST-v1|EXT|OPTIMISER|stream=a064f08a26951b89	2d6e30ed4c5e9101
LOCAL_TREE-RECURRENT-SEVERE	30	DT-I05-NST-v1|EXT|SOURCE|scenario=LOCAL_TREE-RECURRENT-SEVERE|r=030	1911fcc1848bc3ed	DT-I05-NST-v1|EXT|OPTIMISER|stream=1911fcc1848bc3ed	3e2d23e262388ebe
LOCAL_TREE-RECURRENT-SEVERE	31	DT-I05-NST-v1|EXT|SOURCE|scenario=LOCAL_TREE-RECURRENT-SEVERE|r=031	d635a03c8a4c73c8	DT-I05-NST-v1|EXT|OPTIMISER|stream=d635a03c8a4c73c8	4de822d9dd966604
LOCAL_TREE-RECURRENT-SEVERE	32	DT-I05-NST-v1|EXT|SOURCE|scenario=LOCAL_TREE-RECURRENT-SEVERE|r=032	6dc40fc96b5cd724	DT-I05-NST-v1|EXT|OPTIMISER|stream=6dc40fc96b5cd724	2b2ba22776549fd9
LOCAL_TREE-RECURRENT-SEVERE	33	DT-I05-NST-v1|EXT|SOURCE|scenario=LOCAL_TREE-RECURRENT-SEVERE|r=033	ea436cccd28588f5	DT-I05-NST-v1|EXT|OPTIMISER|stream=ea436cccd28588f5	28665d6e5408f4eb
LOCAL_TREE-RECURRENT-SEVERE	34	DT-I05-NST-v1|EXT|SOURCE|scenario=LOCAL_TREE-RECURRENT-SEVERE|r=034	3b908a3700c7e623	DT-I05-NST-v1|EXT|OPTIMISER|stream=3b908a3700c7e623	17db1121372a223f
LOCAL_TREE-RECURRENT-SEVERE	35	DT-I05-NST-v1|EXT|SOURCE|scenario=LOCAL_TREE-RECURRENT-SEVERE|r=035	b484ea75537472fd	DT-I05-NST-v1|EXT|OPTIMISER|stream=b484ea75537472fd	68c64b0f7d602478
LOCAL_TREE-RECURRENT-SEVERE	36	DT-I05-NST-v1|EXT|SOURCE|scenario=LOCAL_TREE-RECURRENT-SEVERE|r=036	2a90f6546417b85b	DT-I05-NST-v1|EXT|OPTIMISER|stream=2a90f6546417b85b	1e8aa7f914f27f97
LOCAL_TREE-RECURRENT-SEVERE	37	DT-I05-NST-v1|EXT|SOURCE|scenario=LOCAL_TREE-RECURRENT-SEVERE|r=037	e92f25a7aab7f9f0	DT-I05-NST-v1|EXT|OPTIMISER|stream=e92f25a7aab7f9f0	6065b593b2c23025
LOCAL_TREE-RECURRENT-SEVERE	38	DT-I05-NST-v1|EXT|SOURCE|scenario=LOCAL_TREE-RECURRENT-SEVERE|r=038	1efdfec52b0cb118	DT-I05-NST-v1|EXT|OPTIMISER|stream=1efdfec52b0cb118	3afb1e72576efb64
LOCAL_TREE-RECURRENT-SEVERE	39	DT-I05-NST-v1|EXT|SOURCE|scenario=LOCAL_TREE-RECURRENT-SEVERE|r=039	f4ac922e1d1fad9e	DT-I05-NST-v1|EXT|OPTIMISER|stream=f4ac922e1d1fad9e	2463fa843cdabcd1
LOCAL_TREE-RECURRENT-SEVERE	40	DT-I05-NST-v1|EXT|SOURCE|scenario=LOCAL_TREE-RECURRENT-SEVERE|r=040	4801856578d26089	DT-I05-NST-v1|EXT|OPTIMISER|stream=4801856578d26089	993dbd803d49f062
LOCAL_TREE-RECURRENT-SEVERE	41	DT-I05-NST-v1|EXT|SOURCE|scenario=LOCAL_TREE-RECURRENT-SEVERE|r=041	a826506dae6d597f	DT-I05-NST-v1|EXT|OPTIMISER|stream=a826506dae6d597f	a90ea08856649b65
LOCAL_TREE-RECURRENT-SEVERE	42	DT-I05-NST-v1|EXT|SOURCE|scenario=LOCAL_TREE-RECURRENT-SEVERE|r=042	9fe69aa8560bc29c	DT-I05-NST-v1|EXT|OPTIMISER|stream=9fe69aa8560bc29c	20591026a7425323
LOCAL_TREE-RECURRENT-SEVERE	43	DT-I05-NST-v1|EXT|SOURCE|scenario=LOCAL_TREE-RECURRENT-SEVERE|r=043	1b337ea3e84027a8	DT-I05-NST-v1|EXT|OPTIMISER|stream=1b337ea3e84027a8	3ca626580068391b
LOCAL_TREE-RECURRENT-SEVERE	44	DT-I05-NST-v1|EXT|SOURCE|scenario=LOCAL_TREE-RECURRENT-SEVERE|r=044	5268d64cef0286a0	DT-I05-NST-v1|EXT|OPTIMISER|stream=5268d64cef0286a0	82048269f156238b
LOCAL_TREE-RECURRENT-SEVERE	45	DT-I05-NST-v1|EXT|SOURCE|scenario=LOCAL_TREE-RECURRENT-SEVERE|r=045	0936b49741f0f7ec	DT-I05-NST-v1|EXT|OPTIMISER|stream=0936b49741f0f7ec	5fa706063e7891e3
LOCAL_TREE-RECURRENT-SEVERE	46	DT-I05-NST-v1|EXT|SOURCE|scenario=LOCAL_TREE-RECURRENT-SEVERE|r=046	c019da9eb3d32289	DT-I05-NST-v1|EXT|OPTIMISER|stream=c019da9eb3d32289	f42352c4ee54ca40
LOCAL_TREE-RECURRENT-SEVERE	47	DT-I05-NST-v1|EXT|SOURCE|scenario=LOCAL_TREE-RECURRENT-SEVERE|r=047	e081761b520d3a23	DT-I05-NST-v1|EXT|OPTIMISER|stream=e081761b520d3a23	7aa008a64a5828c4
LOCAL_TREE-RECURRENT-SEVERE	48	DT-I05-NST-v1|EXT|SOURCE|scenario=LOCAL_TREE-RECURRENT-SEVERE|r=048	3eafe610f318bd2f	DT-I05-NST-v1|EXT|OPTIMISER|stream=3eafe610f318bd2f	00f11bb8d5f01eb3
LOCAL_TREE-RECURRENT-SEVERE	49	DT-I05-NST-v1|EXT|SOURCE|scenario=LOCAL_TREE-RECURRENT-SEVERE|r=049	33391ab7ceb33e94	DT-I05-NST-v1|EXT|OPTIMISER|stream=33391ab7ceb33e94	c4d4645465e88644
LOCAL_TREE-RECURRENT-SEVERE	50	DT-I05-NST-v1|EXT|SOURCE|scenario=LOCAL_TREE-RECURRENT-SEVERE|r=050	f07110adeb865690	DT-I05-NST-v1|EXT|OPTIMISER|stream=f07110adeb865690	eac4206fe690b874
LOCAL_TREE-RECURRENT-SEVERE	51	DT-I05-NST-v1|EXT|SOURCE|scenario=LOCAL_TREE-RECURRENT-SEVERE|r=051	bfe919b1ffa0d7c1	DT-I05-NST-v1|EXT|OPTIMISER|stream=bfe919b1ffa0d7c1	9b69f55852c9ce74
LOCAL_TREE-RECURRENT-SEVERE	52	DT-I05-NST-v1|EXT|SOURCE|scenario=LOCAL_TREE-RECURRENT-SEVERE|r=052	71482bef3d770309	DT-I05-NST-v1|EXT|OPTIMISER|stream=71482bef3d770309	f0ecb1332c2c5841
LOCAL_TREE-RECURRENT-SEVERE	53	DT-I05-NST-v1|EXT|SOURCE|scenario=LOCAL_TREE-RECURRENT-SEVERE|r=053	98a3c8d066f0a75d	DT-I05-NST-v1|EXT|OPTIMISER|stream=98a3c8d066f0a75d	cf8b47b61ea185fe
LOCAL_TREE-RECURRENT-SEVERE	54	DT-I05-NST-v1|EXT|SOURCE|scenario=LOCAL_TREE-RECURRENT-SEVERE|r=054	55c61f9b70e1847b	DT-I05-NST-v1|EXT|OPTIMISER|stream=55c61f9b70e1847b	92ec24d087227291
LOCAL_TREE-RECURRENT-SEVERE	55	DT-I05-NST-v1|EXT|SOURCE|scenario=LOCAL_TREE-RECURRENT-SEVERE|r=055	43547f6a62692e9e	DT-I05-NST-v1|EXT|OPTIMISER|stream=43547f6a62692e9e	25adde28ee407777
LOCAL_TREE-RECURRENT-SEVERE	56	DT-I05-NST-v1|EXT|SOURCE|scenario=LOCAL_TREE-RECURRENT-SEVERE|r=056	00d121727bab2760	DT-I05-NST-v1|EXT|OPTIMISER|stream=00d121727bab2760	e1a4726983d46a76
LOCAL_TREE-RECURRENT-SEVERE	57	DT-I05-NST-v1|EXT|SOURCE|scenario=LOCAL_TREE-RECURRENT-SEVERE|r=057	f804e74d03f15996	DT-I05-NST-v1|EXT|OPTIMISER|stream=f804e74d03f15996	37c96f88a1bdacb6
LOCAL_TREE-RECURRENT-SEVERE	58	DT-I05-NST-v1|EXT|SOURCE|scenario=LOCAL_TREE-RECURRENT-SEVERE|r=058	44a1b2c85cff3daf	DT-I05-NST-v1|EXT|OPTIMISER|stream=44a1b2c85cff3daf	3a1df8a213aae928
LOCAL_TREE-RECURRENT-SEVERE	59	DT-I05-NST-v1|EXT|SOURCE|scenario=LOCAL_TREE-RECURRENT-SEVERE|r=059	50eb8764f50da79e	DT-I05-NST-v1|EXT|OPTIMISER|stream=50eb8764f50da79e	897481bd66cadc86
LOCAL_TREE-RECURRENT-SEVERE	60	DT-I05-NST-v1|EXT|SOURCE|scenario=LOCAL_TREE-RECURRENT-SEVERE|r=060	11352fcc59c27a21	DT-I05-NST-v1|EXT|OPTIMISER|stream=11352fcc59c27a21	772b527e6a25a29c
LOCAL_TREE-RECURRENT-SEVERE	61	DT-I05-NST-v1|EXT|SOURCE|scenario=LOCAL_TREE-RECURRENT-SEVERE|r=061	cbee835a4c397628	DT-I05-NST-v1|EXT|OPTIMISER|stream=cbee835a4c397628	2fc5d6e9cbeb319f
LOCAL_TREE-RECURRENT-SEVERE	62	DT-I05-NST-v1|EXT|SOURCE|scenario=LOCAL_TREE-RECURRENT-SEVERE|r=062	e6ffc7be8cd24249	DT-I05-NST-v1|EXT|OPTIMISER|stream=e6ffc7be8cd24249	0b1707514d39ff0f
LOCAL_TREE-RECURRENT-SEVERE	63	DT-I05-NST-v1|EXT|SOURCE|scenario=LOCAL_TREE-RECURRENT-SEVERE|r=063	39b2d739bdda3ab1	DT-I05-NST-v1|EXT|OPTIMISER|stream=39b2d739bdda3ab1	86e9f836acbe2a1d
LOCAL_TREE-RECURRENT-SEVERE	64	DT-I05-NST-v1|EXT|SOURCE|scenario=LOCAL_TREE-RECURRENT-SEVERE|r=064	b48ef9dd6e7748ae	DT-I05-NST-v1|EXT|OPTIMISER|stream=b48ef9dd6e7748ae	74a822c9b7c9f2be
LOCAL_TREE-RECURRENT-SEVERE	65	DT-I05-NST-v1|EXT|SOURCE|scenario=LOCAL_TREE-RECURRENT-SEVERE|r=065	092d455bd0e203e0	DT-I05-NST-v1|EXT|OPTIMISER|stream=092d455bd0e203e0	d7696c973a217079
LOCAL_TREE-RECURRENT-SEVERE	66	DT-I05-NST-v1|EXT|SOURCE|scenario=LOCAL_TREE-RECURRENT-SEVERE|r=066	adba846ac46da549	DT-I05-NST-v1|EXT|OPTIMISER|stream=adba846ac46da549	2ff6575fb84a687c
LOCAL_TREE-RECURRENT-SEVERE	67	DT-I05-NST-v1|EXT|SOURCE|scenario=LOCAL_TREE-RECURRENT-SEVERE|r=067	1d3a54f3e508deea	DT-I05-NST-v1|EXT|OPTIMISER|stream=1d3a54f3e508deea	bf28ba45695c7347
LOCAL_TREE-RECURRENT-SEVERE	68	DT-I05-NST-v1|EXT|SOURCE|scenario=LOCAL_TREE-RECURRENT-SEVERE|r=068	6060d1faed72f4f7	DT-I05-NST-v1|EXT|OPTIMISER|stream=6060d1faed72f4f7	292f43ccd2f44e62
LOCAL_TREE-RECURRENT-SEVERE	69	DT-I05-NST-v1|EXT|SOURCE|scenario=LOCAL_TREE-RECURRENT-SEVERE|r=069	fadcccc8503fb3d3	DT-I05-NST-v1|EXT|OPTIMISER|stream=fadcccc8503fb3d3	2b99117bd9002a4a
LOCAL_TREE-RECURRENT-SEVERE	70	DT-I05-NST-v1|EXT|SOURCE|scenario=LOCAL_TREE-RECURRENT-SEVERE|r=070	67388167d2e328cb	DT-I05-NST-v1|EXT|OPTIMISER|stream=67388167d2e328cb	28ea0df256a10a32
LOCAL_TREE-RECURRENT-SEVERE	71	DT-I05-NST-v1|EXT|SOURCE|scenario=LOCAL_TREE-RECURRENT-SEVERE|r=071	8c13184b5b349508	DT-I05-NST-v1|EXT|OPTIMISER|stream=8c13184b5b349508	43a278190bbfd42d
LOCAL_TREE-RECURRENT-SEVERE	72	DT-I05-NST-v1|EXT|SOURCE|scenario=LOCAL_TREE-RECURRENT-SEVERE|r=072	c26148990f931bf5	DT-I05-NST-v1|EXT|OPTIMISER|stream=c26148990f931bf5	a647a722265eebce
LOCAL_TREE-RECURRENT-SEVERE	73	DT-I05-NST-v1|EXT|SOURCE|scenario=LOCAL_TREE-RECURRENT-SEVERE|r=073	24d9cae1b29ef43b	DT-I05-NST-v1|EXT|OPTIMISER|stream=24d9cae1b29ef43b	efc880c9ad1aa0eb
LOCAL_TREE-RECURRENT-SEVERE	74	DT-I05-NST-v1|EXT|SOURCE|scenario=LOCAL_TREE-RECURRENT-SEVERE|r=074	65307683067e1a6c	DT-I05-NST-v1|EXT|OPTIMISER|stream=65307683067e1a6c	b8a3b1e2ef63feab
LOCAL_TREE-RECURRENT-SEVERE	75	DT-I05-NST-v1|EXT|SOURCE|scenario=LOCAL_TREE-RECURRENT-SEVERE|r=075	c1c710e1c4d51058	DT-I05-NST-v1|EXT|OPTIMISER|stream=c1c710e1c4d51058	f49b29fb16b6dd33
LOCAL_TREE-RECURRENT-SEVERE	76	DT-I05-NST-v1|EXT|SOURCE|scenario=LOCAL_TREE-RECURRENT-SEVERE|r=076	0e2fd2e33999bd06	DT-I05-NST-v1|EXT|OPTIMISER|stream=0e2fd2e33999bd06	30427e73bc703e81
LOCAL_TREE-RECURRENT-SEVERE	77	DT-I05-NST-v1|EXT|SOURCE|scenario=LOCAL_TREE-RECURRENT-SEVERE|r=077	8eee457f3d638737	DT-I05-NST-v1|EXT|OPTIMISER|stream=8eee457f3d638737	c1aa4282f4fa00f2
LOCAL_TREE-RECURRENT-SEVERE	78	DT-I05-NST-v1|EXT|SOURCE|scenario=LOCAL_TREE-RECURRENT-SEVERE|r=078	149fed1e3b93b9ed	DT-I05-NST-v1|EXT|OPTIMISER|stream=149fed1e3b93b9ed	c96adec53032c897
LOCAL_TREE-RECURRENT-SEVERE	79	DT-I05-NST-v1|EXT|SOURCE|scenario=LOCAL_TREE-RECURRENT-SEVERE|r=079	97ab9314e3f29f65	DT-I05-NST-v1|EXT|OPTIMISER|stream=97ab9314e3f29f65	da72334ec6a287b8
LOCAL_TREE-STATIONARY-NONE	0	DT-I05-NST-v1|EXT|SOURCE|scenario=LOCAL_TREE-STATIONARY-NONE|r=000	88a16ce4cce4b415	DT-I05-NST-v1|EXT|OPTIMISER|stream=88a16ce4cce4b415	b845196044ddd189
LOCAL_TREE-STATIONARY-NONE	1	DT-I05-NST-v1|EXT|SOURCE|scenario=LOCAL_TREE-STATIONARY-NONE|r=001	8ca6d91c6bf2f05c	DT-I05-NST-v1|EXT|OPTIMISER|stream=8ca6d91c6bf2f05c	5357df62e5b9b42e
LOCAL_TREE-STATIONARY-NONE	2	DT-I05-NST-v1|EXT|SOURCE|scenario=LOCAL_TREE-STATIONARY-NONE|r=002	c425b18e6971ee9a	DT-I05-NST-v1|EXT|OPTIMISER|stream=c425b18e6971ee9a	dd21fdeb0544599e
LOCAL_TREE-STATIONARY-NONE	3	DT-I05-NST-v1|EXT|SOURCE|scenario=LOCAL_TREE-STATIONARY-NONE|r=003	cb1e6143d2f2f053	DT-I05-NST-v1|EXT|OPTIMISER|stream=cb1e6143d2f2f053	0d6d040c532238af
LOCAL_TREE-STATIONARY-NONE	4	DT-I05-NST-v1|EXT|SOURCE|scenario=LOCAL_TREE-STATIONARY-NONE|r=004	64da471ca9efe3b9	DT-I05-NST-v1|EXT|OPTIMISER|stream=64da471ca9efe3b9	9e446d04a741193d
LOCAL_TREE-STATIONARY-NONE	5	DT-I05-NST-v1|EXT|SOURCE|scenario=LOCAL_TREE-STATIONARY-NONE|r=005	24efe6a4aef5d1a4	DT-I05-NST-v1|EXT|OPTIMISER|stream=24efe6a4aef5d1a4	83c9ee57509cb081
LOCAL_TREE-STATIONARY-NONE	6	DT-I05-NST-v1|EXT|SOURCE|scenario=LOCAL_TREE-STATIONARY-NONE|r=006	f1f358552e95f43a	DT-I05-NST-v1|EXT|OPTIMISER|stream=f1f358552e95f43a	483eb28cafce8f05
LOCAL_TREE-STATIONARY-NONE	7	DT-I05-NST-v1|EXT|SOURCE|scenario=LOCAL_TREE-STATIONARY-NONE|r=007	66dc7d0bd9bcd9f6	DT-I05-NST-v1|EXT|OPTIMISER|stream=66dc7d0bd9bcd9f6	41a3f1d1a22625e0
LOCAL_TREE-STATIONARY-NONE	8	DT-I05-NST-v1|EXT|SOURCE|scenario=LOCAL_TREE-STATIONARY-NONE|r=008	9bec38b501853158	DT-I05-NST-v1|EXT|OPTIMISER|stream=9bec38b501853158	1dfd36969ef9657c
LOCAL_TREE-STATIONARY-NONE	9	DT-I05-NST-v1|EXT|SOURCE|scenario=LOCAL_TREE-STATIONARY-NONE|r=009	71fad6e5b0758bb6	DT-I05-NST-v1|EXT|OPTIMISER|stream=71fad6e5b0758bb6	0edf2e1d94e90194
LOCAL_TREE-STATIONARY-NONE	10	DT-I05-NST-v1|EXT|SOURCE|scenario=LOCAL_TREE-STATIONARY-NONE|r=010	62ac064521e7a4c8	DT-I05-NST-v1|EXT|OPTIMISER|stream=62ac064521e7a4c8	5f43b4edea7b3e8e
LOCAL_TREE-STATIONARY-NONE	11	DT-I05-NST-v1|EXT|SOURCE|scenario=LOCAL_TREE-STATIONARY-NONE|r=011	a141e914a2e9f139	DT-I05-NST-v1|EXT|OPTIMISER|stream=a141e914a2e9f139	1ad092c2222584a5
LOCAL_TREE-STATIONARY-NONE	12	DT-I05-NST-v1|EXT|SOURCE|scenario=LOCAL_TREE-STATIONARY-NONE|r=012	75a90cf0be0c6cbb	DT-I05-NST-v1|EXT|OPTIMISER|stream=75a90cf0be0c6cbb	8dfea3920fd16d43
LOCAL_TREE-STATIONARY-NONE	13	DT-I05-NST-v1|EXT|SOURCE|scenario=LOCAL_TREE-STATIONARY-NONE|r=013	f58ef5d9888f87c6	DT-I05-NST-v1|EXT|OPTIMISER|stream=f58ef5d9888f87c6	7fb251205fdb76ac
LOCAL_TREE-STATIONARY-NONE	14	DT-I05-NST-v1|EXT|SOURCE|scenario=LOCAL_TREE-STATIONARY-NONE|r=014	c5a36214e7ba46ab	DT-I05-NST-v1|EXT|OPTIMISER|stream=c5a36214e7ba46ab	c22fd4c06433915c
LOCAL_TREE-STATIONARY-NONE	15	DT-I05-NST-v1|EXT|SOURCE|scenario=LOCAL_TREE-STATIONARY-NONE|r=015	723ed70fd6641db7	DT-I05-NST-v1|EXT|OPTIMISER|stream=723ed70fd6641db7	1bdf398fe216b3ae
LOCAL_TREE-STATIONARY-NONE	16	DT-I05-NST-v1|EXT|SOURCE|scenario=LOCAL_TREE-STATIONARY-NONE|r=016	cb671fecbc503c24	DT-I05-NST-v1|EXT|OPTIMISER|stream=cb671fecbc503c24	e7c6606f97ad4082
LOCAL_TREE-STATIONARY-NONE	17	DT-I05-NST-v1|EXT|SOURCE|scenario=LOCAL_TREE-STATIONARY-NONE|r=017	46b6313e771d768d	DT-I05-NST-v1|EXT|OPTIMISER|stream=46b6313e771d768d	f8bb3edd3b52a030
LOCAL_TREE-STATIONARY-NONE	18	DT-I05-NST-v1|EXT|SOURCE|scenario=LOCAL_TREE-STATIONARY-NONE|r=018	c65d2ead4bd412be	DT-I05-NST-v1|EXT|OPTIMISER|stream=c65d2ead4bd412be	16b6d5d3cd9cc20b
LOCAL_TREE-STATIONARY-NONE	19	DT-I05-NST-v1|EXT|SOURCE|scenario=LOCAL_TREE-STATIONARY-NONE|r=019	6aff9d1a0462c01c	DT-I05-NST-v1|EXT|OPTIMISER|stream=6aff9d1a0462c01c	e1c56ca4b5247cb3
LOCAL_TREE-STATIONARY-NONE	20	DT-I05-NST-v1|EXT|SOURCE|scenario=LOCAL_TREE-STATIONARY-NONE|r=020	144acda45acc528b	DT-I05-NST-v1|EXT|OPTIMISER|stream=144acda45acc528b	6e609d828535a975
LOCAL_TREE-STATIONARY-NONE	21	DT-I05-NST-v1|EXT|SOURCE|scenario=LOCAL_TREE-STATIONARY-NONE|r=021	c30cda53a7300202	DT-I05-NST-v1|EXT|OPTIMISER|stream=c30cda53a7300202	1f3d504fdc844725
LOCAL_TREE-STATIONARY-NONE	22	DT-I05-NST-v1|EXT|SOURCE|scenario=LOCAL_TREE-STATIONARY-NONE|r=022	73c70183d04e9a32	DT-I05-NST-v1|EXT|OPTIMISER|stream=73c70183d04e9a32	f760aa4b51328242
LOCAL_TREE-STATIONARY-NONE	23	DT-I05-NST-v1|EXT|SOURCE|scenario=LOCAL_TREE-STATIONARY-NONE|r=023	bc246e6ee27a365e	DT-I05-NST-v1|EXT|OPTIMISER|stream=bc246e6ee27a365e	bdfbed6ca225b6cd
LOCAL_TREE-STATIONARY-NONE	24	DT-I05-NST-v1|EXT|SOURCE|scenario=LOCAL_TREE-STATIONARY-NONE|r=024	0a55fb742d952e7a	DT-I05-NST-v1|EXT|OPTIMISER|stream=0a55fb742d952e7a	9a71c7f63293a1eb
LOCAL_TREE-STATIONARY-NONE	25	DT-I05-NST-v1|EXT|SOURCE|scenario=LOCAL_TREE-STATIONARY-NONE|r=025	fcc78e6de3c11ee5	DT-I05-NST-v1|EXT|OPTIMISER|stream=fcc78e6de3c11ee5	3499d315a8021366
LOCAL_TREE-STATIONARY-NONE	26	DT-I05-NST-v1|EXT|SOURCE|scenario=LOCAL_TREE-STATIONARY-NONE|r=026	3bc819e618f476d2	DT-I05-NST-v1|EXT|OPTIMISER|stream=3bc819e618f476d2	c1e64280223c9511
LOCAL_TREE-STATIONARY-NONE	27	DT-I05-NST-v1|EXT|SOURCE|scenario=LOCAL_TREE-STATIONARY-NONE|r=027	b1a36e5b2bf6df5b	DT-I05-NST-v1|EXT|OPTIMISER|stream=b1a36e5b2bf6df5b	8b5cbdc33b4404e7
LOCAL_TREE-STATIONARY-NONE	28	DT-I05-NST-v1|EXT|SOURCE|scenario=LOCAL_TREE-STATIONARY-NONE|r=028	ac2c23b82e02cca0	DT-I05-NST-v1|EXT|OPTIMISER|stream=ac2c23b82e02cca0	b4ce60c2ec9c8971
LOCAL_TREE-STATIONARY-NONE	29	DT-I05-NST-v1|EXT|SOURCE|scenario=LOCAL_TREE-STATIONARY-NONE|r=029	3ebdf2f162e25525	DT-I05-NST-v1|EXT|OPTIMISER|stream=3ebdf2f162e25525	5fe24c13ee8da8c9
LOCAL_TREE-STATIONARY-NONE	30	DT-I05-NST-v1|EXT|SOURCE|scenario=LOCAL_TREE-STATIONARY-NONE|r=030	44c36519e3b50045	DT-I05-NST-v1|EXT|OPTIMISER|stream=44c36519e3b50045	132193a103b956be
LOCAL_TREE-STATIONARY-NONE	31	DT-I05-NST-v1|EXT|SOURCE|scenario=LOCAL_TREE-STATIONARY-NONE|r=031	6e44b83cf1112d80	DT-I05-NST-v1|EXT|OPTIMISER|stream=6e44b83cf1112d80	2cc4c68cfcecedc8
LOCAL_TREE-STATIONARY-NONE	32	DT-I05-NST-v1|EXT|SOURCE|scenario=LOCAL_TREE-STATIONARY-NONE|r=032	6b04bc4f862bb3d7	DT-I05-NST-v1|EXT|OPTIMISER|stream=6b04bc4f862bb3d7	de842d534b906466
LOCAL_TREE-STATIONARY-NONE	33	DT-I05-NST-v1|EXT|SOURCE|scenario=LOCAL_TREE-STATIONARY-NONE|r=033	cef77ff9164e2ec1	DT-I05-NST-v1|EXT|OPTIMISER|stream=cef77ff9164e2ec1	92b52b4445d43145
LOCAL_TREE-STATIONARY-NONE	34	DT-I05-NST-v1|EXT|SOURCE|scenario=LOCAL_TREE-STATIONARY-NONE|r=034	9fbd5f3c3e37d4cf	DT-I05-NST-v1|EXT|OPTIMISER|stream=9fbd5f3c3e37d4cf	30be10209cd765a1
LOCAL_TREE-STATIONARY-NONE	35	DT-I05-NST-v1|EXT|SOURCE|scenario=LOCAL_TREE-STATIONARY-NONE|r=035	d173152bdb922947	DT-I05-NST-v1|EXT|OPTIMISER|stream=d173152bdb922947	4039ca89b56928df
LOCAL_TREE-STATIONARY-NONE	36	DT-I05-NST-v1|EXT|SOURCE|scenario=LOCAL_TREE-STATIONARY-NONE|r=036	e76eedeb8fb48f8d	DT-I05-NST-v1|EXT|OPTIMISER|stream=e76eedeb8fb48f8d	84205536008fbb1c
LOCAL_TREE-STATIONARY-NONE	37	DT-I05-NST-v1|EXT|SOURCE|scenario=LOCAL_TREE-STATIONARY-NONE|r=037	c6898d9dc7a6bcbc	DT-I05-NST-v1|EXT|OPTIMISER|stream=c6898d9dc7a6bcbc	daaaa226f54198bb
LOCAL_TREE-STATIONARY-NONE	38	DT-I05-NST-v1|EXT|SOURCE|scenario=LOCAL_TREE-STATIONARY-NONE|r=038	47065ff4b0f34be6	DT-I05-NST-v1|EXT|OPTIMISER|stream=47065ff4b0f34be6	16a987b43332fe44
LOCAL_TREE-STATIONARY-NONE	39	DT-I05-NST-v1|EXT|SOURCE|scenario=LOCAL_TREE-STATIONARY-NONE|r=039	d7cf71598a71a5e5	DT-I05-NST-v1|EXT|OPTIMISER|stream=d7cf71598a71a5e5	49448008657e3b3c
LOCAL_TREE-STATIONARY-NONE	40	DT-I05-NST-v1|EXT|SOURCE|scenario=LOCAL_TREE-STATIONARY-NONE|r=040	8ba03e2b25c06247	DT-I05-NST-v1|EXT|OPTIMISER|stream=8ba03e2b25c06247	61e5d29420d68577
LOCAL_TREE-STATIONARY-NONE	41	DT-I05-NST-v1|EXT|SOURCE|scenario=LOCAL_TREE-STATIONARY-NONE|r=041	6fdfc8956f9b14ca	DT-I05-NST-v1|EXT|OPTIMISER|stream=6fdfc8956f9b14ca	9605b386870cb3cb
LOCAL_TREE-STATIONARY-NONE	42	DT-I05-NST-v1|EXT|SOURCE|scenario=LOCAL_TREE-STATIONARY-NONE|r=042	164e9f8a5a47dab8	DT-I05-NST-v1|EXT|OPTIMISER|stream=164e9f8a5a47dab8	ae0defcc5ac800be
LOCAL_TREE-STATIONARY-NONE	43	DT-I05-NST-v1|EXT|SOURCE|scenario=LOCAL_TREE-STATIONARY-NONE|r=043	15f6c2ea449951c8	DT-I05-NST-v1|EXT|OPTIMISER|stream=15f6c2ea449951c8	17d9683e06959ee1
LOCAL_TREE-STATIONARY-NONE	44	DT-I05-NST-v1|EXT|SOURCE|scenario=LOCAL_TREE-STATIONARY-NONE|r=044	caa8866b88d28040	DT-I05-NST-v1|EXT|OPTIMISER|stream=caa8866b88d28040	e79d749f5e9ad541
LOCAL_TREE-STATIONARY-NONE	45	DT-I05-NST-v1|EXT|SOURCE|scenario=LOCAL_TREE-STATIONARY-NONE|r=045	8b0f565c3d9ca4f7	DT-I05-NST-v1|EXT|OPTIMISER|stream=8b0f565c3d9ca4f7	6eef4d2dcb2a78db
LOCAL_TREE-STATIONARY-NONE	46	DT-I05-NST-v1|EXT|SOURCE|scenario=LOCAL_TREE-STATIONARY-NONE|r=046	d30e31cc7474cfad	DT-I05-NST-v1|EXT|OPTIMISER|stream=d30e31cc7474cfad	7c99141efa579952
LOCAL_TREE-STATIONARY-NONE	47	DT-I05-NST-v1|EXT|SOURCE|scenario=LOCAL_TREE-STATIONARY-NONE|r=047	5b27880f232ebecd	DT-I05-NST-v1|EXT|OPTIMISER|stream=5b27880f232ebecd	9d530270817cd414
LOCAL_TREE-STATIONARY-NONE	48	DT-I05-NST-v1|EXT|SOURCE|scenario=LOCAL_TREE-STATIONARY-NONE|r=048	2e87d7339a04aef0	DT-I05-NST-v1|EXT|OPTIMISER|stream=2e87d7339a04aef0	8c4484aa79b22644
LOCAL_TREE-STATIONARY-NONE	49	DT-I05-NST-v1|EXT|SOURCE|scenario=LOCAL_TREE-STATIONARY-NONE|r=049	fbc6cd93d8803431	DT-I05-NST-v1|EXT|OPTIMISER|stream=fbc6cd93d8803431	37f79bfa959039f7
LOCAL_TREE-STATIONARY-NONE	50	DT-I05-NST-v1|EXT|SOURCE|scenario=LOCAL_TREE-STATIONARY-NONE|r=050	ba41ed976578c727	DT-I05-NST-v1|EXT|OPTIMISER|stream=ba41ed976578c727	861ee2064639e16a
LOCAL_TREE-STATIONARY-NONE	51	DT-I05-NST-v1|EXT|SOURCE|scenario=LOCAL_TREE-STATIONARY-NONE|r=051	b23aca1a7b3a3401	DT-I05-NST-v1|EXT|OPTIMISER|stream=b23aca1a7b3a3401	8f1a48ad028c52ed
LOCAL_TREE-STATIONARY-NONE	52	DT-I05-NST-v1|EXT|SOURCE|scenario=LOCAL_TREE-STATIONARY-NONE|r=052	513e4e882b3f2360	DT-I05-NST-v1|EXT|OPTIMISER|stream=513e4e882b3f2360	0a01c8cc726ff370
LOCAL_TREE-STATIONARY-NONE	53	DT-I05-NST-v1|EXT|SOURCE|scenario=LOCAL_TREE-STATIONARY-NONE|r=053	8c9c58fcb6a5e4e5	DT-I05-NST-v1|EXT|OPTIMISER|stream=8c9c58fcb6a5e4e5	7d80d625fa1a235e
LOCAL_TREE-STATIONARY-NONE	54	DT-I05-NST-v1|EXT|SOURCE|scenario=LOCAL_TREE-STATIONARY-NONE|r=054	076665a55d5adff7	DT-I05-NST-v1|EXT|OPTIMISER|stream=076665a55d5adff7	7e78d66337a3d055
LOCAL_TREE-STATIONARY-NONE	55	DT-I05-NST-v1|EXT|SOURCE|scenario=LOCAL_TREE-STATIONARY-NONE|r=055	d71c843487f3c8a0	DT-I05-NST-v1|EXT|OPTIMISER|stream=d71c843487f3c8a0	a550dfc7a13a24f2
LOCAL_TREE-STATIONARY-NONE	56	DT-I05-NST-v1|EXT|SOURCE|scenario=LOCAL_TREE-STATIONARY-NONE|r=056	48b013e6cf510039	DT-I05-NST-v1|EXT|OPTIMISER|stream=48b013e6cf510039	0d90b7b135a1061e
LOCAL_TREE-STATIONARY-NONE	57	DT-I05-NST-v1|EXT|SOURCE|scenario=LOCAL_TREE-STATIONARY-NONE|r=057	7cd698420d56b866	DT-I05-NST-v1|EXT|OPTIMISER|stream=7cd698420d56b866	1d744e597c371f74
LOCAL_TREE-STATIONARY-NONE	58	DT-I05-NST-v1|EXT|SOURCE|scenario=LOCAL_TREE-STATIONARY-NONE|r=058	27c7cb6e660e0ba4	DT-I05-NST-v1|EXT|OPTIMISER|stream=27c7cb6e660e0ba4	bcf626a5901a3eb2
LOCAL_TREE-STATIONARY-NONE	59	DT-I05-NST-v1|EXT|SOURCE|scenario=LOCAL_TREE-STATIONARY-NONE|r=059	b12fec846cceba49	DT-I05-NST-v1|EXT|OPTIMISER|stream=b12fec846cceba49	bf34db06d6aced26
LOCAL_TREE-STATIONARY-NONE	60	DT-I05-NST-v1|EXT|SOURCE|scenario=LOCAL_TREE-STATIONARY-NONE|r=060	ed2f4eaa6f0c4000	DT-I05-NST-v1|EXT|OPTIMISER|stream=ed2f4eaa6f0c4000	7ec4d02692435fe4
LOCAL_TREE-STATIONARY-NONE	61	DT-I05-NST-v1|EXT|SOURCE|scenario=LOCAL_TREE-STATIONARY-NONE|r=061	2491f021f1d69b0d	DT-I05-NST-v1|EXT|OPTIMISER|stream=2491f021f1d69b0d	17da3b6438294944
LOCAL_TREE-STATIONARY-NONE	62	DT-I05-NST-v1|EXT|SOURCE|scenario=LOCAL_TREE-STATIONARY-NONE|r=062	a7b294a81c07ef4f	DT-I05-NST-v1|EXT|OPTIMISER|stream=a7b294a81c07ef4f	76a9b27505ce930e
LOCAL_TREE-STATIONARY-NONE	63	DT-I05-NST-v1|EXT|SOURCE|scenario=LOCAL_TREE-STATIONARY-NONE|r=063	1b31a33071cf8e5b	DT-I05-NST-v1|EXT|OPTIMISER|stream=1b31a33071cf8e5b	fc3cdcf910d0f3eb
LOCAL_TREE-STATIONARY-NONE	64	DT-I05-NST-v1|EXT|SOURCE|scenario=LOCAL_TREE-STATIONARY-NONE|r=064	7194da0f61949e51	DT-I05-NST-v1|EXT|OPTIMISER|stream=7194da0f61949e51	de77e5da12442247
LOCAL_TREE-STATIONARY-NONE	65	DT-I05-NST-v1|EXT|SOURCE|scenario=LOCAL_TREE-STATIONARY-NONE|r=065	cb1389ca5ebcd0a0	DT-I05-NST-v1|EXT|OPTIMISER|stream=cb1389ca5ebcd0a0	6c9a3e6a523bd67c
LOCAL_TREE-STATIONARY-NONE	66	DT-I05-NST-v1|EXT|SOURCE|scenario=LOCAL_TREE-STATIONARY-NONE|r=066	64ef57325c997dcd	DT-I05-NST-v1|EXT|OPTIMISER|stream=64ef57325c997dcd	46bfea243a0a0e6b
LOCAL_TREE-STATIONARY-NONE	67	DT-I05-NST-v1|EXT|SOURCE|scenario=LOCAL_TREE-STATIONARY-NONE|r=067	459727331ddc849b	DT-I05-NST-v1|EXT|OPTIMISER|stream=459727331ddc849b	80e46c3cce57009a
LOCAL_TREE-STATIONARY-NONE	68	DT-I05-NST-v1|EXT|SOURCE|scenario=LOCAL_TREE-STATIONARY-NONE|r=068	05d4f2dc7e36a715	DT-I05-NST-v1|EXT|OPTIMISER|stream=05d4f2dc7e36a715	c07b1a7a63b04bf8
LOCAL_TREE-STATIONARY-NONE	69	DT-I05-NST-v1|EXT|SOURCE|scenario=LOCAL_TREE-STATIONARY-NONE|r=069	e8fcb6638978c50a	DT-I05-NST-v1|EXT|OPTIMISER|stream=e8fcb6638978c50a	c1a8c93d925452f3
LOCAL_TREE-STATIONARY-NONE	70	DT-I05-NST-v1|EXT|SOURCE|scenario=LOCAL_TREE-STATIONARY-NONE|r=070	72f8bb346f76a0aa	DT-I05-NST-v1|EXT|OPTIMISER|stream=72f8bb346f76a0aa	98e01e5e17ad7f04
LOCAL_TREE-STATIONARY-NONE	71	DT-I05-NST-v1|EXT|SOURCE|scenario=LOCAL_TREE-STATIONARY-NONE|r=071	2b30be89a3bae0c8	DT-I05-NST-v1|EXT|OPTIMISER|stream=2b30be89a3bae0c8	e408571742d63e02
LOCAL_TREE-STATIONARY-NONE	72	DT-I05-NST-v1|EXT|SOURCE|scenario=LOCAL_TREE-STATIONARY-NONE|r=072	16adffec21272c3f	DT-I05-NST-v1|EXT|OPTIMISER|stream=16adffec21272c3f	29d6629de504bfb2
LOCAL_TREE-STATIONARY-NONE	73	DT-I05-NST-v1|EXT|SOURCE|scenario=LOCAL_TREE-STATIONARY-NONE|r=073	39f1150ffbcd3145	DT-I05-NST-v1|EXT|OPTIMISER|stream=39f1150ffbcd3145	fcdaac7bd6a31ab0
LOCAL_TREE-STATIONARY-NONE	74	DT-I05-NST-v1|EXT|SOURCE|scenario=LOCAL_TREE-STATIONARY-NONE|r=074	894fb953017df027	DT-I05-NST-v1|EXT|OPTIMISER|stream=894fb953017df027	57e052bbd271a880
LOCAL_TREE-STATIONARY-NONE	75	DT-I05-NST-v1|EXT|SOURCE|scenario=LOCAL_TREE-STATIONARY-NONE|r=075	0a52783ea3ae3542	DT-I05-NST-v1|EXT|OPTIMISER|stream=0a52783ea3ae3542	0011e48585c3264b
LOCAL_TREE-STATIONARY-NONE	76	DT-I05-NST-v1|EXT|SOURCE|scenario=LOCAL_TREE-STATIONARY-NONE|r=076	b2cb9b03a5064070	DT-I05-NST-v1|EXT|OPTIMISER|stream=b2cb9b03a5064070	3722a2048d295823
LOCAL_TREE-STATIONARY-NONE	77	DT-I05-NST-v1|EXT|SOURCE|scenario=LOCAL_TREE-STATIONARY-NONE|r=077	ccd6e74df3da8177	DT-I05-NST-v1|EXT|OPTIMISER|stream=ccd6e74df3da8177	5009b71fc772cf15
LOCAL_TREE-STATIONARY-NONE	78	DT-I05-NST-v1|EXT|SOURCE|scenario=LOCAL_TREE-STATIONARY-NONE|r=078	3ae92db165aa696c	DT-I05-NST-v1|EXT|OPTIMISER|stream=3ae92db165aa696c	9dcf809d6bbbc131
LOCAL_TREE-STATIONARY-NONE	79	DT-I05-NST-v1|EXT|SOURCE|scenario=LOCAL_TREE-STATIONARY-NONE|r=079	7b3c5d95b48559d5	DT-I05-NST-v1|EXT|OPTIMISER|stream=7b3c5d95b48559d5	41bfb2d63da25d93
OBLIQUE-ABRUPT-MILD	0	DT-I05-NST-v1|EXT|SOURCE|scenario=OBLIQUE-ABRUPT-MILD|r=000	42c592b3507783fe	DT-I05-NST-v1|EXT|OPTIMISER|stream=42c592b3507783fe	2184be25421abeef
OBLIQUE-ABRUPT-MILD	1	DT-I05-NST-v1|EXT|SOURCE|scenario=OBLIQUE-ABRUPT-MILD|r=001	da4f083dd250e3c5	DT-I05-NST-v1|EXT|OPTIMISER|stream=da4f083dd250e3c5	c112080c7cac803c
OBLIQUE-ABRUPT-MILD	2	DT-I05-NST-v1|EXT|SOURCE|scenario=OBLIQUE-ABRUPT-MILD|r=002	2b1285196345c83f	DT-I05-NST-v1|EXT|OPTIMISER|stream=2b1285196345c83f	0bc8d3ca98e31236
OBLIQUE-ABRUPT-MILD	3	DT-I05-NST-v1|EXT|SOURCE|scenario=OBLIQUE-ABRUPT-MILD|r=003	dcb3be7b6f4dbcc0	DT-I05-NST-v1|EXT|OPTIMISER|stream=dcb3be7b6f4dbcc0	a28b4203c2f25bd7
OBLIQUE-ABRUPT-MILD	4	DT-I05-NST-v1|EXT|SOURCE|scenario=OBLIQUE-ABRUPT-MILD|r=004	b608110605848256	DT-I05-NST-v1|EXT|OPTIMISER|stream=b608110605848256	67f25dacdde1be66
OBLIQUE-ABRUPT-MILD	5	DT-I05-NST-v1|EXT|SOURCE|scenario=OBLIQUE-ABRUPT-MILD|r=005	bb0b29ffa3375172	DT-I05-NST-v1|EXT|OPTIMISER|stream=bb0b29ffa3375172	c52ab0b7a16b502d
OBLIQUE-ABRUPT-MILD	6	DT-I05-NST-v1|EXT|SOURCE|scenario=OBLIQUE-ABRUPT-MILD|r=006	e5b85916d54d7d36	DT-I05-NST-v1|EXT|OPTIMISER|stream=e5b85916d54d7d36	56173891549a561b
OBLIQUE-ABRUPT-MILD	7	DT-I05-NST-v1|EXT|SOURCE|scenario=OBLIQUE-ABRUPT-MILD|r=007	3116ded227634455	DT-I05-NST-v1|EXT|OPTIMISER|stream=3116ded227634455	686e505e6dc1010f
OBLIQUE-ABRUPT-MILD	8	DT-I05-NST-v1|EXT|SOURCE|scenario=OBLIQUE-ABRUPT-MILD|r=008	fee24d01cdbc1c5c	DT-I05-NST-v1|EXT|OPTIMISER|stream=fee24d01cdbc1c5c	eee07a3fb2bf3c76
OBLIQUE-ABRUPT-MILD	9	DT-I05-NST-v1|EXT|SOURCE|scenario=OBLIQUE-ABRUPT-MILD|r=009	f78616a8fa0dc672	DT-I05-NST-v1|EXT|OPTIMISER|stream=f78616a8fa0dc672	1d51121bf5060ff5
OBLIQUE-ABRUPT-MILD	10	DT-I05-NST-v1|EXT|SOURCE|scenario=OBLIQUE-ABRUPT-MILD|r=010	77081787725a6acf	DT-I05-NST-v1|EXT|OPTIMISER|stream=77081787725a6acf	90616b1793742b80
OBLIQUE-ABRUPT-MILD	11	DT-I05-NST-v1|EXT|SOURCE|scenario=OBLIQUE-ABRUPT-MILD|r=011	59841ef7b46616e6	DT-I05-NST-v1|EXT|OPTIMISER|stream=59841ef7b46616e6	1564116f2c9a5a58
OBLIQUE-ABRUPT-MILD	12	DT-I05-NST-v1|EXT|SOURCE|scenario=OBLIQUE-ABRUPT-MILD|r=012	c17b36504cd17c47	DT-I05-NST-v1|EXT|OPTIMISER|stream=c17b36504cd17c47	47e9aa8e89da4cbd
OBLIQUE-ABRUPT-MILD	13	DT-I05-NST-v1|EXT|SOURCE|scenario=OBLIQUE-ABRUPT-MILD|r=013	f022ac2a2da86326	DT-I05-NST-v1|EXT|OPTIMISER|stream=f022ac2a2da86326	86cc71724de8ee47
OBLIQUE-ABRUPT-MILD	14	DT-I05-NST-v1|EXT|SOURCE|scenario=OBLIQUE-ABRUPT-MILD|r=014	a5c013f2daf6b22c	DT-I05-NST-v1|EXT|OPTIMISER|stream=a5c013f2daf6b22c	3d5a21b329278409
OBLIQUE-ABRUPT-MILD	15	DT-I05-NST-v1|EXT|SOURCE|scenario=OBLIQUE-ABRUPT-MILD|r=015	ea2eed98b3aa0564	DT-I05-NST-v1|EXT|OPTIMISER|stream=ea2eed98b3aa0564	f3072b152eb559b6
OBLIQUE-ABRUPT-MILD	16	DT-I05-NST-v1|EXT|SOURCE|scenario=OBLIQUE-ABRUPT-MILD|r=016	83ef39588f224999	DT-I05-NST-v1|EXT|OPTIMISER|stream=83ef39588f224999	578853d27f49b85c
OBLIQUE-ABRUPT-MILD	17	DT-I05-NST-v1|EXT|SOURCE|scenario=OBLIQUE-ABRUPT-MILD|r=017	126905a6117cdb29	DT-I05-NST-v1|EXT|OPTIMISER|stream=126905a6117cdb29	96103a67c8b0b61b
OBLIQUE-ABRUPT-MILD	18	DT-I05-NST-v1|EXT|SOURCE|scenario=OBLIQUE-ABRUPT-MILD|r=018	f43fcf2ca3584883	DT-I05-NST-v1|EXT|OPTIMISER|stream=f43fcf2ca3584883	f9efb9d8763383d4
OBLIQUE-ABRUPT-MILD	19	DT-I05-NST-v1|EXT|SOURCE|scenario=OBLIQUE-ABRUPT-MILD|r=019	439fa7ef27ef97d6	DT-I05-NST-v1|EXT|OPTIMISER|stream=439fa7ef27ef97d6	c6dccf614219ce59
OBLIQUE-ABRUPT-MILD	20	DT-I05-NST-v1|EXT|SOURCE|scenario=OBLIQUE-ABRUPT-MILD|r=020	1f879cdac9972c17	DT-I05-NST-v1|EXT|OPTIMISER|stream=1f879cdac9972c17	efcc9658cb316661
OBLIQUE-ABRUPT-MILD	21	DT-I05-NST-v1|EXT|SOURCE|scenario=OBLIQUE-ABRUPT-MILD|r=021	461da9e81e4ab99e	DT-I05-NST-v1|EXT|OPTIMISER|stream=461da9e81e4ab99e	63f95203099cd8be
OBLIQUE-ABRUPT-MILD	22	DT-I05-NST-v1|EXT|SOURCE|scenario=OBLIQUE-ABRUPT-MILD|r=022	c1ef4cd6fe0ec0b1	DT-I05-NST-v1|EXT|OPTIMISER|stream=c1ef4cd6fe0ec0b1	d353f02d76f53282
OBLIQUE-ABRUPT-MILD	23	DT-I05-NST-v1|EXT|SOURCE|scenario=OBLIQUE-ABRUPT-MILD|r=023	cdeff888de391980	DT-I05-NST-v1|EXT|OPTIMISER|stream=cdeff888de391980	39d1ad71a10901f8
OBLIQUE-ABRUPT-MILD	24	DT-I05-NST-v1|EXT|SOURCE|scenario=OBLIQUE-ABRUPT-MILD|r=024	24d56b8a60e308ab	DT-I05-NST-v1|EXT|OPTIMISER|stream=24d56b8a60e308ab	732a12b483b1e7d2
OBLIQUE-ABRUPT-MILD	25	DT-I05-NST-v1|EXT|SOURCE|scenario=OBLIQUE-ABRUPT-MILD|r=025	605f48605fb64abc	DT-I05-NST-v1|EXT|OPTIMISER|stream=605f48605fb64abc	5ddd838543f2774e
OBLIQUE-ABRUPT-MILD	26	DT-I05-NST-v1|EXT|SOURCE|scenario=OBLIQUE-ABRUPT-MILD|r=026	f82772c71cb7dcbf	DT-I05-NST-v1|EXT|OPTIMISER|stream=f82772c71cb7dcbf	a79a027a80f91e50
OBLIQUE-ABRUPT-MILD	27	DT-I05-NST-v1|EXT|SOURCE|scenario=OBLIQUE-ABRUPT-MILD|r=027	49710d16e03df0b9	DT-I05-NST-v1|EXT|OPTIMISER|stream=49710d16e03df0b9	f36166ada0e853e0
OBLIQUE-ABRUPT-MILD	28	DT-I05-NST-v1|EXT|SOURCE|scenario=OBLIQUE-ABRUPT-MILD|r=028	7c763e594f96fdb1	DT-I05-NST-v1|EXT|OPTIMISER|stream=7c763e594f96fdb1	7e1e99a75c43544e
OBLIQUE-ABRUPT-MILD	29	DT-I05-NST-v1|EXT|SOURCE|scenario=OBLIQUE-ABRUPT-MILD|r=029	607d03e5ba4ef8e4	DT-I05-NST-v1|EXT|OPTIMISER|stream=607d03e5ba4ef8e4	f601aaddbbc29b76
OBLIQUE-ABRUPT-MILD	30	DT-I05-NST-v1|EXT|SOURCE|scenario=OBLIQUE-ABRUPT-MILD|r=030	be87c99c74e647c8	DT-I05-NST-v1|EXT|OPTIMISER|stream=be87c99c74e647c8	bfa45e8c5b77c467
OBLIQUE-ABRUPT-MILD	31	DT-I05-NST-v1|EXT|SOURCE|scenario=OBLIQUE-ABRUPT-MILD|r=031	d2c36f00f2461aa9	DT-I05-NST-v1|EXT|OPTIMISER|stream=d2c36f00f2461aa9	bde6ca3ff58e8b95
OBLIQUE-ABRUPT-MILD	32	DT-I05-NST-v1|EXT|SOURCE|scenario=OBLIQUE-ABRUPT-MILD|r=032	6567115088d0386f	DT-I05-NST-v1|EXT|OPTIMISER|stream=6567115088d0386f	b7e8ee872fa3a5e6
OBLIQUE-ABRUPT-MILD	33	DT-I05-NST-v1|EXT|SOURCE|scenario=OBLIQUE-ABRUPT-MILD|r=033	a5e55876c5d3162e	DT-I05-NST-v1|EXT|OPTIMISER|stream=a5e55876c5d3162e	bf59e52a5cca9826
OBLIQUE-ABRUPT-MILD	34	DT-I05-NST-v1|EXT|SOURCE|scenario=OBLIQUE-ABRUPT-MILD|r=034	12756840e6f8da69	DT-I05-NST-v1|EXT|OPTIMISER|stream=12756840e6f8da69	b54d13ff58630aee
OBLIQUE-ABRUPT-MILD	35	DT-I05-NST-v1|EXT|SOURCE|scenario=OBLIQUE-ABRUPT-MILD|r=035	9b08ab7281ef8dd4	DT-I05-NST-v1|EXT|OPTIMISER|stream=9b08ab7281ef8dd4	a85eeacf41090006
OBLIQUE-ABRUPT-MILD	36	DT-I05-NST-v1|EXT|SOURCE|scenario=OBLIQUE-ABRUPT-MILD|r=036	b11e5392c2fd4bb3	DT-I05-NST-v1|EXT|OPTIMISER|stream=b11e5392c2fd4bb3	b7b6b4ddf14322cf
OBLIQUE-ABRUPT-MILD	37	DT-I05-NST-v1|EXT|SOURCE|scenario=OBLIQUE-ABRUPT-MILD|r=037	74640ca521567bbf	DT-I05-NST-v1|EXT|OPTIMISER|stream=74640ca521567bbf	f83b2f134f4b21e3
OBLIQUE-ABRUPT-MILD	38	DT-I05-NST-v1|EXT|SOURCE|scenario=OBLIQUE-ABRUPT-MILD|r=038	9d687d2554062c5c	DT-I05-NST-v1|EXT|OPTIMISER|stream=9d687d2554062c5c	0fe522b2de796da5
OBLIQUE-ABRUPT-MILD	39	DT-I05-NST-v1|EXT|SOURCE|scenario=OBLIQUE-ABRUPT-MILD|r=039	c65b6a3ca3ac5bba	DT-I05-NST-v1|EXT|OPTIMISER|stream=c65b6a3ca3ac5bba	8a0cbdfcc00248cb
OBLIQUE-ABRUPT-MILD	40	DT-I05-NST-v1|EXT|SOURCE|scenario=OBLIQUE-ABRUPT-MILD|r=040	54affc8481474301	DT-I05-NST-v1|EXT|OPTIMISER|stream=54affc8481474301	f2b626e3541bed5f
OBLIQUE-ABRUPT-MILD	41	DT-I05-NST-v1|EXT|SOURCE|scenario=OBLIQUE-ABRUPT-MILD|r=041	116c1a59d8ac043e	DT-I05-NST-v1|EXT|OPTIMISER|stream=116c1a59d8ac043e	daccc0dd25cc978a
OBLIQUE-ABRUPT-MILD	42	DT-I05-NST-v1|EXT|SOURCE|scenario=OBLIQUE-ABRUPT-MILD|r=042	f14f29648731b330	DT-I05-NST-v1|EXT|OPTIMISER|stream=f14f29648731b330	e3b079a2edcfdbf7
OBLIQUE-ABRUPT-MILD	43	DT-I05-NST-v1|EXT|SOURCE|scenario=OBLIQUE-ABRUPT-MILD|r=043	1e1945ea2a7ff02f	DT-I05-NST-v1|EXT|OPTIMISER|stream=1e1945ea2a7ff02f	538a7e43bb864bb3
OBLIQUE-ABRUPT-MILD	44	DT-I05-NST-v1|EXT|SOURCE|scenario=OBLIQUE-ABRUPT-MILD|r=044	82cab36d291cfd1b	DT-I05-NST-v1|EXT|OPTIMISER|stream=82cab36d291cfd1b	d3b4a894cf97905c
OBLIQUE-ABRUPT-MILD	45	DT-I05-NST-v1|EXT|SOURCE|scenario=OBLIQUE-ABRUPT-MILD|r=045	93e917f44edffd19	DT-I05-NST-v1|EXT|OPTIMISER|stream=93e917f44edffd19	d3018f4cf81b586d
OBLIQUE-ABRUPT-MILD	46	DT-I05-NST-v1|EXT|SOURCE|scenario=OBLIQUE-ABRUPT-MILD|r=046	cd8b74f5e2a57e6b	DT-I05-NST-v1|EXT|OPTIMISER|stream=cd8b74f5e2a57e6b	5cf1b9df48422a4f
OBLIQUE-ABRUPT-MILD	47	DT-I05-NST-v1|EXT|SOURCE|scenario=OBLIQUE-ABRUPT-MILD|r=047	d734b696184bb322	DT-I05-NST-v1|EXT|OPTIMISER|stream=d734b696184bb322	1ebb3f49fcea393d
OBLIQUE-ABRUPT-MILD	48	DT-I05-NST-v1|EXT|SOURCE|scenario=OBLIQUE-ABRUPT-MILD|r=048	c8964289f98cb822	DT-I05-NST-v1|EXT|OPTIMISER|stream=c8964289f98cb822	ef05a4722fe51b94
OBLIQUE-ABRUPT-MILD	49	DT-I05-NST-v1|EXT|SOURCE|scenario=OBLIQUE-ABRUPT-MILD|r=049	959fa09f62bcba56	DT-I05-NST-v1|EXT|OPTIMISER|stream=959fa09f62bcba56	6fc7d54717f84dca
OBLIQUE-ABRUPT-MILD	50	DT-I05-NST-v1|EXT|SOURCE|scenario=OBLIQUE-ABRUPT-MILD|r=050	6500f8abcdfae9e2	DT-I05-NST-v1|EXT|OPTIMISER|stream=6500f8abcdfae9e2	f2c0492f641a081e
OBLIQUE-ABRUPT-MILD	51	DT-I05-NST-v1|EXT|SOURCE|scenario=OBLIQUE-ABRUPT-MILD|r=051	89b411eeeccfcc52	DT-I05-NST-v1|EXT|OPTIMISER|stream=89b411eeeccfcc52	1464ff37c4e0dcc4
OBLIQUE-ABRUPT-MILD	52	DT-I05-NST-v1|EXT|SOURCE|scenario=OBLIQUE-ABRUPT-MILD|r=052	30e412271e82dd2c	DT-I05-NST-v1|EXT|OPTIMISER|stream=30e412271e82dd2c	a2718bc48fbd3d80
OBLIQUE-ABRUPT-MILD	53	DT-I05-NST-v1|EXT|SOURCE|scenario=OBLIQUE-ABRUPT-MILD|r=053	485961d022a48f79	DT-I05-NST-v1|EXT|OPTIMISER|stream=485961d022a48f79	e4de12a8037e4b24
OBLIQUE-ABRUPT-MILD	54	DT-I05-NST-v1|EXT|SOURCE|scenario=OBLIQUE-ABRUPT-MILD|r=054	dab29ef31e7f02c7	DT-I05-NST-v1|EXT|OPTIMISER|stream=dab29ef31e7f02c7	328c5292bb856627
OBLIQUE-ABRUPT-MILD	55	DT-I05-NST-v1|EXT|SOURCE|scenario=OBLIQUE-ABRUPT-MILD|r=055	aff3f2431e024aba	DT-I05-NST-v1|EXT|OPTIMISER|stream=aff3f2431e024aba	684eae2d366de209
OBLIQUE-ABRUPT-MILD	56	DT-I05-NST-v1|EXT|SOURCE|scenario=OBLIQUE-ABRUPT-MILD|r=056	19f1d9d76c6a0a98	DT-I05-NST-v1|EXT|OPTIMISER|stream=19f1d9d76c6a0a98	882de1b8ebd60c7e
OBLIQUE-ABRUPT-MILD	57	DT-I05-NST-v1|EXT|SOURCE|scenario=OBLIQUE-ABRUPT-MILD|r=057	acccf45b2e68be4f	DT-I05-NST-v1|EXT|OPTIMISER|stream=acccf45b2e68be4f	14ef81daee644dbf
OBLIQUE-ABRUPT-MILD	58	DT-I05-NST-v1|EXT|SOURCE|scenario=OBLIQUE-ABRUPT-MILD|r=058	648e579c77379257	DT-I05-NST-v1|EXT|OPTIMISER|stream=648e579c77379257	2314b3d5c218dc7a
OBLIQUE-ABRUPT-MILD	59	DT-I05-NST-v1|EXT|SOURCE|scenario=OBLIQUE-ABRUPT-MILD|r=059	efc732a43490c694	DT-I05-NST-v1|EXT|OPTIMISER|stream=efc732a43490c694	fcdba2ecd58ea6d4
OBLIQUE-ABRUPT-MILD	60	DT-I05-NST-v1|EXT|SOURCE|scenario=OBLIQUE-ABRUPT-MILD|r=060	f05619499437b4fd	DT-I05-NST-v1|EXT|OPTIMISER|stream=f05619499437b4fd	0d031a4383a32c2e
OBLIQUE-ABRUPT-MILD	61	DT-I05-NST-v1|EXT|SOURCE|scenario=OBLIQUE-ABRUPT-MILD|r=061	9c975cd38beff446	DT-I05-NST-v1|EXT|OPTIMISER|stream=9c975cd38beff446	b2256b857bc29fba
OBLIQUE-ABRUPT-MILD	62	DT-I05-NST-v1|EXT|SOURCE|scenario=OBLIQUE-ABRUPT-MILD|r=062	02963ea58bb8dc39	DT-I05-NST-v1|EXT|OPTIMISER|stream=02963ea58bb8dc39	1ae0d44977b315d4
OBLIQUE-ABRUPT-MILD	63	DT-I05-NST-v1|EXT|SOURCE|scenario=OBLIQUE-ABRUPT-MILD|r=063	6ad140f4d4f07a98	DT-I05-NST-v1|EXT|OPTIMISER|stream=6ad140f4d4f07a98	42be4842535d2f75
OBLIQUE-ABRUPT-MILD	64	DT-I05-NST-v1|EXT|SOURCE|scenario=OBLIQUE-ABRUPT-MILD|r=064	e52e7e7dd8eb4e20	DT-I05-NST-v1|EXT|OPTIMISER|stream=e52e7e7dd8eb4e20	38d9f26e5f8e0b4e
OBLIQUE-ABRUPT-MILD	65	DT-I05-NST-v1|EXT|SOURCE|scenario=OBLIQUE-ABRUPT-MILD|r=065	623ffcc7a58c25e6	DT-I05-NST-v1|EXT|OPTIMISER|stream=623ffcc7a58c25e6	21dc47abbe1dff88
OBLIQUE-ABRUPT-MILD	66	DT-I05-NST-v1|EXT|SOURCE|scenario=OBLIQUE-ABRUPT-MILD|r=066	1eb893c6e4c42122	DT-I05-NST-v1|EXT|OPTIMISER|stream=1eb893c6e4c42122	e6abd20b1e8ef0b7
OBLIQUE-ABRUPT-MILD	67	DT-I05-NST-v1|EXT|SOURCE|scenario=OBLIQUE-ABRUPT-MILD|r=067	d0e7da6c4ffe4f96	DT-I05-NST-v1|EXT|OPTIMISER|stream=d0e7da6c4ffe4f96	aa10fb6f1575d9c6
OBLIQUE-ABRUPT-MILD	68	DT-I05-NST-v1|EXT|SOURCE|scenario=OBLIQUE-ABRUPT-MILD|r=068	ccd49459b6d57f3a	DT-I05-NST-v1|EXT|OPTIMISER|stream=ccd49459b6d57f3a	f195e8293e02b28b
OBLIQUE-ABRUPT-MILD	69	DT-I05-NST-v1|EXT|SOURCE|scenario=OBLIQUE-ABRUPT-MILD|r=069	10c708a2a52056de	DT-I05-NST-v1|EXT|OPTIMISER|stream=10c708a2a52056de	23e6434842e7a614
OBLIQUE-ABRUPT-MILD	70	DT-I05-NST-v1|EXT|SOURCE|scenario=OBLIQUE-ABRUPT-MILD|r=070	012edb083bef51fb	DT-I05-NST-v1|EXT|OPTIMISER|stream=012edb083bef51fb	1ad47d6ce470c9f5
OBLIQUE-ABRUPT-MILD	71	DT-I05-NST-v1|EXT|SOURCE|scenario=OBLIQUE-ABRUPT-MILD|r=071	5113d39cb23558ab	DT-I05-NST-v1|EXT|OPTIMISER|stream=5113d39cb23558ab	81e40e5a57999c2c
OBLIQUE-ABRUPT-MILD	72	DT-I05-NST-v1|EXT|SOURCE|scenario=OBLIQUE-ABRUPT-MILD|r=072	e2e71aa5ba225819	DT-I05-NST-v1|EXT|OPTIMISER|stream=e2e71aa5ba225819	f1d4678f435acc95
OBLIQUE-ABRUPT-MILD	73	DT-I05-NST-v1|EXT|SOURCE|scenario=OBLIQUE-ABRUPT-MILD|r=073	5cffb1645721e51e	DT-I05-NST-v1|EXT|OPTIMISER|stream=5cffb1645721e51e	920a6448730f4c62
OBLIQUE-ABRUPT-MILD	74	DT-I05-NST-v1|EXT|SOURCE|scenario=OBLIQUE-ABRUPT-MILD|r=074	799e8aef3c8813c2	DT-I05-NST-v1|EXT|OPTIMISER|stream=799e8aef3c8813c2	54a721d7face2105
OBLIQUE-ABRUPT-MILD	75	DT-I05-NST-v1|EXT|SOURCE|scenario=OBLIQUE-ABRUPT-MILD|r=075	b815600f2cb92f6f	DT-I05-NST-v1|EXT|OPTIMISER|stream=b815600f2cb92f6f	7699038b44952e8d
OBLIQUE-ABRUPT-MILD	76	DT-I05-NST-v1|EXT|SOURCE|scenario=OBLIQUE-ABRUPT-MILD|r=076	b96fc213da3694f8	DT-I05-NST-v1|EXT|OPTIMISER|stream=b96fc213da3694f8	a27b101ca43ffa2c
OBLIQUE-ABRUPT-MILD	77	DT-I05-NST-v1|EXT|SOURCE|scenario=OBLIQUE-ABRUPT-MILD|r=077	08022f8ca9f9af4c	DT-I05-NST-v1|EXT|OPTIMISER|stream=08022f8ca9f9af4c	213035ade23d41db
OBLIQUE-ABRUPT-MILD	78	DT-I05-NST-v1|EXT|SOURCE|scenario=OBLIQUE-ABRUPT-MILD|r=078	d379d550177ade22	DT-I05-NST-v1|EXT|OPTIMISER|stream=d379d550177ade22	5f5a552b0b18dbc5
OBLIQUE-ABRUPT-MILD	79	DT-I05-NST-v1|EXT|SOURCE|scenario=OBLIQUE-ABRUPT-MILD|r=079	564518c2d5b69d41	DT-I05-NST-v1|EXT|OPTIMISER|stream=564518c2d5b69d41	b70244f34b856b76
OBLIQUE-ABRUPT-SEVERE	0	DT-I05-NST-v1|EXT|SOURCE|scenario=OBLIQUE-ABRUPT-SEVERE|r=000	01b9034401bbfd17	DT-I05-NST-v1|EXT|OPTIMISER|stream=01b9034401bbfd17	c9182dfac0c3c862
OBLIQUE-ABRUPT-SEVERE	1	DT-I05-NST-v1|EXT|SOURCE|scenario=OBLIQUE-ABRUPT-SEVERE|r=001	27961361a6e67eee	DT-I05-NST-v1|EXT|OPTIMISER|stream=27961361a6e67eee	55e55c149283be29
OBLIQUE-ABRUPT-SEVERE	2	DT-I05-NST-v1|EXT|SOURCE|scenario=OBLIQUE-ABRUPT-SEVERE|r=002	1a20682b02ce1c0f	DT-I05-NST-v1|EXT|OPTIMISER|stream=1a20682b02ce1c0f	9c7326bff11acd84
OBLIQUE-ABRUPT-SEVERE	3	DT-I05-NST-v1|EXT|SOURCE|scenario=OBLIQUE-ABRUPT-SEVERE|r=003	b7014b7633bc9d37	DT-I05-NST-v1|EXT|OPTIMISER|stream=b7014b7633bc9d37	fca21ce83cb7cda4
OBLIQUE-ABRUPT-SEVERE	4	DT-I05-NST-v1|EXT|SOURCE|scenario=OBLIQUE-ABRUPT-SEVERE|r=004	5f03ae942758533d	DT-I05-NST-v1|EXT|OPTIMISER|stream=5f03ae942758533d	0cbfd3bb74063500
OBLIQUE-ABRUPT-SEVERE	5	DT-I05-NST-v1|EXT|SOURCE|scenario=OBLIQUE-ABRUPT-SEVERE|r=005	cfc403346625c242	DT-I05-NST-v1|EXT|OPTIMISER|stream=cfc403346625c242	8b7deb734866a481
OBLIQUE-ABRUPT-SEVERE	6	DT-I05-NST-v1|EXT|SOURCE|scenario=OBLIQUE-ABRUPT-SEVERE|r=006	70ce676e25399554	DT-I05-NST-v1|EXT|OPTIMISER|stream=70ce676e25399554	d84a01cec3b9d29f
OBLIQUE-ABRUPT-SEVERE	7	DT-I05-NST-v1|EXT|SOURCE|scenario=OBLIQUE-ABRUPT-SEVERE|r=007	b65b46d3e7ef656b	DT-I05-NST-v1|EXT|OPTIMISER|stream=b65b46d3e7ef656b	4c001d9cfd9bee27
OBLIQUE-ABRUPT-SEVERE	8	DT-I05-NST-v1|EXT|SOURCE|scenario=OBLIQUE-ABRUPT-SEVERE|r=008	608e11a9f1bd7225	DT-I05-NST-v1|EXT|OPTIMISER|stream=608e11a9f1bd7225	16e987bd5f5c3026
OBLIQUE-ABRUPT-SEVERE	9	DT-I05-NST-v1|EXT|SOURCE|scenario=OBLIQUE-ABRUPT-SEVERE|r=009	f996b92a31f5fcc9	DT-I05-NST-v1|EXT|OPTIMISER|stream=f996b92a31f5fcc9	f0ad5a4dc2e1f58e
OBLIQUE-ABRUPT-SEVERE	10	DT-I05-NST-v1|EXT|SOURCE|scenario=OBLIQUE-ABRUPT-SEVERE|r=010	fc17f058c4fb0671	DT-I05-NST-v1|EXT|OPTIMISER|stream=fc17f058c4fb0671	984d852d4b636306
OBLIQUE-ABRUPT-SEVERE	11	DT-I05-NST-v1|EXT|SOURCE|scenario=OBLIQUE-ABRUPT-SEVERE|r=011	e8c5cfb170477e0f	DT-I05-NST-v1|EXT|OPTIMISER|stream=e8c5cfb170477e0f	b536e3c8e07813be
OBLIQUE-ABRUPT-SEVERE	12	DT-I05-NST-v1|EXT|SOURCE|scenario=OBLIQUE-ABRUPT-SEVERE|r=012	3f54afba98e10ebc	DT-I05-NST-v1|EXT|OPTIMISER|stream=3f54afba98e10ebc	8bac5364b5c7a8e0
OBLIQUE-ABRUPT-SEVERE	13	DT-I05-NST-v1|EXT|SOURCE|scenario=OBLIQUE-ABRUPT-SEVERE|r=013	699537ddcc105acd	DT-I05-NST-v1|EXT|OPTIMISER|stream=699537ddcc105acd	db494543a33288c9
OBLIQUE-ABRUPT-SEVERE	14	DT-I05-NST-v1|EXT|SOURCE|scenario=OBLIQUE-ABRUPT-SEVERE|r=014	7a24c889c8eae6d3	DT-I05-NST-v1|EXT|OPTIMISER|stream=7a24c889c8eae6d3	fb0f3255e611d517
OBLIQUE-ABRUPT-SEVERE	15	DT-I05-NST-v1|EXT|SOURCE|scenario=OBLIQUE-ABRUPT-SEVERE|r=015	14eaea1e1ab58192	DT-I05-NST-v1|EXT|OPTIMISER|stream=14eaea1e1ab58192	e01deaaf796a1ca3
OBLIQUE-ABRUPT-SEVERE	16	DT-I05-NST-v1|EXT|SOURCE|scenario=OBLIQUE-ABRUPT-SEVERE|r=016	1f8bed817822e9c4	DT-I05-NST-v1|EXT|OPTIMISER|stream=1f8bed817822e9c4	a03739544200578d
OBLIQUE-ABRUPT-SEVERE	17	DT-I05-NST-v1|EXT|SOURCE|scenario=OBLIQUE-ABRUPT-SEVERE|r=017	660fadc498dce124	DT-I05-NST-v1|EXT|OPTIMISER|stream=660fadc498dce124	04c0ec76dd6a32ef
OBLIQUE-ABRUPT-SEVERE	18	DT-I05-NST-v1|EXT|SOURCE|scenario=OBLIQUE-ABRUPT-SEVERE|r=018	5e5c294f1157400f	DT-I05-NST-v1|EXT|OPTIMISER|stream=5e5c294f1157400f	40cda47822612c38
OBLIQUE-ABRUPT-SEVERE	19	DT-I05-NST-v1|EXT|SOURCE|scenario=OBLIQUE-ABRUPT-SEVERE|r=019	d244225adf5b0df7	DT-I05-NST-v1|EXT|OPTIMISER|stream=d244225adf5b0df7	56b452bced6b3cd3
OBLIQUE-ABRUPT-SEVERE	20	DT-I05-NST-v1|EXT|SOURCE|scenario=OBLIQUE-ABRUPT-SEVERE|r=020	575029c4c94ccb43	DT-I05-NST-v1|EXT|OPTIMISER|stream=575029c4c94ccb43	971e13fba15a6a82
OBLIQUE-ABRUPT-SEVERE	21	DT-I05-NST-v1|EXT|SOURCE|scenario=OBLIQUE-ABRUPT-SEVERE|r=021	c870b43b43aac7fd	DT-I05-NST-v1|EXT|OPTIMISER|stream=c870b43b43aac7fd	956a01e9555e48ce
OBLIQUE-ABRUPT-SEVERE	22	DT-I05-NST-v1|EXT|SOURCE|scenario=OBLIQUE-ABRUPT-SEVERE|r=022	ed371c404fcf1fc5	DT-I05-NST-v1|EXT|OPTIMISER|stream=ed371c404fcf1fc5	6cd5afa4c7d3ba6e
OBLIQUE-ABRUPT-SEVERE	23	DT-I05-NST-v1|EXT|SOURCE|scenario=OBLIQUE-ABRUPT-SEVERE|r=023	afb0c5875d2b8651	DT-I05-NST-v1|EXT|OPTIMISER|stream=afb0c5875d2b8651	f2e148e6e2a1802b
OBLIQUE-ABRUPT-SEVERE	24	DT-I05-NST-v1|EXT|SOURCE|scenario=OBLIQUE-ABRUPT-SEVERE|r=024	67fb90f5bd2df708	DT-I05-NST-v1|EXT|OPTIMISER|stream=67fb90f5bd2df708	8da24ec80522bed4
OBLIQUE-ABRUPT-SEVERE	25	DT-I05-NST-v1|EXT|SOURCE|scenario=OBLIQUE-ABRUPT-SEVERE|r=025	82868c4566a74dbe	DT-I05-NST-v1|EXT|OPTIMISER|stream=82868c4566a74dbe	778ad40db74d1328
OBLIQUE-ABRUPT-SEVERE	26	DT-I05-NST-v1|EXT|SOURCE|scenario=OBLIQUE-ABRUPT-SEVERE|r=026	b1b856316837dd6b	DT-I05-NST-v1|EXT|OPTIMISER|stream=b1b856316837dd6b	15d58b917a0c105b
OBLIQUE-ABRUPT-SEVERE	27	DT-I05-NST-v1|EXT|SOURCE|scenario=OBLIQUE-ABRUPT-SEVERE|r=027	36d87930c58e900b	DT-I05-NST-v1|EXT|OPTIMISER|stream=36d87930c58e900b	d38de315910163ab
OBLIQUE-ABRUPT-SEVERE	28	DT-I05-NST-v1|EXT|SOURCE|scenario=OBLIQUE-ABRUPT-SEVERE|r=028	1e2cf8f7a4b81c2b	DT-I05-NST-v1|EXT|OPTIMISER|stream=1e2cf8f7a4b81c2b	92ec8b2570ec4496
OBLIQUE-ABRUPT-SEVERE	29	DT-I05-NST-v1|EXT|SOURCE|scenario=OBLIQUE-ABRUPT-SEVERE|r=029	a0c573d82e9b96e2	DT-I05-NST-v1|EXT|OPTIMISER|stream=a0c573d82e9b96e2	ea34560adae9cea7
OBLIQUE-ABRUPT-SEVERE	30	DT-I05-NST-v1|EXT|SOURCE|scenario=OBLIQUE-ABRUPT-SEVERE|r=030	f3bccfe6b2eb4c55	DT-I05-NST-v1|EXT|OPTIMISER|stream=f3bccfe6b2eb4c55	56c344ce48f40792
OBLIQUE-ABRUPT-SEVERE	31	DT-I05-NST-v1|EXT|SOURCE|scenario=OBLIQUE-ABRUPT-SEVERE|r=031	8fbc58ef8d225dce	DT-I05-NST-v1|EXT|OPTIMISER|stream=8fbc58ef8d225dce	48e23a8b7a3ac248
OBLIQUE-ABRUPT-SEVERE	32	DT-I05-NST-v1|EXT|SOURCE|scenario=OBLIQUE-ABRUPT-SEVERE|r=032	6942162a2041a993	DT-I05-NST-v1|EXT|OPTIMISER|stream=6942162a2041a993	d7634d5611212037
OBLIQUE-ABRUPT-SEVERE	33	DT-I05-NST-v1|EXT|SOURCE|scenario=OBLIQUE-ABRUPT-SEVERE|r=033	69f9e89b7007b2ee	DT-I05-NST-v1|EXT|OPTIMISER|stream=69f9e89b7007b2ee	2f5a456ad829b153
OBLIQUE-ABRUPT-SEVERE	34	DT-I05-NST-v1|EXT|SOURCE|scenario=OBLIQUE-ABRUPT-SEVERE|r=034	947b3dddb0c0084d	DT-I05-NST-v1|EXT|OPTIMISER|stream=947b3dddb0c0084d	a4f9c6c5ec132939
OBLIQUE-ABRUPT-SEVERE	35	DT-I05-NST-v1|EXT|SOURCE|scenario=OBLIQUE-ABRUPT-SEVERE|r=035	2be3e5b7796dc5c6	DT-I05-NST-v1|EXT|OPTIMISER|stream=2be3e5b7796dc5c6	85f3663c7ad46d49
OBLIQUE-ABRUPT-SEVERE	36	DT-I05-NST-v1|EXT|SOURCE|scenario=OBLIQUE-ABRUPT-SEVERE|r=036	b515af8ae50ebec7	DT-I05-NST-v1|EXT|OPTIMISER|stream=b515af8ae50ebec7	14f552d563a9e80f
OBLIQUE-ABRUPT-SEVERE	37	DT-I05-NST-v1|EXT|SOURCE|scenario=OBLIQUE-ABRUPT-SEVERE|r=037	f92f1a61942edf7a	DT-I05-NST-v1|EXT|OPTIMISER|stream=f92f1a61942edf7a	4e6dbf341efebf7f
OBLIQUE-ABRUPT-SEVERE	38	DT-I05-NST-v1|EXT|SOURCE|scenario=OBLIQUE-ABRUPT-SEVERE|r=038	61b797f32ad68154	DT-I05-NST-v1|EXT|OPTIMISER|stream=61b797f32ad68154	7d79c48689d75ae3
OBLIQUE-ABRUPT-SEVERE	39	DT-I05-NST-v1|EXT|SOURCE|scenario=OBLIQUE-ABRUPT-SEVERE|r=039	a9af4777e5b69a8f	DT-I05-NST-v1|EXT|OPTIMISER|stream=a9af4777e5b69a8f	01b5f008336d65d9
OBLIQUE-ABRUPT-SEVERE	40	DT-I05-NST-v1|EXT|SOURCE|scenario=OBLIQUE-ABRUPT-SEVERE|r=040	dfb924b090113894	DT-I05-NST-v1|EXT|OPTIMISER|stream=dfb924b090113894	8662725807e76924
OBLIQUE-ABRUPT-SEVERE	41	DT-I05-NST-v1|EXT|SOURCE|scenario=OBLIQUE-ABRUPT-SEVERE|r=041	81e39c95a4dd4c95	DT-I05-NST-v1|EXT|OPTIMISER|stream=81e39c95a4dd4c95	876d29b9f3302094
OBLIQUE-ABRUPT-SEVERE	42	DT-I05-NST-v1|EXT|SOURCE|scenario=OBLIQUE-ABRUPT-SEVERE|r=042	ccf9ca9ffc76d0fd	DT-I05-NST-v1|EXT|OPTIMISER|stream=ccf9ca9ffc76d0fd	70f1b306ec690088
OBLIQUE-ABRUPT-SEVERE	43	DT-I05-NST-v1|EXT|SOURCE|scenario=OBLIQUE-ABRUPT-SEVERE|r=043	5d5614b2ff025d74	DT-I05-NST-v1|EXT|OPTIMISER|stream=5d5614b2ff025d74	4f7227f54a43870c
OBLIQUE-ABRUPT-SEVERE	44	DT-I05-NST-v1|EXT|SOURCE|scenario=OBLIQUE-ABRUPT-SEVERE|r=044	ce72c91d01494dcd	DT-I05-NST-v1|EXT|OPTIMISER|stream=ce72c91d01494dcd	e469cb3a9527e2cd
OBLIQUE-ABRUPT-SEVERE	45	DT-I05-NST-v1|EXT|SOURCE|scenario=OBLIQUE-ABRUPT-SEVERE|r=045	fa8135e48d57c5dc	DT-I05-NST-v1|EXT|OPTIMISER|stream=fa8135e48d57c5dc	47cdfd6b475ebe04
OBLIQUE-ABRUPT-SEVERE	46	DT-I05-NST-v1|EXT|SOURCE|scenario=OBLIQUE-ABRUPT-SEVERE|r=046	9bb9d6c2f83cb8bc	DT-I05-NST-v1|EXT|OPTIMISER|stream=9bb9d6c2f83cb8bc	478ac5c0ada26976
OBLIQUE-ABRUPT-SEVERE	47	DT-I05-NST-v1|EXT|SOURCE|scenario=OBLIQUE-ABRUPT-SEVERE|r=047	30e348a32572781e	DT-I05-NST-v1|EXT|OPTIMISER|stream=30e348a32572781e	bb14e5f1a3092fbc
OBLIQUE-ABRUPT-SEVERE	48	DT-I05-NST-v1|EXT|SOURCE|scenario=OBLIQUE-ABRUPT-SEVERE|r=048	c38630df13d7e8b4	DT-I05-NST-v1|EXT|OPTIMISER|stream=c38630df13d7e8b4	618d433a5ceb7650
OBLIQUE-ABRUPT-SEVERE	49	DT-I05-NST-v1|EXT|SOURCE|scenario=OBLIQUE-ABRUPT-SEVERE|r=049	3b3cdf9fa8834120	DT-I05-NST-v1|EXT|OPTIMISER|stream=3b3cdf9fa8834120	53338fd22bdcee2c
OBLIQUE-ABRUPT-SEVERE	50	DT-I05-NST-v1|EXT|SOURCE|scenario=OBLIQUE-ABRUPT-SEVERE|r=050	ea36032bd75b81e6	DT-I05-NST-v1|EXT|OPTIMISER|stream=ea36032bd75b81e6	87dd98a863adfd8d
OBLIQUE-ABRUPT-SEVERE	51	DT-I05-NST-v1|EXT|SOURCE|scenario=OBLIQUE-ABRUPT-SEVERE|r=051	33b1ed8350c318b9	DT-I05-NST-v1|EXT|OPTIMISER|stream=33b1ed8350c318b9	116dd4fca65ea33d
OBLIQUE-ABRUPT-SEVERE	52	DT-I05-NST-v1|EXT|SOURCE|scenario=OBLIQUE-ABRUPT-SEVERE|r=052	03ff716a965d8809	DT-I05-NST-v1|EXT|OPTIMISER|stream=03ff716a965d8809	a8bdfdc2093b73cf
OBLIQUE-ABRUPT-SEVERE	53	DT-I05-NST-v1|EXT|SOURCE|scenario=OBLIQUE-ABRUPT-SEVERE|r=053	ab5b0956220b2a24	DT-I05-NST-v1|EXT|OPTIMISER|stream=ab5b0956220b2a24	efe2f74318fdba33
OBLIQUE-ABRUPT-SEVERE	54	DT-I05-NST-v1|EXT|SOURCE|scenario=OBLIQUE-ABRUPT-SEVERE|r=054	2e8a554de3feb399	DT-I05-NST-v1|EXT|OPTIMISER|stream=2e8a554de3feb399	3264921c9da04b30
OBLIQUE-ABRUPT-SEVERE	55	DT-I05-NST-v1|EXT|SOURCE|scenario=OBLIQUE-ABRUPT-SEVERE|r=055	487cca5461bb11d1	DT-I05-NST-v1|EXT|OPTIMISER|stream=487cca5461bb11d1	b854421fc7a0f824
OBLIQUE-ABRUPT-SEVERE	56	DT-I05-NST-v1|EXT|SOURCE|scenario=OBLIQUE-ABRUPT-SEVERE|r=056	14792285a3f9f37d	DT-I05-NST-v1|EXT|OPTIMISER|stream=14792285a3f9f37d	45af95771252ef75
OBLIQUE-ABRUPT-SEVERE	57	DT-I05-NST-v1|EXT|SOURCE|scenario=OBLIQUE-ABRUPT-SEVERE|r=057	c39615534d801ebf	DT-I05-NST-v1|EXT|OPTIMISER|stream=c39615534d801ebf	cdc5b48df91666f3
OBLIQUE-ABRUPT-SEVERE	58	DT-I05-NST-v1|EXT|SOURCE|scenario=OBLIQUE-ABRUPT-SEVERE|r=058	8aa7da3d9af9a199	DT-I05-NST-v1|EXT|OPTIMISER|stream=8aa7da3d9af9a199	e3a5d6f5975c1a09
OBLIQUE-ABRUPT-SEVERE	59	DT-I05-NST-v1|EXT|SOURCE|scenario=OBLIQUE-ABRUPT-SEVERE|r=059	3f7cbb42124c0230	DT-I05-NST-v1|EXT|OPTIMISER|stream=3f7cbb42124c0230	a9a71bd89e752468
OBLIQUE-ABRUPT-SEVERE	60	DT-I05-NST-v1|EXT|SOURCE|scenario=OBLIQUE-ABRUPT-SEVERE|r=060	b5bd7e0050ca8142	DT-I05-NST-v1|EXT|OPTIMISER|stream=b5bd7e0050ca8142	0b634740f9b1ac68
OBLIQUE-ABRUPT-SEVERE	61	DT-I05-NST-v1|EXT|SOURCE|scenario=OBLIQUE-ABRUPT-SEVERE|r=061	899d4de748330509	DT-I05-NST-v1|EXT|OPTIMISER|stream=899d4de748330509	f649e57c2abfba26
OBLIQUE-ABRUPT-SEVERE	62	DT-I05-NST-v1|EXT|SOURCE|scenario=OBLIQUE-ABRUPT-SEVERE|r=062	fa8c469280d35c4d	DT-I05-NST-v1|EXT|OPTIMISER|stream=fa8c469280d35c4d	bf45f30853d73563
OBLIQUE-ABRUPT-SEVERE	63	DT-I05-NST-v1|EXT|SOURCE|scenario=OBLIQUE-ABRUPT-SEVERE|r=063	80247ad7d2d833f1	DT-I05-NST-v1|EXT|OPTIMISER|stream=80247ad7d2d833f1	eba10d6b2965f105
OBLIQUE-ABRUPT-SEVERE	64	DT-I05-NST-v1|EXT|SOURCE|scenario=OBLIQUE-ABRUPT-SEVERE|r=064	433b399adfa4309d	DT-I05-NST-v1|EXT|OPTIMISER|stream=433b399adfa4309d	db941a3e6c8ef267
OBLIQUE-ABRUPT-SEVERE	65	DT-I05-NST-v1|EXT|SOURCE|scenario=OBLIQUE-ABRUPT-SEVERE|r=065	5b963bba026dbb84	DT-I05-NST-v1|EXT|OPTIMISER|stream=5b963bba026dbb84	1ef94300f35318c3
OBLIQUE-ABRUPT-SEVERE	66	DT-I05-NST-v1|EXT|SOURCE|scenario=OBLIQUE-ABRUPT-SEVERE|r=066	ab74642b7668db53	DT-I05-NST-v1|EXT|OPTIMISER|stream=ab74642b7668db53	794ed048a7f079f8
OBLIQUE-ABRUPT-SEVERE	67	DT-I05-NST-v1|EXT|SOURCE|scenario=OBLIQUE-ABRUPT-SEVERE|r=067	b4c3eea342a2d231	DT-I05-NST-v1|EXT|OPTIMISER|stream=b4c3eea342a2d231	064ba29669755350
OBLIQUE-ABRUPT-SEVERE	68	DT-I05-NST-v1|EXT|SOURCE|scenario=OBLIQUE-ABRUPT-SEVERE|r=068	26d83d09bddfa762	DT-I05-NST-v1|EXT|OPTIMISER|stream=26d83d09bddfa762	02f61d9cc80e6946
OBLIQUE-ABRUPT-SEVERE	69	DT-I05-NST-v1|EXT|SOURCE|scenario=OBLIQUE-ABRUPT-SEVERE|r=069	84f868b69836c5fd	DT-I05-NST-v1|EXT|OPTIMISER|stream=84f868b69836c5fd	af6e6914bf4c755f
OBLIQUE-ABRUPT-SEVERE	70	DT-I05-NST-v1|EXT|SOURCE|scenario=OBLIQUE-ABRUPT-SEVERE|r=070	26d652b31b1cc9e5	DT-I05-NST-v1|EXT|OPTIMISER|stream=26d652b31b1cc9e5	4583ac509b19ea6c
OBLIQUE-ABRUPT-SEVERE	71	DT-I05-NST-v1|EXT|SOURCE|scenario=OBLIQUE-ABRUPT-SEVERE|r=071	821a27e77fbfa7d0	DT-I05-NST-v1|EXT|OPTIMISER|stream=821a27e77fbfa7d0	a7f9e4dbef0da343
OBLIQUE-ABRUPT-SEVERE	72	DT-I05-NST-v1|EXT|SOURCE|scenario=OBLIQUE-ABRUPT-SEVERE|r=072	fcae869cc2b43a47	DT-I05-NST-v1|EXT|OPTIMISER|stream=fcae869cc2b43a47	b89aa87f4959200d
OBLIQUE-ABRUPT-SEVERE	73	DT-I05-NST-v1|EXT|SOURCE|scenario=OBLIQUE-ABRUPT-SEVERE|r=073	02d0b5ebf1d20343	DT-I05-NST-v1|EXT|OPTIMISER|stream=02d0b5ebf1d20343	5cebae44b3b8496c
OBLIQUE-ABRUPT-SEVERE	74	DT-I05-NST-v1|EXT|SOURCE|scenario=OBLIQUE-ABRUPT-SEVERE|r=074	889d7895ef177527	DT-I05-NST-v1|EXT|OPTIMISER|stream=889d7895ef177527	6400982a1b9ed97f
OBLIQUE-ABRUPT-SEVERE	75	DT-I05-NST-v1|EXT|SOURCE|scenario=OBLIQUE-ABRUPT-SEVERE|r=075	7614bfbd0d9f279b	DT-I05-NST-v1|EXT|OPTIMISER|stream=7614bfbd0d9f279b	265203d5242ebf7e
OBLIQUE-ABRUPT-SEVERE	76	DT-I05-NST-v1|EXT|SOURCE|scenario=OBLIQUE-ABRUPT-SEVERE|r=076	d14423765a8fde30	DT-I05-NST-v1|EXT|OPTIMISER|stream=d14423765a8fde30	10c59c1a983f6ba8
OBLIQUE-ABRUPT-SEVERE	77	DT-I05-NST-v1|EXT|SOURCE|scenario=OBLIQUE-ABRUPT-SEVERE|r=077	c8848bb2da4d18ea	DT-I05-NST-v1|EXT|OPTIMISER|stream=c8848bb2da4d18ea	db98c1e15db57cf2
OBLIQUE-ABRUPT-SEVERE	78	DT-I05-NST-v1|EXT|SOURCE|scenario=OBLIQUE-ABRUPT-SEVERE|r=078	4b85905a3a58864b	DT-I05-NST-v1|EXT|OPTIMISER|stream=4b85905a3a58864b	86a1fd0246e0a87d
OBLIQUE-ABRUPT-SEVERE	79	DT-I05-NST-v1|EXT|SOURCE|scenario=OBLIQUE-ABRUPT-SEVERE|r=079	dcd780befacd4754	DT-I05-NST-v1|EXT|OPTIMISER|stream=dcd780befacd4754	efd3a764d9c2f746
OBLIQUE-GRADUAL-MILD	0	DT-I05-NST-v1|EXT|SOURCE|scenario=OBLIQUE-GRADUAL-MILD|r=000	c15aa884b8503316	DT-I05-NST-v1|EXT|OPTIMISER|stream=c15aa884b8503316	3d3cdf49766fc89d
OBLIQUE-GRADUAL-MILD	1	DT-I05-NST-v1|EXT|SOURCE|scenario=OBLIQUE-GRADUAL-MILD|r=001	9698f11d5d8443fb	DT-I05-NST-v1|EXT|OPTIMISER|stream=9698f11d5d8443fb	b57c41db65631ebd
OBLIQUE-GRADUAL-MILD	2	DT-I05-NST-v1|EXT|SOURCE|scenario=OBLIQUE-GRADUAL-MILD|r=002	4bdfbc911d6ae647	DT-I05-NST-v1|EXT|OPTIMISER|stream=4bdfbc911d6ae647	ecc18e3699be1875
OBLIQUE-GRADUAL-MILD	3	DT-I05-NST-v1|EXT|SOURCE|scenario=OBLIQUE-GRADUAL-MILD|r=003	b0375e0406f4c1b2	DT-I05-NST-v1|EXT|OPTIMISER|stream=b0375e0406f4c1b2	2de99aa7502eb847
OBLIQUE-GRADUAL-MILD	4	DT-I05-NST-v1|EXT|SOURCE|scenario=OBLIQUE-GRADUAL-MILD|r=004	b8adf18944f0d129	DT-I05-NST-v1|EXT|OPTIMISER|stream=b8adf18944f0d129	3ae2412b2b37c789
OBLIQUE-GRADUAL-MILD	5	DT-I05-NST-v1|EXT|SOURCE|scenario=OBLIQUE-GRADUAL-MILD|r=005	0842be6fadde7100	DT-I05-NST-v1|EXT|OPTIMISER|stream=0842be6fadde7100	7daaaab8ce91a55c
OBLIQUE-GRADUAL-MILD	6	DT-I05-NST-v1|EXT|SOURCE|scenario=OBLIQUE-GRADUAL-MILD|r=006	f4851e594441af1d	DT-I05-NST-v1|EXT|OPTIMISER|stream=f4851e594441af1d	9b41191bc8d0c6b5
OBLIQUE-GRADUAL-MILD	7	DT-I05-NST-v1|EXT|SOURCE|scenario=OBLIQUE-GRADUAL-MILD|r=007	ebbe031f0753f695	DT-I05-NST-v1|EXT|OPTIMISER|stream=ebbe031f0753f695	dac3d3d9ce829a84
OBLIQUE-GRADUAL-MILD	8	DT-I05-NST-v1|EXT|SOURCE|scenario=OBLIQUE-GRADUAL-MILD|r=008	0160493b57c22ba8	DT-I05-NST-v1|EXT|OPTIMISER|stream=0160493b57c22ba8	367b193a51ea16ea
OBLIQUE-GRADUAL-MILD	9	DT-I05-NST-v1|EXT|SOURCE|scenario=OBLIQUE-GRADUAL-MILD|r=009	42ce4cf2cf0787bd	DT-I05-NST-v1|EXT|OPTIMISER|stream=42ce4cf2cf0787bd	8375a1e91ccaa425
OBLIQUE-GRADUAL-MILD	10	DT-I05-NST-v1|EXT|SOURCE|scenario=OBLIQUE-GRADUAL-MILD|r=010	d41181ac598361f9	DT-I05-NST-v1|EXT|OPTIMISER|stream=d41181ac598361f9	76368ac681e3d40c
OBLIQUE-GRADUAL-MILD	11	DT-I05-NST-v1|EXT|SOURCE|scenario=OBLIQUE-GRADUAL-MILD|r=011	0f5285bd7cc021dc	DT-I05-NST-v1|EXT|OPTIMISER|stream=0f5285bd7cc021dc	54e936b66ce7721e
OBLIQUE-GRADUAL-MILD	12	DT-I05-NST-v1|EXT|SOURCE|scenario=OBLIQUE-GRADUAL-MILD|r=012	3b9523f8f9e06096	DT-I05-NST-v1|EXT|OPTIMISER|stream=3b9523f8f9e06096	9cdd7c4355382477
OBLIQUE-GRADUAL-MILD	13	DT-I05-NST-v1|EXT|SOURCE|scenario=OBLIQUE-GRADUAL-MILD|r=013	e29cc75337dac603	DT-I05-NST-v1|EXT|OPTIMISER|stream=e29cc75337dac603	4ce1e5c382cf5c2a
OBLIQUE-GRADUAL-MILD	14	DT-I05-NST-v1|EXT|SOURCE|scenario=OBLIQUE-GRADUAL-MILD|r=014	4cce04b83cab403a	DT-I05-NST-v1|EXT|OPTIMISER|stream=4cce04b83cab403a	13c4580cdb591640
OBLIQUE-GRADUAL-MILD	15	DT-I05-NST-v1|EXT|SOURCE|scenario=OBLIQUE-GRADUAL-MILD|r=015	e873164de4aefbfe	DT-I05-NST-v1|EXT|OPTIMISER|stream=e873164de4aefbfe	80e5b175a6f4c6de
OBLIQUE-GRADUAL-MILD	16	DT-I05-NST-v1|EXT|SOURCE|scenario=OBLIQUE-GRADUAL-MILD|r=016	b0897d2a0cadf52f	DT-I05-NST-v1|EXT|OPTIMISER|stream=b0897d2a0cadf52f	7731fb59a27b5d80
OBLIQUE-GRADUAL-MILD	17	DT-I05-NST-v1|EXT|SOURCE|scenario=OBLIQUE-GRADUAL-MILD|r=017	f98f861da59a5349	DT-I05-NST-v1|EXT|OPTIMISER|stream=f98f861da59a5349	1d432d3bbc79907b
OBLIQUE-GRADUAL-MILD	18	DT-I05-NST-v1|EXT|SOURCE|scenario=OBLIQUE-GRADUAL-MILD|r=018	97ed2cb2a284e640	DT-I05-NST-v1|EXT|OPTIMISER|stream=97ed2cb2a284e640	e6673c3cd7c75153
OBLIQUE-GRADUAL-MILD	19	DT-I05-NST-v1|EXT|SOURCE|scenario=OBLIQUE-GRADUAL-MILD|r=019	30e862ce73ddc7df	DT-I05-NST-v1|EXT|OPTIMISER|stream=30e862ce73ddc7df	5ada26efb3c6b9d8
OBLIQUE-GRADUAL-MILD	20	DT-I05-NST-v1|EXT|SOURCE|scenario=OBLIQUE-GRADUAL-MILD|r=020	39483052031d299f	DT-I05-NST-v1|EXT|OPTIMISER|stream=39483052031d299f	f17b588895c76510
OBLIQUE-GRADUAL-MILD	21	DT-I05-NST-v1|EXT|SOURCE|scenario=OBLIQUE-GRADUAL-MILD|r=021	2c0ff4239b37f429	DT-I05-NST-v1|EXT|OPTIMISER|stream=2c0ff4239b37f429	1050761d975e2c4c
OBLIQUE-GRADUAL-MILD	22	DT-I05-NST-v1|EXT|SOURCE|scenario=OBLIQUE-GRADUAL-MILD|r=022	73681c315c4421e4	DT-I05-NST-v1|EXT|OPTIMISER|stream=73681c315c4421e4	7ba64eb68be1a6b6
OBLIQUE-GRADUAL-MILD	23	DT-I05-NST-v1|EXT|SOURCE|scenario=OBLIQUE-GRADUAL-MILD|r=023	b4f39575c3c75cb9	DT-I05-NST-v1|EXT|OPTIMISER|stream=b4f39575c3c75cb9	abd61d03b3079140
OBLIQUE-GRADUAL-MILD	24	DT-I05-NST-v1|EXT|SOURCE|scenario=OBLIQUE-GRADUAL-MILD|r=024	be6fec84d9dedd88	DT-I05-NST-v1|EXT|OPTIMISER|stream=be6fec84d9dedd88	39f45db00126bfd3
OBLIQUE-GRADUAL-MILD	25	DT-I05-NST-v1|EXT|SOURCE|scenario=OBLIQUE-GRADUAL-MILD|r=025	1f6bf0285564a6d3	DT-I05-NST-v1|EXT|OPTIMISER|stream=1f6bf0285564a6d3	fdac2ca100d83d98
OBLIQUE-GRADUAL-MILD	26	DT-I05-NST-v1|EXT|SOURCE|scenario=OBLIQUE-GRADUAL-MILD|r=026	6b6d8da90183259f	DT-I05-NST-v1|EXT|OPTIMISER|stream=6b6d8da90183259f	8f1fcde84a8a08a7
OBLIQUE-GRADUAL-MILD	27	DT-I05-NST-v1|EXT|SOURCE|scenario=OBLIQUE-GRADUAL-MILD|r=027	d624ea84196b5e6b	DT-I05-NST-v1|EXT|OPTIMISER|stream=d624ea84196b5e6b	eaa40f0fc06d020f
OBLIQUE-GRADUAL-MILD	28	DT-I05-NST-v1|EXT|SOURCE|scenario=OBLIQUE-GRADUAL-MILD|r=028	f302b8b3bd3c6ea9	DT-I05-NST-v1|EXT|OPTIMISER|stream=f302b8b3bd3c6ea9	be13afc79d7a7a1c
OBLIQUE-GRADUAL-MILD	29	DT-I05-NST-v1|EXT|SOURCE|scenario=OBLIQUE-GRADUAL-MILD|r=029	981d3cd765880433	DT-I05-NST-v1|EXT|OPTIMISER|stream=981d3cd765880433	5590be3f08309d26
OBLIQUE-GRADUAL-MILD	30	DT-I05-NST-v1|EXT|SOURCE|scenario=OBLIQUE-GRADUAL-MILD|r=030	bca5ba4baf8b25bd	DT-I05-NST-v1|EXT|OPTIMISER|stream=bca5ba4baf8b25bd	27f7215eb13aa54a
OBLIQUE-GRADUAL-MILD	31	DT-I05-NST-v1|EXT|SOURCE|scenario=OBLIQUE-GRADUAL-MILD|r=031	c8e8307504a1069c	DT-I05-NST-v1|EXT|OPTIMISER|stream=c8e8307504a1069c	279fc56b10b376f4
OBLIQUE-GRADUAL-MILD	32	DT-I05-NST-v1|EXT|SOURCE|scenario=OBLIQUE-GRADUAL-MILD|r=032	6d14adb017375bb1	DT-I05-NST-v1|EXT|OPTIMISER|stream=6d14adb017375bb1	bf8a11f0b72d5315
OBLIQUE-GRADUAL-MILD	33	DT-I05-NST-v1|EXT|SOURCE|scenario=OBLIQUE-GRADUAL-MILD|r=033	889eb729b9723d97	DT-I05-NST-v1|EXT|OPTIMISER|stream=889eb729b9723d97	a2578cc27951024e
OBLIQUE-GRADUAL-MILD	34	DT-I05-NST-v1|EXT|SOURCE|scenario=OBLIQUE-GRADUAL-MILD|r=034	4d2199bfa2fa176e	DT-I05-NST-v1|EXT|OPTIMISER|stream=4d2199bfa2fa176e	e73b2ff6f67cfd92
OBLIQUE-GRADUAL-MILD	35	DT-I05-NST-v1|EXT|SOURCE|scenario=OBLIQUE-GRADUAL-MILD|r=035	f4bc93c61fd497b8	DT-I05-NST-v1|EXT|OPTIMISER|stream=f4bc93c61fd497b8	be9d816abf497986
OBLIQUE-GRADUAL-MILD	36	DT-I05-NST-v1|EXT|SOURCE|scenario=OBLIQUE-GRADUAL-MILD|r=036	99fe32c195e1dc85	DT-I05-NST-v1|EXT|OPTIMISER|stream=99fe32c195e1dc85	8b76cb8d265a2c8c
OBLIQUE-GRADUAL-MILD	37	DT-I05-NST-v1|EXT|SOURCE|scenario=OBLIQUE-GRADUAL-MILD|r=037	0f97847a043678de	DT-I05-NST-v1|EXT|OPTIMISER|stream=0f97847a043678de	79774a8edfe5e062
OBLIQUE-GRADUAL-MILD	38	DT-I05-NST-v1|EXT|SOURCE|scenario=OBLIQUE-GRADUAL-MILD|r=038	84d1cf366ee548c2	DT-I05-NST-v1|EXT|OPTIMISER|stream=84d1cf366ee548c2	9f95f068c19f3b23
OBLIQUE-GRADUAL-MILD	39	DT-I05-NST-v1|EXT|SOURCE|scenario=OBLIQUE-GRADUAL-MILD|r=039	22de52c2a7cefbaf	DT-I05-NST-v1|EXT|OPTIMISER|stream=22de52c2a7cefbaf	22c790832d58f324
OBLIQUE-GRADUAL-MILD	40	DT-I05-NST-v1|EXT|SOURCE|scenario=OBLIQUE-GRADUAL-MILD|r=040	44e71be8c875f460	DT-I05-NST-v1|EXT|OPTIMISER|stream=44e71be8c875f460	3075a1673764df0c
OBLIQUE-GRADUAL-MILD	41	DT-I05-NST-v1|EXT|SOURCE|scenario=OBLIQUE-GRADUAL-MILD|r=041	2c6884979d2de803	DT-I05-NST-v1|EXT|OPTIMISER|stream=2c6884979d2de803	4159bbe531ce057a
OBLIQUE-GRADUAL-MILD	42	DT-I05-NST-v1|EXT|SOURCE|scenario=OBLIQUE-GRADUAL-MILD|r=042	2090a34fb4867a9f	DT-I05-NST-v1|EXT|OPTIMISER|stream=2090a34fb4867a9f	06f6b893f7609723
OBLIQUE-GRADUAL-MILD	43	DT-I05-NST-v1|EXT|SOURCE|scenario=OBLIQUE-GRADUAL-MILD|r=043	da42d92d9ab4dabf	DT-I05-NST-v1|EXT|OPTIMISER|stream=da42d92d9ab4dabf	0124bf0ff982e43c
OBLIQUE-GRADUAL-MILD	44	DT-I05-NST-v1|EXT|SOURCE|scenario=OBLIQUE-GRADUAL-MILD|r=044	562778400cbd6781	DT-I05-NST-v1|EXT|OPTIMISER|stream=562778400cbd6781	f663e814d49fd3eb
OBLIQUE-GRADUAL-MILD	45	DT-I05-NST-v1|EXT|SOURCE|scenario=OBLIQUE-GRADUAL-MILD|r=045	99f2a5b79a76d5c7	DT-I05-NST-v1|EXT|OPTIMISER|stream=99f2a5b79a76d5c7	1130514dea9ed1a6
OBLIQUE-GRADUAL-MILD	46	DT-I05-NST-v1|EXT|SOURCE|scenario=OBLIQUE-GRADUAL-MILD|r=046	08aa169cf440368d	DT-I05-NST-v1|EXT|OPTIMISER|stream=08aa169cf440368d	79a0c68d1535f4e3
OBLIQUE-GRADUAL-MILD	47	DT-I05-NST-v1|EXT|SOURCE|scenario=OBLIQUE-GRADUAL-MILD|r=047	49cc06fec7c1bc84	DT-I05-NST-v1|EXT|OPTIMISER|stream=49cc06fec7c1bc84	1d570b53a29575b8
OBLIQUE-GRADUAL-MILD	48	DT-I05-NST-v1|EXT|SOURCE|scenario=OBLIQUE-GRADUAL-MILD|r=048	182ed50c22df53fa	DT-I05-NST-v1|EXT|OPTIMISER|stream=182ed50c22df53fa	6f7b33faea21fac5
OBLIQUE-GRADUAL-MILD	49	DT-I05-NST-v1|EXT|SOURCE|scenario=OBLIQUE-GRADUAL-MILD|r=049	6806c62816b39914	DT-I05-NST-v1|EXT|OPTIMISER|stream=6806c62816b39914	3b691aadf8c7791e
OBLIQUE-GRADUAL-MILD	50	DT-I05-NST-v1|EXT|SOURCE|scenario=OBLIQUE-GRADUAL-MILD|r=050	67b4003ba2f8b8db	DT-I05-NST-v1|EXT|OPTIMISER|stream=67b4003ba2f8b8db	0da30f155e863c99
OBLIQUE-GRADUAL-MILD	51	DT-I05-NST-v1|EXT|SOURCE|scenario=OBLIQUE-GRADUAL-MILD|r=051	20ad4c5e28c3bdd3	DT-I05-NST-v1|EXT|OPTIMISER|stream=20ad4c5e28c3bdd3	d270bb3930fb0a69
OBLIQUE-GRADUAL-MILD	52	DT-I05-NST-v1|EXT|SOURCE|scenario=OBLIQUE-GRADUAL-MILD|r=052	b0032c1769e5f50b	DT-I05-NST-v1|EXT|OPTIMISER|stream=b0032c1769e5f50b	173cc884a429098f
OBLIQUE-GRADUAL-MILD	53	DT-I05-NST-v1|EXT|SOURCE|scenario=OBLIQUE-GRADUAL-MILD|r=053	570695b1048428d8	DT-I05-NST-v1|EXT|OPTIMISER|stream=570695b1048428d8	4e93b40985b59ef4
OBLIQUE-GRADUAL-MILD	54	DT-I05-NST-v1|EXT|SOURCE|scenario=OBLIQUE-GRADUAL-MILD|r=054	8ef2b53ddd49a26f	DT-I05-NST-v1|EXT|OPTIMISER|stream=8ef2b53ddd49a26f	2e93b6415b942df3
OBLIQUE-GRADUAL-MILD	55	DT-I05-NST-v1|EXT|SOURCE|scenario=OBLIQUE-GRADUAL-MILD|r=055	219225d2dd6505f7	DT-I05-NST-v1|EXT|OPTIMISER|stream=219225d2dd6505f7	c09f1c62d6276b95
OBLIQUE-GRADUAL-MILD	56	DT-I05-NST-v1|EXT|SOURCE|scenario=OBLIQUE-GRADUAL-MILD|r=056	b5716fec9e688905	DT-I05-NST-v1|EXT|OPTIMISER|stream=b5716fec9e688905	f4b1808ecd5ee1fa
OBLIQUE-GRADUAL-MILD	57	DT-I05-NST-v1|EXT|SOURCE|scenario=OBLIQUE-GRADUAL-MILD|r=057	f8f5c9e4292e2d6c	DT-I05-NST-v1|EXT|OPTIMISER|stream=f8f5c9e4292e2d6c	83b8d6345ede3287
OBLIQUE-GRADUAL-MILD	58	DT-I05-NST-v1|EXT|SOURCE|scenario=OBLIQUE-GRADUAL-MILD|r=058	b2af18dcd4c453f1	DT-I05-NST-v1|EXT|OPTIMISER|stream=b2af18dcd4c453f1	5c711f0fef379ac3
OBLIQUE-GRADUAL-MILD	59	DT-I05-NST-v1|EXT|SOURCE|scenario=OBLIQUE-GRADUAL-MILD|r=059	0a83c9da3cadbca3	DT-I05-NST-v1|EXT|OPTIMISER|stream=0a83c9da3cadbca3	62391b670a7afb45
OBLIQUE-GRADUAL-MILD	60	DT-I05-NST-v1|EXT|SOURCE|scenario=OBLIQUE-GRADUAL-MILD|r=060	3ade625e161f49e1	DT-I05-NST-v1|EXT|OPTIMISER|stream=3ade625e161f49e1	b1bab238b5a1f382
OBLIQUE-GRADUAL-MILD	61	DT-I05-NST-v1|EXT|SOURCE|scenario=OBLIQUE-GRADUAL-MILD|r=061	21eb0abb7f11d35c	DT-I05-NST-v1|EXT|OPTIMISER|stream=21eb0abb7f11d35c	1d89e1b70f125282
OBLIQUE-GRADUAL-MILD	62	DT-I05-NST-v1|EXT|SOURCE|scenario=OBLIQUE-GRADUAL-MILD|r=062	e9a7a56a5a9bd231	DT-I05-NST-v1|EXT|OPTIMISER|stream=e9a7a56a5a9bd231	0ccc7aff22b03e9a
OBLIQUE-GRADUAL-MILD	63	DT-I05-NST-v1|EXT|SOURCE|scenario=OBLIQUE-GRADUAL-MILD|r=063	fada256647359060	DT-I05-NST-v1|EXT|OPTIMISER|stream=fada256647359060	44f96d67c2030b8c
OBLIQUE-GRADUAL-MILD	64	DT-I05-NST-v1|EXT|SOURCE|scenario=OBLIQUE-GRADUAL-MILD|r=064	b27fcc44e1e5adcc	DT-I05-NST-v1|EXT|OPTIMISER|stream=b27fcc44e1e5adcc	30e2b994d4a0395e
OBLIQUE-GRADUAL-MILD	65	DT-I05-NST-v1|EXT|SOURCE|scenario=OBLIQUE-GRADUAL-MILD|r=065	210965091df3214f	DT-I05-NST-v1|EXT|OPTIMISER|stream=210965091df3214f	b2d3fdc805a5c396
OBLIQUE-GRADUAL-MILD	66	DT-I05-NST-v1|EXT|SOURCE|scenario=OBLIQUE-GRADUAL-MILD|r=066	bf2f2f4ac633b382	DT-I05-NST-v1|EXT|OPTIMISER|stream=bf2f2f4ac633b382	7fcdab341b0b8a15
OBLIQUE-GRADUAL-MILD	67	DT-I05-NST-v1|EXT|SOURCE|scenario=OBLIQUE-GRADUAL-MILD|r=067	17344398fd2d044d	DT-I05-NST-v1|EXT|OPTIMISER|stream=17344398fd2d044d	e1486b48318bac18
OBLIQUE-GRADUAL-MILD	68	DT-I05-NST-v1|EXT|SOURCE|scenario=OBLIQUE-GRADUAL-MILD|r=068	01879578d5fb0e03	DT-I05-NST-v1|EXT|OPTIMISER|stream=01879578d5fb0e03	3958ddb6e9178df9
OBLIQUE-GRADUAL-MILD	69	DT-I05-NST-v1|EXT|SOURCE|scenario=OBLIQUE-GRADUAL-MILD|r=069	697e2ec9fe64ba0b	DT-I05-NST-v1|EXT|OPTIMISER|stream=697e2ec9fe64ba0b	0947c2426969357f
OBLIQUE-GRADUAL-MILD	70	DT-I05-NST-v1|EXT|SOURCE|scenario=OBLIQUE-GRADUAL-MILD|r=070	94d84202b3e77ab2	DT-I05-NST-v1|EXT|OPTIMISER|stream=94d84202b3e77ab2	f0b8dd98b2ff3fa2
OBLIQUE-GRADUAL-MILD	71	DT-I05-NST-v1|EXT|SOURCE|scenario=OBLIQUE-GRADUAL-MILD|r=071	eb7bfe7cd678a502	DT-I05-NST-v1|EXT|OPTIMISER|stream=eb7bfe7cd678a502	7887b59b404275ac
OBLIQUE-GRADUAL-MILD	72	DT-I05-NST-v1|EXT|SOURCE|scenario=OBLIQUE-GRADUAL-MILD|r=072	4aa9658aa232ddf4	DT-I05-NST-v1|EXT|OPTIMISER|stream=4aa9658aa232ddf4	c665b2b8c7396b85
OBLIQUE-GRADUAL-MILD	73	DT-I05-NST-v1|EXT|SOURCE|scenario=OBLIQUE-GRADUAL-MILD|r=073	049be476ea76ba9d	DT-I05-NST-v1|EXT|OPTIMISER|stream=049be476ea76ba9d	da359a93bd03f909
OBLIQUE-GRADUAL-MILD	74	DT-I05-NST-v1|EXT|SOURCE|scenario=OBLIQUE-GRADUAL-MILD|r=074	e8336197be0bf82d	DT-I05-NST-v1|EXT|OPTIMISER|stream=e8336197be0bf82d	77a1e6cfe2b237df
OBLIQUE-GRADUAL-MILD	75	DT-I05-NST-v1|EXT|SOURCE|scenario=OBLIQUE-GRADUAL-MILD|r=075	a7d42e1d1c2964dd	DT-I05-NST-v1|EXT|OPTIMISER|stream=a7d42e1d1c2964dd	861b35e7409ab0c7
OBLIQUE-GRADUAL-MILD	76	DT-I05-NST-v1|EXT|SOURCE|scenario=OBLIQUE-GRADUAL-MILD|r=076	ae312a5f4b32eb5a	DT-I05-NST-v1|EXT|OPTIMISER|stream=ae312a5f4b32eb5a	1fcf27014864d931
OBLIQUE-GRADUAL-MILD	77	DT-I05-NST-v1|EXT|SOURCE|scenario=OBLIQUE-GRADUAL-MILD|r=077	7c241e374cd807fd	DT-I05-NST-v1|EXT|OPTIMISER|stream=7c241e374cd807fd	9a375eb056825a01
OBLIQUE-GRADUAL-MILD	78	DT-I05-NST-v1|EXT|SOURCE|scenario=OBLIQUE-GRADUAL-MILD|r=078	3113dc8730a1afac	DT-I05-NST-v1|EXT|OPTIMISER|stream=3113dc8730a1afac	ae90a23c45bfb21d
OBLIQUE-GRADUAL-MILD	79	DT-I05-NST-v1|EXT|SOURCE|scenario=OBLIQUE-GRADUAL-MILD|r=079	5b1c395313297e9c	DT-I05-NST-v1|EXT|OPTIMISER|stream=5b1c395313297e9c	96c6c78f0449a439
OBLIQUE-GRADUAL-SEVERE	0	DT-I05-NST-v1|EXT|SOURCE|scenario=OBLIQUE-GRADUAL-SEVERE|r=000	49c7f1fb77588513	DT-I05-NST-v1|EXT|OPTIMISER|stream=49c7f1fb77588513	ac3746939f5ae9c7
OBLIQUE-GRADUAL-SEVERE	1	DT-I05-NST-v1|EXT|SOURCE|scenario=OBLIQUE-GRADUAL-SEVERE|r=001	e4271eb1351ee9bc	DT-I05-NST-v1|EXT|OPTIMISER|stream=e4271eb1351ee9bc	ef602487d1170e05
OBLIQUE-GRADUAL-SEVERE	2	DT-I05-NST-v1|EXT|SOURCE|scenario=OBLIQUE-GRADUAL-SEVERE|r=002	0800dd9dd9dcfefe	DT-I05-NST-v1|EXT|OPTIMISER|stream=0800dd9dd9dcfefe	d1cc1961c6377bdc
OBLIQUE-GRADUAL-SEVERE	3	DT-I05-NST-v1|EXT|SOURCE|scenario=OBLIQUE-GRADUAL-SEVERE|r=003	80f177c61e6c1153	DT-I05-NST-v1|EXT|OPTIMISER|stream=80f177c61e6c1153	c2533eacbee81c22
OBLIQUE-GRADUAL-SEVERE	4	DT-I05-NST-v1|EXT|SOURCE|scenario=OBLIQUE-GRADUAL-SEVERE|r=004	054024cffdf9ff53	DT-I05-NST-v1|EXT|OPTIMISER|stream=054024cffdf9ff53	4fb6606e47960b87
OBLIQUE-GRADUAL-SEVERE	5	DT-I05-NST-v1|EXT|SOURCE|scenario=OBLIQUE-GRADUAL-SEVERE|r=005	1727297e28ca3431	DT-I05-NST-v1|EXT|OPTIMISER|stream=1727297e28ca3431	2383f5f3538cd6df
OBLIQUE-GRADUAL-SEVERE	6	DT-I05-NST-v1|EXT|SOURCE|scenario=OBLIQUE-GRADUAL-SEVERE|r=006	c848a1553af9c140	DT-I05-NST-v1|EXT|OPTIMISER|stream=c848a1553af9c140	c09eb11b51f13f7c
OBLIQUE-GRADUAL-SEVERE	7	DT-I05-NST-v1|EXT|SOURCE|scenario=OBLIQUE-GRADUAL-SEVERE|r=007	8027024111d0de1c	DT-I05-NST-v1|EXT|OPTIMISER|stream=8027024111d0de1c	4f729b74dde84389
OBLIQUE-GRADUAL-SEVERE	8	DT-I05-NST-v1|EXT|SOURCE|scenario=OBLIQUE-GRADUAL-SEVERE|r=008	ecf5e01b18ab99a9	DT-I05-NST-v1|EXT|OPTIMISER|stream=ecf5e01b18ab99a9	743171f097d31da3
OBLIQUE-GRADUAL-SEVERE	9	DT-I05-NST-v1|EXT|SOURCE|scenario=OBLIQUE-GRADUAL-SEVERE|r=009	21817e6eb13aa89f	DT-I05-NST-v1|EXT|OPTIMISER|stream=21817e6eb13aa89f	a3e902e80d5b2b37
OBLIQUE-GRADUAL-SEVERE	10	DT-I05-NST-v1|EXT|SOURCE|scenario=OBLIQUE-GRADUAL-SEVERE|r=010	2d1185c1c52ded4f	DT-I05-NST-v1|EXT|OPTIMISER|stream=2d1185c1c52ded4f	fc43e5f6e88932dc
OBLIQUE-GRADUAL-SEVERE	11	DT-I05-NST-v1|EXT|SOURCE|scenario=OBLIQUE-GRADUAL-SEVERE|r=011	b5745f3f66f58efe	DT-I05-NST-v1|EXT|OPTIMISER|stream=b5745f3f66f58efe	675e95b8f6154ba9
OBLIQUE-GRADUAL-SEVERE	12	DT-I05-NST-v1|EXT|SOURCE|scenario=OBLIQUE-GRADUAL-SEVERE|r=012	28f94c2163e77cf7	DT-I05-NST-v1|EXT|OPTIMISER|stream=28f94c2163e77cf7	23c237405c0af962
OBLIQUE-GRADUAL-SEVERE	13	DT-I05-NST-v1|EXT|SOURCE|scenario=OBLIQUE-GRADUAL-SEVERE|r=013	9df0bfea8dee49d2	DT-I05-NST-v1|EXT|OPTIMISER|stream=9df0bfea8dee49d2	00489b19a9ae4015
OBLIQUE-GRADUAL-SEVERE	14	DT-I05-NST-v1|EXT|SOURCE|scenario=OBLIQUE-GRADUAL-SEVERE|r=014	4ed4bcdf9b7c28b1	DT-I05-NST-v1|EXT|OPTIMISER|stream=4ed4bcdf9b7c28b1	cff7b51532435db1
OBLIQUE-GRADUAL-SEVERE	15	DT-I05-NST-v1|EXT|SOURCE|scenario=OBLIQUE-GRADUAL-SEVERE|r=015	d6f2f161e2996a8a	DT-I05-NST-v1|EXT|OPTIMISER|stream=d6f2f161e2996a8a	c252dfde1e3faaf2
OBLIQUE-GRADUAL-SEVERE	16	DT-I05-NST-v1|EXT|SOURCE|scenario=OBLIQUE-GRADUAL-SEVERE|r=016	2dfb74932562c18a	DT-I05-NST-v1|EXT|OPTIMISER|stream=2dfb74932562c18a	eff95f23dfb04444
OBLIQUE-GRADUAL-SEVERE	17	DT-I05-NST-v1|EXT|SOURCE|scenario=OBLIQUE-GRADUAL-SEVERE|r=017	66cb11f69ab40ec6	DT-I05-NST-v1|EXT|OPTIMISER|stream=66cb11f69ab40ec6	a6abdba1afe2d2c5
OBLIQUE-GRADUAL-SEVERE	18	DT-I05-NST-v1|EXT|SOURCE|scenario=OBLIQUE-GRADUAL-SEVERE|r=018	52cb4da63bf141a7	DT-I05-NST-v1|EXT|OPTIMISER|stream=52cb4da63bf141a7	e184f9a4b2a9d3f9
OBLIQUE-GRADUAL-SEVERE	19	DT-I05-NST-v1|EXT|SOURCE|scenario=OBLIQUE-GRADUAL-SEVERE|r=019	ee74b573aaa461c5	DT-I05-NST-v1|EXT|OPTIMISER|stream=ee74b573aaa461c5	addff11ba7c55c77
OBLIQUE-GRADUAL-SEVERE	20	DT-I05-NST-v1|EXT|SOURCE|scenario=OBLIQUE-GRADUAL-SEVERE|r=020	1d329b9ae2f64e0c	DT-I05-NST-v1|EXT|OPTIMISER|stream=1d329b9ae2f64e0c	1791c2a5102b97cb
OBLIQUE-GRADUAL-SEVERE	21	DT-I05-NST-v1|EXT|SOURCE|scenario=OBLIQUE-GRADUAL-SEVERE|r=021	fa7864f24428520e	DT-I05-NST-v1|EXT|OPTIMISER|stream=fa7864f24428520e	42d8e26e1ce62229
OBLIQUE-GRADUAL-SEVERE	22	DT-I05-NST-v1|EXT|SOURCE|scenario=OBLIQUE-GRADUAL-SEVERE|r=022	c21da8f3943ebe5f	DT-I05-NST-v1|EXT|OPTIMISER|stream=c21da8f3943ebe5f	44a7c738d3aac251
OBLIQUE-GRADUAL-SEVERE	23	DT-I05-NST-v1|EXT|SOURCE|scenario=OBLIQUE-GRADUAL-SEVERE|r=023	4cb17b15708cd519	DT-I05-NST-v1|EXT|OPTIMISER|stream=4cb17b15708cd519	f7f86713f415e8be
OBLIQUE-GRADUAL-SEVERE	24	DT-I05-NST-v1|EXT|SOURCE|scenario=OBLIQUE-GRADUAL-SEVERE|r=024	a6eb7727b46e99b7	DT-I05-NST-v1|EXT|OPTIMISER|stream=a6eb7727b46e99b7	1c3d81e8d9efdf5c
OBLIQUE-GRADUAL-SEVERE	25	DT-I05-NST-v1|EXT|SOURCE|scenario=OBLIQUE-GRADUAL-SEVERE|r=025	a56ed9c8d7ba85c8	DT-I05-NST-v1|EXT|OPTIMISER|stream=a56ed9c8d7ba85c8	d853a38a2faa5f6d
OBLIQUE-GRADUAL-SEVERE	26	DT-I05-NST-v1|EXT|SOURCE|scenario=OBLIQUE-GRADUAL-SEVERE|r=026	0e2b337b1d5e87de	DT-I05-NST-v1|EXT|OPTIMISER|stream=0e2b337b1d5e87de	05ce634f115b00a4
OBLIQUE-GRADUAL-SEVERE	27	DT-I05-NST-v1|EXT|SOURCE|scenario=OBLIQUE-GRADUAL-SEVERE|r=027	0dba61446a099156	DT-I05-NST-v1|EXT|OPTIMISER|stream=0dba61446a099156	389324f98864191e
OBLIQUE-GRADUAL-SEVERE	28	DT-I05-NST-v1|EXT|SOURCE|scenario=OBLIQUE-GRADUAL-SEVERE|r=028	d546a2f17278bf48	DT-I05-NST-v1|EXT|OPTIMISER|stream=d546a2f17278bf48	d00ff8c1b8aa3779
OBLIQUE-GRADUAL-SEVERE	29	DT-I05-NST-v1|EXT|SOURCE|scenario=OBLIQUE-GRADUAL-SEVERE|r=029	71fbeb4d9c08a485	DT-I05-NST-v1|EXT|OPTIMISER|stream=71fbeb4d9c08a485	b37cb44252e6d95c
OBLIQUE-GRADUAL-SEVERE	30	DT-I05-NST-v1|EXT|SOURCE|scenario=OBLIQUE-GRADUAL-SEVERE|r=030	13a18e97c76bbe68	DT-I05-NST-v1|EXT|OPTIMISER|stream=13a18e97c76bbe68	c508d2540bf1865e
OBLIQUE-GRADUAL-SEVERE	31	DT-I05-NST-v1|EXT|SOURCE|scenario=OBLIQUE-GRADUAL-SEVERE|r=031	a40941c31c0d701a	DT-I05-NST-v1|EXT|OPTIMISER|stream=a40941c31c0d701a	b6432955a8b22603
OBLIQUE-GRADUAL-SEVERE	32	DT-I05-NST-v1|EXT|SOURCE|scenario=OBLIQUE-GRADUAL-SEVERE|r=032	cd2dcedbb74afc9e	DT-I05-NST-v1|EXT|OPTIMISER|stream=cd2dcedbb74afc9e	b74d1955afb1a960
OBLIQUE-GRADUAL-SEVERE	33	DT-I05-NST-v1|EXT|SOURCE|scenario=OBLIQUE-GRADUAL-SEVERE|r=033	b62d60e15ea4dfeb	DT-I05-NST-v1|EXT|OPTIMISER|stream=b62d60e15ea4dfeb	8c638c3f2e3675ae
OBLIQUE-GRADUAL-SEVERE	34	DT-I05-NST-v1|EXT|SOURCE|scenario=OBLIQUE-GRADUAL-SEVERE|r=034	2febf088ee67f698	DT-I05-NST-v1|EXT|OPTIMISER|stream=2febf088ee67f698	6626c4fda8bf1320
OBLIQUE-GRADUAL-SEVERE	35	DT-I05-NST-v1|EXT|SOURCE|scenario=OBLIQUE-GRADUAL-SEVERE|r=035	ee9a27d0bbdd7766	DT-I05-NST-v1|EXT|OPTIMISER|stream=ee9a27d0bbdd7766	4f9c2770ffc15b38
OBLIQUE-GRADUAL-SEVERE	36	DT-I05-NST-v1|EXT|SOURCE|scenario=OBLIQUE-GRADUAL-SEVERE|r=036	ad611e5f88382089	DT-I05-NST-v1|EXT|OPTIMISER|stream=ad611e5f88382089	9c8e139497cce3d5
OBLIQUE-GRADUAL-SEVERE	37	DT-I05-NST-v1|EXT|SOURCE|scenario=OBLIQUE-GRADUAL-SEVERE|r=037	4e15196ced74c22a	DT-I05-NST-v1|EXT|OPTIMISER|stream=4e15196ced74c22a	3f58169db57d7f2a
OBLIQUE-GRADUAL-SEVERE	38	DT-I05-NST-v1|EXT|SOURCE|scenario=OBLIQUE-GRADUAL-SEVERE|r=038	ea9384f7fcae93e6	DT-I05-NST-v1|EXT|OPTIMISER|stream=ea9384f7fcae93e6	d76bbbaa3fa26ab1
OBLIQUE-GRADUAL-SEVERE	39	DT-I05-NST-v1|EXT|SOURCE|scenario=OBLIQUE-GRADUAL-SEVERE|r=039	8c8e6194d77f1b48	DT-I05-NST-v1|EXT|OPTIMISER|stream=8c8e6194d77f1b48	7ba257d85017cdec
OBLIQUE-GRADUAL-SEVERE	40	DT-I05-NST-v1|EXT|SOURCE|scenario=OBLIQUE-GRADUAL-SEVERE|r=040	96d2abaef1d768dc	DT-I05-NST-v1|EXT|OPTIMISER|stream=96d2abaef1d768dc	28e12ca6abc59117
OBLIQUE-GRADUAL-SEVERE	41	DT-I05-NST-v1|EXT|SOURCE|scenario=OBLIQUE-GRADUAL-SEVERE|r=041	9b8b369e2e2c3a31	DT-I05-NST-v1|EXT|OPTIMISER|stream=9b8b369e2e2c3a31	c60fc6dcc5e30790
OBLIQUE-GRADUAL-SEVERE	42	DT-I05-NST-v1|EXT|SOURCE|scenario=OBLIQUE-GRADUAL-SEVERE|r=042	10de18bdf007bc71	DT-I05-NST-v1|EXT|OPTIMISER|stream=10de18bdf007bc71	18347377d2f5c2de
OBLIQUE-GRADUAL-SEVERE	43	DT-I05-NST-v1|EXT|SOURCE|scenario=OBLIQUE-GRADUAL-SEVERE|r=043	0982783b8761748f	DT-I05-NST-v1|EXT|OPTIMISER|stream=0982783b8761748f	895f8258bb211352
OBLIQUE-GRADUAL-SEVERE	44	DT-I05-NST-v1|EXT|SOURCE|scenario=OBLIQUE-GRADUAL-SEVERE|r=044	b3380abd1198981e	DT-I05-NST-v1|EXT|OPTIMISER|stream=b3380abd1198981e	f77efba8f992a9f1
OBLIQUE-GRADUAL-SEVERE	45	DT-I05-NST-v1|EXT|SOURCE|scenario=OBLIQUE-GRADUAL-SEVERE|r=045	9067221b6878753c	DT-I05-NST-v1|EXT|OPTIMISER|stream=9067221b6878753c	38fac360bb834f40
OBLIQUE-GRADUAL-SEVERE	46	DT-I05-NST-v1|EXT|SOURCE|scenario=OBLIQUE-GRADUAL-SEVERE|r=046	1286a2a25b4013e8	DT-I05-NST-v1|EXT|OPTIMISER|stream=1286a2a25b4013e8	5ea45728895ef0f1
OBLIQUE-GRADUAL-SEVERE	47	DT-I05-NST-v1|EXT|SOURCE|scenario=OBLIQUE-GRADUAL-SEVERE|r=047	d83bc426baea2142	DT-I05-NST-v1|EXT|OPTIMISER|stream=d83bc426baea2142	86c8572a57fd1f60
OBLIQUE-GRADUAL-SEVERE	48	DT-I05-NST-v1|EXT|SOURCE|scenario=OBLIQUE-GRADUAL-SEVERE|r=048	b6706438d0b8e4f7	DT-I05-NST-v1|EXT|OPTIMISER|stream=b6706438d0b8e4f7	948bd2163976d6a4
OBLIQUE-GRADUAL-SEVERE	49	DT-I05-NST-v1|EXT|SOURCE|scenario=OBLIQUE-GRADUAL-SEVERE|r=049	db8199c6dccb12e2	DT-I05-NST-v1|EXT|OPTIMISER|stream=db8199c6dccb12e2	2c5e155d2d7cf2d0
OBLIQUE-GRADUAL-SEVERE	50	DT-I05-NST-v1|EXT|SOURCE|scenario=OBLIQUE-GRADUAL-SEVERE|r=050	3315c5c351d7da1c	DT-I05-NST-v1|EXT|OPTIMISER|stream=3315c5c351d7da1c	8d7a223b362d18ca
OBLIQUE-GRADUAL-SEVERE	51	DT-I05-NST-v1|EXT|SOURCE|scenario=OBLIQUE-GRADUAL-SEVERE|r=051	8c67daa218ed8f96	DT-I05-NST-v1|EXT|OPTIMISER|stream=8c67daa218ed8f96	50e53dd2b7436740
OBLIQUE-GRADUAL-SEVERE	52	DT-I05-NST-v1|EXT|SOURCE|scenario=OBLIQUE-GRADUAL-SEVERE|r=052	cf639e9a3328dc5c	DT-I05-NST-v1|EXT|OPTIMISER|stream=cf639e9a3328dc5c	fcd9d9b858b6095b
OBLIQUE-GRADUAL-SEVERE	53	DT-I05-NST-v1|EXT|SOURCE|scenario=OBLIQUE-GRADUAL-SEVERE|r=053	f28ab6e2951662f3	DT-I05-NST-v1|EXT|OPTIMISER|stream=f28ab6e2951662f3	3e412da47d31021e
OBLIQUE-GRADUAL-SEVERE	54	DT-I05-NST-v1|EXT|SOURCE|scenario=OBLIQUE-GRADUAL-SEVERE|r=054	2bd43698fc20cb5e	DT-I05-NST-v1|EXT|OPTIMISER|stream=2bd43698fc20cb5e	02d03059e6cc77c6
OBLIQUE-GRADUAL-SEVERE	55	DT-I05-NST-v1|EXT|SOURCE|scenario=OBLIQUE-GRADUAL-SEVERE|r=055	f6f745a19162cf5b	DT-I05-NST-v1|EXT|OPTIMISER|stream=f6f745a19162cf5b	42e90ff9aaa6c61e
OBLIQUE-GRADUAL-SEVERE	56	DT-I05-NST-v1|EXT|SOURCE|scenario=OBLIQUE-GRADUAL-SEVERE|r=056	db4bdf3ff7105474	DT-I05-NST-v1|EXT|OPTIMISER|stream=db4bdf3ff7105474	71fab5ccb83a4b2b
OBLIQUE-GRADUAL-SEVERE	57	DT-I05-NST-v1|EXT|SOURCE|scenario=OBLIQUE-GRADUAL-SEVERE|r=057	11987d9ef559639e	DT-I05-NST-v1|EXT|OPTIMISER|stream=11987d9ef559639e	03a6d833324f0500
OBLIQUE-GRADUAL-SEVERE	58	DT-I05-NST-v1|EXT|SOURCE|scenario=OBLIQUE-GRADUAL-SEVERE|r=058	326ce1a2da6aa9d1	DT-I05-NST-v1|EXT|OPTIMISER|stream=326ce1a2da6aa9d1	eee64ff1323f47f4
OBLIQUE-GRADUAL-SEVERE	59	DT-I05-NST-v1|EXT|SOURCE|scenario=OBLIQUE-GRADUAL-SEVERE|r=059	f0d4452d9637be12	DT-I05-NST-v1|EXT|OPTIMISER|stream=f0d4452d9637be12	49b3a9505d5ac34b
OBLIQUE-GRADUAL-SEVERE	60	DT-I05-NST-v1|EXT|SOURCE|scenario=OBLIQUE-GRADUAL-SEVERE|r=060	6f623868e79e740a	DT-I05-NST-v1|EXT|OPTIMISER|stream=6f623868e79e740a	17d5446780ed0cc7
OBLIQUE-GRADUAL-SEVERE	61	DT-I05-NST-v1|EXT|SOURCE|scenario=OBLIQUE-GRADUAL-SEVERE|r=061	faa35158a47e345c	DT-I05-NST-v1|EXT|OPTIMISER|stream=faa35158a47e345c	c0e418cc288a6a1f
OBLIQUE-GRADUAL-SEVERE	62	DT-I05-NST-v1|EXT|SOURCE|scenario=OBLIQUE-GRADUAL-SEVERE|r=062	c53d59928f8359e2	DT-I05-NST-v1|EXT|OPTIMISER|stream=c53d59928f8359e2	7e4f6da2056e1015
OBLIQUE-GRADUAL-SEVERE	63	DT-I05-NST-v1|EXT|SOURCE|scenario=OBLIQUE-GRADUAL-SEVERE|r=063	5707082e6d44387b	DT-I05-NST-v1|EXT|OPTIMISER|stream=5707082e6d44387b	b966af3018caa1f9
OBLIQUE-GRADUAL-SEVERE	64	DT-I05-NST-v1|EXT|SOURCE|scenario=OBLIQUE-GRADUAL-SEVERE|r=064	a7a721ab708264bb	DT-I05-NST-v1|EXT|OPTIMISER|stream=a7a721ab708264bb	89d61437b2e94131
OBLIQUE-GRADUAL-SEVERE	65	DT-I05-NST-v1|EXT|SOURCE|scenario=OBLIQUE-GRADUAL-SEVERE|r=065	e9b9ff475da5a7d3	DT-I05-NST-v1|EXT|OPTIMISER|stream=e9b9ff475da5a7d3	838e98b41105441c
OBLIQUE-GRADUAL-SEVERE	66	DT-I05-NST-v1|EXT|SOURCE|scenario=OBLIQUE-GRADUAL-SEVERE|r=066	cf2b6297ffa701e8	DT-I05-NST-v1|EXT|OPTIMISER|stream=cf2b6297ffa701e8	0552c568157267c7
OBLIQUE-GRADUAL-SEVERE	67	DT-I05-NST-v1|EXT|SOURCE|scenario=OBLIQUE-GRADUAL-SEVERE|r=067	e28db082ec5be0a0	DT-I05-NST-v1|EXT|OPTIMISER|stream=e28db082ec5be0a0	c38f89e65be1e71f
OBLIQUE-GRADUAL-SEVERE	68	DT-I05-NST-v1|EXT|SOURCE|scenario=OBLIQUE-GRADUAL-SEVERE|r=068	0968f76fe9fb01a6	DT-I05-NST-v1|EXT|OPTIMISER|stream=0968f76fe9fb01a6	8b05e5df8cb19ad2
OBLIQUE-GRADUAL-SEVERE	69	DT-I05-NST-v1|EXT|SOURCE|scenario=OBLIQUE-GRADUAL-SEVERE|r=069	4a3c2f0080d0967a	DT-I05-NST-v1|EXT|OPTIMISER|stream=4a3c2f0080d0967a	103f31a5b8deb3db
OBLIQUE-GRADUAL-SEVERE	70	DT-I05-NST-v1|EXT|SOURCE|scenario=OBLIQUE-GRADUAL-SEVERE|r=070	ac340414170deb5b	DT-I05-NST-v1|EXT|OPTIMISER|stream=ac340414170deb5b	8c11c4b09e702c2d
OBLIQUE-GRADUAL-SEVERE	71	DT-I05-NST-v1|EXT|SOURCE|scenario=OBLIQUE-GRADUAL-SEVERE|r=071	ba105d6fda3698b9	DT-I05-NST-v1|EXT|OPTIMISER|stream=ba105d6fda3698b9	22dd9eaa7f335fbf
OBLIQUE-GRADUAL-SEVERE	72	DT-I05-NST-v1|EXT|SOURCE|scenario=OBLIQUE-GRADUAL-SEVERE|r=072	8dde93c024773dac	DT-I05-NST-v1|EXT|OPTIMISER|stream=8dde93c024773dac	3c62e3aebe4f0853
OBLIQUE-GRADUAL-SEVERE	73	DT-I05-NST-v1|EXT|SOURCE|scenario=OBLIQUE-GRADUAL-SEVERE|r=073	0d0b0828322bbae5	DT-I05-NST-v1|EXT|OPTIMISER|stream=0d0b0828322bbae5	58a3c7548ed184da
OBLIQUE-GRADUAL-SEVERE	74	DT-I05-NST-v1|EXT|SOURCE|scenario=OBLIQUE-GRADUAL-SEVERE|r=074	16a8c168ed76b671	DT-I05-NST-v1|EXT|OPTIMISER|stream=16a8c168ed76b671	e4e284e5b0d3105f
OBLIQUE-GRADUAL-SEVERE	75	DT-I05-NST-v1|EXT|SOURCE|scenario=OBLIQUE-GRADUAL-SEVERE|r=075	7b3e1c1e4bd28bdc	DT-I05-NST-v1|EXT|OPTIMISER|stream=7b3e1c1e4bd28bdc	4cc416bc6c790741
OBLIQUE-GRADUAL-SEVERE	76	DT-I05-NST-v1|EXT|SOURCE|scenario=OBLIQUE-GRADUAL-SEVERE|r=076	9c144291ad2760d1	DT-I05-NST-v1|EXT|OPTIMISER|stream=9c144291ad2760d1	27eaa697e5cace0d
OBLIQUE-GRADUAL-SEVERE	77	DT-I05-NST-v1|EXT|SOURCE|scenario=OBLIQUE-GRADUAL-SEVERE|r=077	7a2cb1bb6eace1d6	DT-I05-NST-v1|EXT|OPTIMISER|stream=7a2cb1bb6eace1d6	182f06477b3b6dd0
OBLIQUE-GRADUAL-SEVERE	78	DT-I05-NST-v1|EXT|SOURCE|scenario=OBLIQUE-GRADUAL-SEVERE|r=078	67a2a37ce0b52061	DT-I05-NST-v1|EXT|OPTIMISER|stream=67a2a37ce0b52061	b20905f116f9b38f
OBLIQUE-GRADUAL-SEVERE	79	DT-I05-NST-v1|EXT|SOURCE|scenario=OBLIQUE-GRADUAL-SEVERE|r=079	36b317852555de0c	DT-I05-NST-v1|EXT|OPTIMISER|stream=36b317852555de0c	0d80b39b43edca1b
OBLIQUE-RECURRENT-MILD	0	DT-I05-NST-v1|EXT|SOURCE|scenario=OBLIQUE-RECURRENT-MILD|r=000	62cac0a08a1ebfa6	DT-I05-NST-v1|EXT|OPTIMISER|stream=62cac0a08a1ebfa6	3e4dd1ca5e469b19
OBLIQUE-RECURRENT-MILD	1	DT-I05-NST-v1|EXT|SOURCE|scenario=OBLIQUE-RECURRENT-MILD|r=001	394639f1dfefce02	DT-I05-NST-v1|EXT|OPTIMISER|stream=394639f1dfefce02	9b2cf18c03da4206
OBLIQUE-RECURRENT-MILD	2	DT-I05-NST-v1|EXT|SOURCE|scenario=OBLIQUE-RECURRENT-MILD|r=002	82e41b37ba6ce9f2	DT-I05-NST-v1|EXT|OPTIMISER|stream=82e41b37ba6ce9f2	88c03e567e9951be
OBLIQUE-RECURRENT-MILD	3	DT-I05-NST-v1|EXT|SOURCE|scenario=OBLIQUE-RECURRENT-MILD|r=003	17553b255a06f6e7	DT-I05-NST-v1|EXT|OPTIMISER|stream=17553b255a06f6e7	8cd3e17b38581bfd
OBLIQUE-RECURRENT-MILD	4	DT-I05-NST-v1|EXT|SOURCE|scenario=OBLIQUE-RECURRENT-MILD|r=004	9ea65ed4ade0e2a2	DT-I05-NST-v1|EXT|OPTIMISER|stream=9ea65ed4ade0e2a2	e86f9f4ececf2d29
OBLIQUE-RECURRENT-MILD	5	DT-I05-NST-v1|EXT|SOURCE|scenario=OBLIQUE-RECURRENT-MILD|r=005	c89ce2c586573754	DT-I05-NST-v1|EXT|OPTIMISER|stream=c89ce2c586573754	05292b956a3449b9
OBLIQUE-RECURRENT-MILD	6	DT-I05-NST-v1|EXT|SOURCE|scenario=OBLIQUE-RECURRENT-MILD|r=006	832665dc2f3a6c6c	DT-I05-NST-v1|EXT|OPTIMISER|stream=832665dc2f3a6c6c	3d8a68247b73cddc
OBLIQUE-RECURRENT-MILD	7	DT-I05-NST-v1|EXT|SOURCE|scenario=OBLIQUE-RECURRENT-MILD|r=007	1d5f90d377cab9d3	DT-I05-NST-v1|EXT|OPTIMISER|stream=1d5f90d377cab9d3	2a659563e45574e5
OBLIQUE-RECURRENT-MILD	8	DT-I05-NST-v1|EXT|SOURCE|scenario=OBLIQUE-RECURRENT-MILD|r=008	be2f8007108293c3	DT-I05-NST-v1|EXT|OPTIMISER|stream=be2f8007108293c3	d6c4ad5a756faf48
OBLIQUE-RECURRENT-MILD	9	DT-I05-NST-v1|EXT|SOURCE|scenario=OBLIQUE-RECURRENT-MILD|r=009	b4bd1aa0457164eb	DT-I05-NST-v1|EXT|OPTIMISER|stream=b4bd1aa0457164eb	5d894b699cb0eab9
OBLIQUE-RECURRENT-MILD	10	DT-I05-NST-v1|EXT|SOURCE|scenario=OBLIQUE-RECURRENT-MILD|r=010	68ed7108b182f1c8	DT-I05-NST-v1|EXT|OPTIMISER|stream=68ed7108b182f1c8	0d07fc2a7ffe38ff
OBLIQUE-RECURRENT-MILD	11	DT-I05-NST-v1|EXT|SOURCE|scenario=OBLIQUE-RECURRENT-MILD|r=011	e27fc79264fd4b89	DT-I05-NST-v1|EXT|OPTIMISER|stream=e27fc79264fd4b89	0610656c222e7952
OBLIQUE-RECURRENT-MILD	12	DT-I05-NST-v1|EXT|SOURCE|scenario=OBLIQUE-RECURRENT-MILD|r=012	2de9c2b82ee2d854	DT-I05-NST-v1|EXT|OPTIMISER|stream=2de9c2b82ee2d854	b08ce6ca73d29711
OBLIQUE-RECURRENT-MILD	13	DT-I05-NST-v1|EXT|SOURCE|scenario=OBLIQUE-RECURRENT-MILD|r=013	32d6289bdc584ea6	DT-I05-NST-v1|EXT|OPTIMISER|stream=32d6289bdc584ea6	98fec56b323068c2
OBLIQUE-RECURRENT-MILD	14	DT-I05-NST-v1|EXT|SOURCE|scenario=OBLIQUE-RECURRENT-MILD|r=014	71258a80ac27e45f	DT-I05-NST-v1|EXT|OPTIMISER|stream=71258a80ac27e45f	d499df846a59409a
OBLIQUE-RECURRENT-MILD	15	DT-I05-NST-v1|EXT|SOURCE|scenario=OBLIQUE-RECURRENT-MILD|r=015	51c8948982d5f030	DT-I05-NST-v1|EXT|OPTIMISER|stream=51c8948982d5f030	0865974b0101ef66
OBLIQUE-RECURRENT-MILD	16	DT-I05-NST-v1|EXT|SOURCE|scenario=OBLIQUE-RECURRENT-MILD|r=016	7239b578399039da	DT-I05-NST-v1|EXT|OPTIMISER|stream=7239b578399039da	8c81ed568fb92e2a
OBLIQUE-RECURRENT-MILD	17	DT-I05-NST-v1|EXT|SOURCE|scenario=OBLIQUE-RECURRENT-MILD|r=017	9bc2e3b8de31abdc	DT-I05-NST-v1|EXT|OPTIMISER|stream=9bc2e3b8de31abdc	e019642eb85faaee
OBLIQUE-RECURRENT-MILD	18	DT-I05-NST-v1|EXT|SOURCE|scenario=OBLIQUE-RECURRENT-MILD|r=018	839a2d9190688e49	DT-I05-NST-v1|EXT|OPTIMISER|stream=839a2d9190688e49	5b0d143ee7013690
OBLIQUE-RECURRENT-MILD	19	DT-I05-NST-v1|EXT|SOURCE|scenario=OBLIQUE-RECURRENT-MILD|r=019	54781e619073145c	DT-I05-NST-v1|EXT|OPTIMISER|stream=54781e619073145c	6bc19676c1a12ea5
OBLIQUE-RECURRENT-MILD	20	DT-I05-NST-v1|EXT|SOURCE|scenario=OBLIQUE-RECURRENT-MILD|r=020	f76f88f8fad15ef5	DT-I05-NST-v1|EXT|OPTIMISER|stream=f76f88f8fad15ef5	719ec063a1119d4a
OBLIQUE-RECURRENT-MILD	21	DT-I05-NST-v1|EXT|SOURCE|scenario=OBLIQUE-RECURRENT-MILD|r=021	a3802743cc71e495	DT-I05-NST-v1|EXT|OPTIMISER|stream=a3802743cc71e495	b97c7f3769b3ca90
OBLIQUE-RECURRENT-MILD	22	DT-I05-NST-v1|EXT|SOURCE|scenario=OBLIQUE-RECURRENT-MILD|r=022	bbf937bbd3b70d4e	DT-I05-NST-v1|EXT|OPTIMISER|stream=bbf937bbd3b70d4e	6e0636882ee95c7a
OBLIQUE-RECURRENT-MILD	23	DT-I05-NST-v1|EXT|SOURCE|scenario=OBLIQUE-RECURRENT-MILD|r=023	29103ab2a6fa7c21	DT-I05-NST-v1|EXT|OPTIMISER|stream=29103ab2a6fa7c21	c7b62e95303a8302
OBLIQUE-RECURRENT-MILD	24	DT-I05-NST-v1|EXT|SOURCE|scenario=OBLIQUE-RECURRENT-MILD|r=024	15ee6ab4617c913b	DT-I05-NST-v1|EXT|OPTIMISER|stream=15ee6ab4617c913b	b444ae085fc2180b
OBLIQUE-RECURRENT-MILD	25	DT-I05-NST-v1|EXT|SOURCE|scenario=OBLIQUE-RECURRENT-MILD|r=025	89dc47dbf80ad639	DT-I05-NST-v1|EXT|OPTIMISER|stream=89dc47dbf80ad639	c206ddf2b15978c5
OBLIQUE-RECURRENT-MILD	26	DT-I05-NST-v1|EXT|SOURCE|scenario=OBLIQUE-RECURRENT-MILD|r=026	c0489076a619fe6e	DT-I05-NST-v1|EXT|OPTIMISER|stream=c0489076a619fe6e	e85adc213ac692f8
OBLIQUE-RECURRENT-MILD	27	DT-I05-NST-v1|EXT|SOURCE|scenario=OBLIQUE-RECURRENT-MILD|r=027	a864994ec10a20da	DT-I05-NST-v1|EXT|OPTIMISER|stream=a864994ec10a20da	ef1be7cf9a4b1465
OBLIQUE-RECURRENT-MILD	28	DT-I05-NST-v1|EXT|SOURCE|scenario=OBLIQUE-RECURRENT-MILD|r=028	6a864c0bbb3aaa35	DT-I05-NST-v1|EXT|OPTIMISER|stream=6a864c0bbb3aaa35	f89782c8ef0e2995
OBLIQUE-RECURRENT-MILD	29	DT-I05-NST-v1|EXT|SOURCE|scenario=OBLIQUE-RECURRENT-MILD|r=029	03e8f53d77c2df48	DT-I05-NST-v1|EXT|OPTIMISER|stream=03e8f53d77c2df48	f473767e5094c18f
OBLIQUE-RECURRENT-MILD	30	DT-I05-NST-v1|EXT|SOURCE|scenario=OBLIQUE-RECURRENT-MILD|r=030	6c797fa36583e10e	DT-I05-NST-v1|EXT|OPTIMISER|stream=6c797fa36583e10e	cb5986542bcbebf6
OBLIQUE-RECURRENT-MILD	31	DT-I05-NST-v1|EXT|SOURCE|scenario=OBLIQUE-RECURRENT-MILD|r=031	0ffc9458593b3fcf	DT-I05-NST-v1|EXT|OPTIMISER|stream=0ffc9458593b3fcf	60bdbb07999c7bc4
OBLIQUE-RECURRENT-MILD	32	DT-I05-NST-v1|EXT|SOURCE|scenario=OBLIQUE-RECURRENT-MILD|r=032	99de08455d1012cd	DT-I05-NST-v1|EXT|OPTIMISER|stream=99de08455d1012cd	a18efdb7e8ca986a
OBLIQUE-RECURRENT-MILD	33	DT-I05-NST-v1|EXT|SOURCE|scenario=OBLIQUE-RECURRENT-MILD|r=033	89b0b28b1a5084c2	DT-I05-NST-v1|EXT|OPTIMISER|stream=89b0b28b1a5084c2	4c9d312b1b02a4d9
OBLIQUE-RECURRENT-MILD	34	DT-I05-NST-v1|EXT|SOURCE|scenario=OBLIQUE-RECURRENT-MILD|r=034	6fa9c67567935491	DT-I05-NST-v1|EXT|OPTIMISER|stream=6fa9c67567935491	ae092871735d7348
OBLIQUE-RECURRENT-MILD	35	DT-I05-NST-v1|EXT|SOURCE|scenario=OBLIQUE-RECURRENT-MILD|r=035	58b2ab1df57ada90	DT-I05-NST-v1|EXT|OPTIMISER|stream=58b2ab1df57ada90	e655a808e3d65f98
OBLIQUE-RECURRENT-MILD	36	DT-I05-NST-v1|EXT|SOURCE|scenario=OBLIQUE-RECURRENT-MILD|r=036	2c8d86ba7a6641e6	DT-I05-NST-v1|EXT|OPTIMISER|stream=2c8d86ba7a6641e6	c259534e7e9e3322
OBLIQUE-RECURRENT-MILD	37	DT-I05-NST-v1|EXT|SOURCE|scenario=OBLIQUE-RECURRENT-MILD|r=037	8734246635f2d421	DT-I05-NST-v1|EXT|OPTIMISER|stream=8734246635f2d421	0ae696d233598ff1
OBLIQUE-RECURRENT-MILD	38	DT-I05-NST-v1|EXT|SOURCE|scenario=OBLIQUE-RECURRENT-MILD|r=038	97de783c992cab76	DT-I05-NST-v1|EXT|OPTIMISER|stream=97de783c992cab76	37c927a6297cabe3
OBLIQUE-RECURRENT-MILD	39	DT-I05-NST-v1|EXT|SOURCE|scenario=OBLIQUE-RECURRENT-MILD|r=039	cab82c0e1fd3f2a7	DT-I05-NST-v1|EXT|OPTIMISER|stream=cab82c0e1fd3f2a7	4f0171a277db0a4e
OBLIQUE-RECURRENT-MILD	40	DT-I05-NST-v1|EXT|SOURCE|scenario=OBLIQUE-RECURRENT-MILD|r=040	a8a3eaaa71635339	DT-I05-NST-v1|EXT|OPTIMISER|stream=a8a3eaaa71635339	f7c4cda883b11b83
OBLIQUE-RECURRENT-MILD	41	DT-I05-NST-v1|EXT|SOURCE|scenario=OBLIQUE-RECURRENT-MILD|r=041	d9edaf44ba6d0c30	DT-I05-NST-v1|EXT|OPTIMISER|stream=d9edaf44ba6d0c30	8f2d9844a048ecfa
OBLIQUE-RECURRENT-MILD	42	DT-I05-NST-v1|EXT|SOURCE|scenario=OBLIQUE-RECURRENT-MILD|r=042	eba60aef03e5d0ed	DT-I05-NST-v1|EXT|OPTIMISER|stream=eba60aef03e5d0ed	c82c9a55913c5171
OBLIQUE-RECURRENT-MILD	43	DT-I05-NST-v1|EXT|SOURCE|scenario=OBLIQUE-RECURRENT-MILD|r=043	f132a17e9f1e1ef4	DT-I05-NST-v1|EXT|OPTIMISER|stream=f132a17e9f1e1ef4	82e02165a2ed2c3f
OBLIQUE-RECURRENT-MILD	44	DT-I05-NST-v1|EXT|SOURCE|scenario=OBLIQUE-RECURRENT-MILD|r=044	09300f9c14b05456	DT-I05-NST-v1|EXT|OPTIMISER|stream=09300f9c14b05456	5cb20b8196a3f7f7
OBLIQUE-RECURRENT-MILD	45	DT-I05-NST-v1|EXT|SOURCE|scenario=OBLIQUE-RECURRENT-MILD|r=045	4f34c4b157421972	DT-I05-NST-v1|EXT|OPTIMISER|stream=4f34c4b157421972	de8ae323716b905a
OBLIQUE-RECURRENT-MILD	46	DT-I05-NST-v1|EXT|SOURCE|scenario=OBLIQUE-RECURRENT-MILD|r=046	1aa3a91e259000b5	DT-I05-NST-v1|EXT|OPTIMISER|stream=1aa3a91e259000b5	dcf8129a6d791098
OBLIQUE-RECURRENT-MILD	47	DT-I05-NST-v1|EXT|SOURCE|scenario=OBLIQUE-RECURRENT-MILD|r=047	31289f4a8d25e48f	DT-I05-NST-v1|EXT|OPTIMISER|stream=31289f4a8d25e48f	88fa8f71a520e2d8
OBLIQUE-RECURRENT-MILD	48	DT-I05-NST-v1|EXT|SOURCE|scenario=OBLIQUE-RECURRENT-MILD|r=048	e1a3443b28929f63	DT-I05-NST-v1|EXT|OPTIMISER|stream=e1a3443b28929f63	23da1d57e85ae5ab
OBLIQUE-RECURRENT-MILD	49	DT-I05-NST-v1|EXT|SOURCE|scenario=OBLIQUE-RECURRENT-MILD|r=049	d7faa90613a0da66	DT-I05-NST-v1|EXT|OPTIMISER|stream=d7faa90613a0da66	9e2df2f78cd21974
OBLIQUE-RECURRENT-MILD	50	DT-I05-NST-v1|EXT|SOURCE|scenario=OBLIQUE-RECURRENT-MILD|r=050	fc765b189dc3cb1b	DT-I05-NST-v1|EXT|OPTIMISER|stream=fc765b189dc3cb1b	3ce59aaae9392b18
OBLIQUE-RECURRENT-MILD	51	DT-I05-NST-v1|EXT|SOURCE|scenario=OBLIQUE-RECURRENT-MILD|r=051	cd54d37cc406f1a0	DT-I05-NST-v1|EXT|OPTIMISER|stream=cd54d37cc406f1a0	c8394980bff60cee
OBLIQUE-RECURRENT-MILD	52	DT-I05-NST-v1|EXT|SOURCE|scenario=OBLIQUE-RECURRENT-MILD|r=052	a34b24b78df1c396	DT-I05-NST-v1|EXT|OPTIMISER|stream=a34b24b78df1c396	9232e694d28a6dec
OBLIQUE-RECURRENT-MILD	53	DT-I05-NST-v1|EXT|SOURCE|scenario=OBLIQUE-RECURRENT-MILD|r=053	b865734ff0bb0ade	DT-I05-NST-v1|EXT|OPTIMISER|stream=b865734ff0bb0ade	15f6c2e12a4253b6
OBLIQUE-RECURRENT-MILD	54	DT-I05-NST-v1|EXT|SOURCE|scenario=OBLIQUE-RECURRENT-MILD|r=054	13c374a6f1075f45	DT-I05-NST-v1|EXT|OPTIMISER|stream=13c374a6f1075f45	96eaf8af93a8acba
OBLIQUE-RECURRENT-MILD	55	DT-I05-NST-v1|EXT|SOURCE|scenario=OBLIQUE-RECURRENT-MILD|r=055	a9a176c420352654	DT-I05-NST-v1|EXT|OPTIMISER|stream=a9a176c420352654	0af36245a46b49ea
OBLIQUE-RECURRENT-MILD	56	DT-I05-NST-v1|EXT|SOURCE|scenario=OBLIQUE-RECURRENT-MILD|r=056	6989650bcb90bde0	DT-I05-NST-v1|EXT|OPTIMISER|stream=6989650bcb90bde0	0493af9316a65473
OBLIQUE-RECURRENT-MILD	57	DT-I05-NST-v1|EXT|SOURCE|scenario=OBLIQUE-RECURRENT-MILD|r=057	7d7834cfb88b57bb	DT-I05-NST-v1|EXT|OPTIMISER|stream=7d7834cfb88b57bb	505a7f3ee4907c47
OBLIQUE-RECURRENT-MILD	58	DT-I05-NST-v1|EXT|SOURCE|scenario=OBLIQUE-RECURRENT-MILD|r=058	5f0d94737663f9b0	DT-I05-NST-v1|EXT|OPTIMISER|stream=5f0d94737663f9b0	f36a8518c85d5a33
OBLIQUE-RECURRENT-MILD	59	DT-I05-NST-v1|EXT|SOURCE|scenario=OBLIQUE-RECURRENT-MILD|r=059	3be5299854be55c0	DT-I05-NST-v1|EXT|OPTIMISER|stream=3be5299854be55c0	fca24702b87aa0c4
OBLIQUE-RECURRENT-MILD	60	DT-I05-NST-v1|EXT|SOURCE|scenario=OBLIQUE-RECURRENT-MILD|r=060	8e3dd4001ab26bd0	DT-I05-NST-v1|EXT|OPTIMISER|stream=8e3dd4001ab26bd0	35bfffa5623adffe
OBLIQUE-RECURRENT-MILD	61	DT-I05-NST-v1|EXT|SOURCE|scenario=OBLIQUE-RECURRENT-MILD|r=061	a6de0aa09aae7ac2	DT-I05-NST-v1|EXT|OPTIMISER|stream=a6de0aa09aae7ac2	588c073266c06162
OBLIQUE-RECURRENT-MILD	62	DT-I05-NST-v1|EXT|SOURCE|scenario=OBLIQUE-RECURRENT-MILD|r=062	0ba26baa4a41c376	DT-I05-NST-v1|EXT|OPTIMISER|stream=0ba26baa4a41c376	39737b252510d4bc
OBLIQUE-RECURRENT-MILD	63	DT-I05-NST-v1|EXT|SOURCE|scenario=OBLIQUE-RECURRENT-MILD|r=063	fc5aca705b765db7	DT-I05-NST-v1|EXT|OPTIMISER|stream=fc5aca705b765db7	9b5c3373a2dcd7cb
OBLIQUE-RECURRENT-MILD	64	DT-I05-NST-v1|EXT|SOURCE|scenario=OBLIQUE-RECURRENT-MILD|r=064	901b81699d9200b5	DT-I05-NST-v1|EXT|OPTIMISER|stream=901b81699d9200b5	eedae7380de58cd7
OBLIQUE-RECURRENT-MILD	65	DT-I05-NST-v1|EXT|SOURCE|scenario=OBLIQUE-RECURRENT-MILD|r=065	e4d3d920eea0ed56	DT-I05-NST-v1|EXT|OPTIMISER|stream=e4d3d920eea0ed56	b4a273a21d610102
OBLIQUE-RECURRENT-MILD	66	DT-I05-NST-v1|EXT|SOURCE|scenario=OBLIQUE-RECURRENT-MILD|r=066	eff5867b9083fd96	DT-I05-NST-v1|EXT|OPTIMISER|stream=eff5867b9083fd96	e0f1243dd1fad121
OBLIQUE-RECURRENT-MILD	67	DT-I05-NST-v1|EXT|SOURCE|scenario=OBLIQUE-RECURRENT-MILD|r=067	3627925875c1ec23	DT-I05-NST-v1|EXT|OPTIMISER|stream=3627925875c1ec23	4d23891630e541e6
OBLIQUE-RECURRENT-MILD	68	DT-I05-NST-v1|EXT|SOURCE|scenario=OBLIQUE-RECURRENT-MILD|r=068	8ded201a9e24cc5b	DT-I05-NST-v1|EXT|OPTIMISER|stream=8ded201a9e24cc5b	ae519b6f92fbcdb9
OBLIQUE-RECURRENT-MILD	69	DT-I05-NST-v1|EXT|SOURCE|scenario=OBLIQUE-RECURRENT-MILD|r=069	50fb3f5f7b42c1ab	DT-I05-NST-v1|EXT|OPTIMISER|stream=50fb3f5f7b42c1ab	1ecac5777a3cc55a
OBLIQUE-RECURRENT-MILD	70	DT-I05-NST-v1|EXT|SOURCE|scenario=OBLIQUE-RECURRENT-MILD|r=070	0d2b14b81ff29bd6	DT-I05-NST-v1|EXT|OPTIMISER|stream=0d2b14b81ff29bd6	75b5c786ccc98de7
OBLIQUE-RECURRENT-MILD	71	DT-I05-NST-v1|EXT|SOURCE|scenario=OBLIQUE-RECURRENT-MILD|r=071	ef9667d78aae4f63	DT-I05-NST-v1|EXT|OPTIMISER|stream=ef9667d78aae4f63	4955a7175d04e30c
OBLIQUE-RECURRENT-MILD	72	DT-I05-NST-v1|EXT|SOURCE|scenario=OBLIQUE-RECURRENT-MILD|r=072	cf35a979b2cb31b0	DT-I05-NST-v1|EXT|OPTIMISER|stream=cf35a979b2cb31b0	17c56366b6e05932
OBLIQUE-RECURRENT-MILD	73	DT-I05-NST-v1|EXT|SOURCE|scenario=OBLIQUE-RECURRENT-MILD|r=073	61a1f7b9e314d4e6	DT-I05-NST-v1|EXT|OPTIMISER|stream=61a1f7b9e314d4e6	45306840f71f3ea9
OBLIQUE-RECURRENT-MILD	74	DT-I05-NST-v1|EXT|SOURCE|scenario=OBLIQUE-RECURRENT-MILD|r=074	9fd1110c47e79b11	DT-I05-NST-v1|EXT|OPTIMISER|stream=9fd1110c47e79b11	594c30648b59de66
OBLIQUE-RECURRENT-MILD	75	DT-I05-NST-v1|EXT|SOURCE|scenario=OBLIQUE-RECURRENT-MILD|r=075	36626bca44da1d41	DT-I05-NST-v1|EXT|OPTIMISER|stream=36626bca44da1d41	58a94fde11ad1b11
OBLIQUE-RECURRENT-MILD	76	DT-I05-NST-v1|EXT|SOURCE|scenario=OBLIQUE-RECURRENT-MILD|r=076	1a3fad745905b531	DT-I05-NST-v1|EXT|OPTIMISER|stream=1a3fad745905b531	c0a65eea13701341
OBLIQUE-RECURRENT-MILD	77	DT-I05-NST-v1|EXT|SOURCE|scenario=OBLIQUE-RECURRENT-MILD|r=077	47933c05448be334	DT-I05-NST-v1|EXT|OPTIMISER|stream=47933c05448be334	ab46a2512844319f
OBLIQUE-RECURRENT-MILD	78	DT-I05-NST-v1|EXT|SOURCE|scenario=OBLIQUE-RECURRENT-MILD|r=078	2c66269c8148c0f8	DT-I05-NST-v1|EXT|OPTIMISER|stream=2c66269c8148c0f8	a85db83a9ed86407
OBLIQUE-RECURRENT-MILD	79	DT-I05-NST-v1|EXT|SOURCE|scenario=OBLIQUE-RECURRENT-MILD|r=079	29f47f0c8e8fe62a	DT-I05-NST-v1|EXT|OPTIMISER|stream=29f47f0c8e8fe62a	0cb6e9e36278430a
OBLIQUE-RECURRENT-SEVERE	0	DT-I05-NST-v1|EXT|SOURCE|scenario=OBLIQUE-RECURRENT-SEVERE|r=000	287f5e8fd840dff2	DT-I05-NST-v1|EXT|OPTIMISER|stream=287f5e8fd840dff2	d114e54e142016f7
OBLIQUE-RECURRENT-SEVERE	1	DT-I05-NST-v1|EXT|SOURCE|scenario=OBLIQUE-RECURRENT-SEVERE|r=001	5c357e7c2a3e79e7	DT-I05-NST-v1|EXT|OPTIMISER|stream=5c357e7c2a3e79e7	25b29eea026d672c
OBLIQUE-RECURRENT-SEVERE	2	DT-I05-NST-v1|EXT|SOURCE|scenario=OBLIQUE-RECURRENT-SEVERE|r=002	4756df31ac261917	DT-I05-NST-v1|EXT|OPTIMISER|stream=4756df31ac261917	1526645b0d970d1f
OBLIQUE-RECURRENT-SEVERE	3	DT-I05-NST-v1|EXT|SOURCE|scenario=OBLIQUE-RECURRENT-SEVERE|r=003	344a6199c9c61e5f	DT-I05-NST-v1|EXT|OPTIMISER|stream=344a6199c9c61e5f	74d12446605fa1ef
OBLIQUE-RECURRENT-SEVERE	4	DT-I05-NST-v1|EXT|SOURCE|scenario=OBLIQUE-RECURRENT-SEVERE|r=004	4e5784079db55956	DT-I05-NST-v1|EXT|OPTIMISER|stream=4e5784079db55956	a7e411ca00e547f3
OBLIQUE-RECURRENT-SEVERE	5	DT-I05-NST-v1|EXT|SOURCE|scenario=OBLIQUE-RECURRENT-SEVERE|r=005	f5dd671409eb1c16	DT-I05-NST-v1|EXT|OPTIMISER|stream=f5dd671409eb1c16	dee1750df6cd2530
OBLIQUE-RECURRENT-SEVERE	6	DT-I05-NST-v1|EXT|SOURCE|scenario=OBLIQUE-RECURRENT-SEVERE|r=006	b4c71f794ca69034	DT-I05-NST-v1|EXT|OPTIMISER|stream=b4c71f794ca69034	752340caf90327e9
OBLIQUE-RECURRENT-SEVERE	7	DT-I05-NST-v1|EXT|SOURCE|scenario=OBLIQUE-RECURRENT-SEVERE|r=007	ac66a945f703c07a	DT-I05-NST-v1|EXT|OPTIMISER|stream=ac66a945f703c07a	01f48517745a086d
OBLIQUE-RECURRENT-SEVERE	8	DT-I05-NST-v1|EXT|SOURCE|scenario=OBLIQUE-RECURRENT-SEVERE|r=008	62f45dc0ca573e91	DT-I05-NST-v1|EXT|OPTIMISER|stream=62f45dc0ca573e91	ebe845c7eece6c63
OBLIQUE-RECURRENT-SEVERE	9	DT-I05-NST-v1|EXT|SOURCE|scenario=OBLIQUE-RECURRENT-SEVERE|r=009	810065f5812acd13	DT-I05-NST-v1|EXT|OPTIMISER|stream=810065f5812acd13	99fc3f852a679f6c
OBLIQUE-RECURRENT-SEVERE	10	DT-I05-NST-v1|EXT|SOURCE|scenario=OBLIQUE-RECURRENT-SEVERE|r=010	526ace74986e5ba6	DT-I05-NST-v1|EXT|OPTIMISER|stream=526ace74986e5ba6	a2a6a2bfc97acea3
OBLIQUE-RECURRENT-SEVERE	11	DT-I05-NST-v1|EXT|SOURCE|scenario=OBLIQUE-RECURRENT-SEVERE|r=011	05fd966f859b1fba	DT-I05-NST-v1|EXT|OPTIMISER|stream=05fd966f859b1fba	5f35be0f5f3c2b85
OBLIQUE-RECURRENT-SEVERE	12	DT-I05-NST-v1|EXT|SOURCE|scenario=OBLIQUE-RECURRENT-SEVERE|r=012	43f371eb78184a20	DT-I05-NST-v1|EXT|OPTIMISER|stream=43f371eb78184a20	6f56be71a6883335
OBLIQUE-RECURRENT-SEVERE	13	DT-I05-NST-v1|EXT|SOURCE|scenario=OBLIQUE-RECURRENT-SEVERE|r=013	03d21bef3fecc9e1	DT-I05-NST-v1|EXT|OPTIMISER|stream=03d21bef3fecc9e1	b6b3b149efc8b92d
OBLIQUE-RECURRENT-SEVERE	14	DT-I05-NST-v1|EXT|SOURCE|scenario=OBLIQUE-RECURRENT-SEVERE|r=014	e237f80c6b961e9c	DT-I05-NST-v1|EXT|OPTIMISER|stream=e237f80c6b961e9c	81b233e175022e93
OBLIQUE-RECURRENT-SEVERE	15	DT-I05-NST-v1|EXT|SOURCE|scenario=OBLIQUE-RECURRENT-SEVERE|r=015	7e763935dfdf4c67	DT-I05-NST-v1|EXT|OPTIMISER|stream=7e763935dfdf4c67	fa1398ce46026649
OBLIQUE-RECURRENT-SEVERE	16	DT-I05-NST-v1|EXT|SOURCE|scenario=OBLIQUE-RECURRENT-SEVERE|r=016	ad89e3e35bc2ce5d	DT-I05-NST-v1|EXT|OPTIMISER|stream=ad89e3e35bc2ce5d	91a282d627f1c607
OBLIQUE-RECURRENT-SEVERE	17	DT-I05-NST-v1|EXT|SOURCE|scenario=OBLIQUE-RECURRENT-SEVERE|r=017	cc00fdf5ff566e63	DT-I05-NST-v1|EXT|OPTIMISER|stream=cc00fdf5ff566e63	773a31840ebf4fd8
OBLIQUE-RECURRENT-SEVERE	18	DT-I05-NST-v1|EXT|SOURCE|scenario=OBLIQUE-RECURRENT-SEVERE|r=018	a502901a601691f2	DT-I05-NST-v1|EXT|OPTIMISER|stream=a502901a601691f2	bad11433e50e8c8a
OBLIQUE-RECURRENT-SEVERE	19	DT-I05-NST-v1|EXT|SOURCE|scenario=OBLIQUE-RECURRENT-SEVERE|r=019	db3e10e6015fbfb2	DT-I05-NST-v1|EXT|OPTIMISER|stream=db3e10e6015fbfb2	9dd41f5601108a7e
OBLIQUE-RECURRENT-SEVERE	20	DT-I05-NST-v1|EXT|SOURCE|scenario=OBLIQUE-RECURRENT-SEVERE|r=020	80551a3aa65216d2	DT-I05-NST-v1|EXT|OPTIMISER|stream=80551a3aa65216d2	f48e08bcb4e055a7
OBLIQUE-RECURRENT-SEVERE	21	DT-I05-NST-v1|EXT|SOURCE|scenario=OBLIQUE-RECURRENT-SEVERE|r=021	6cdbd42c58600acc	DT-I05-NST-v1|EXT|OPTIMISER|stream=6cdbd42c58600acc	13c7035fe0c4ae1d
OBLIQUE-RECURRENT-SEVERE	22	DT-I05-NST-v1|EXT|SOURCE|scenario=OBLIQUE-RECURRENT-SEVERE|r=022	eb3a71c24144a866	DT-I05-NST-v1|EXT|OPTIMISER|stream=eb3a71c24144a866	e230777105e774c6
OBLIQUE-RECURRENT-SEVERE	23	DT-I05-NST-v1|EXT|SOURCE|scenario=OBLIQUE-RECURRENT-SEVERE|r=023	12bbd78b35c28355	DT-I05-NST-v1|EXT|OPTIMISER|stream=12bbd78b35c28355	babb9f2964cf1405
OBLIQUE-RECURRENT-SEVERE	24	DT-I05-NST-v1|EXT|SOURCE|scenario=OBLIQUE-RECURRENT-SEVERE|r=024	bfa203906a1ffa20	DT-I05-NST-v1|EXT|OPTIMISER|stream=bfa203906a1ffa20	50c40284d345b565
OBLIQUE-RECURRENT-SEVERE	25	DT-I05-NST-v1|EXT|SOURCE|scenario=OBLIQUE-RECURRENT-SEVERE|r=025	bef34df4e6175948	DT-I05-NST-v1|EXT|OPTIMISER|stream=bef34df4e6175948	9b1622f53ebc54df
OBLIQUE-RECURRENT-SEVERE	26	DT-I05-NST-v1|EXT|SOURCE|scenario=OBLIQUE-RECURRENT-SEVERE|r=026	57b528212916b4f8	DT-I05-NST-v1|EXT|OPTIMISER|stream=57b528212916b4f8	f28437962faecfa5
OBLIQUE-RECURRENT-SEVERE	27	DT-I05-NST-v1|EXT|SOURCE|scenario=OBLIQUE-RECURRENT-SEVERE|r=027	e171c471e89a8190	DT-I05-NST-v1|EXT|OPTIMISER|stream=e171c471e89a8190	f2698fb9be902858
OBLIQUE-RECURRENT-SEVERE	28	DT-I05-NST-v1|EXT|SOURCE|scenario=OBLIQUE-RECURRENT-SEVERE|r=028	378130beaf4b9905	DT-I05-NST-v1|EXT|OPTIMISER|stream=378130beaf4b9905	1bd04c113979149e
OBLIQUE-RECURRENT-SEVERE	29	DT-I05-NST-v1|EXT|SOURCE|scenario=OBLIQUE-RECURRENT-SEVERE|r=029	40f3397dffbfc3b5	DT-I05-NST-v1|EXT|OPTIMISER|stream=40f3397dffbfc3b5	4544563b552c27b8
OBLIQUE-RECURRENT-SEVERE	30	DT-I05-NST-v1|EXT|SOURCE|scenario=OBLIQUE-RECURRENT-SEVERE|r=030	354180b25fae2220	DT-I05-NST-v1|EXT|OPTIMISER|stream=354180b25fae2220	e154a19c1b99b058
OBLIQUE-RECURRENT-SEVERE	31	DT-I05-NST-v1|EXT|SOURCE|scenario=OBLIQUE-RECURRENT-SEVERE|r=031	781f630f959e6653	DT-I05-NST-v1|EXT|OPTIMISER|stream=781f630f959e6653	35dad15001c61baa
OBLIQUE-RECURRENT-SEVERE	32	DT-I05-NST-v1|EXT|SOURCE|scenario=OBLIQUE-RECURRENT-SEVERE|r=032	248ba9d04816a504	DT-I05-NST-v1|EXT|OPTIMISER|stream=248ba9d04816a504	75a6295b2aabc1e3
OBLIQUE-RECURRENT-SEVERE	33	DT-I05-NST-v1|EXT|SOURCE|scenario=OBLIQUE-RECURRENT-SEVERE|r=033	9a87898c6138252f	DT-I05-NST-v1|EXT|OPTIMISER|stream=9a87898c6138252f	1a0a2aed502b26bd
OBLIQUE-RECURRENT-SEVERE	34	DT-I05-NST-v1|EXT|SOURCE|scenario=OBLIQUE-RECURRENT-SEVERE|r=034	178e3ab7b08bb914	DT-I05-NST-v1|EXT|OPTIMISER|stream=178e3ab7b08bb914	590bf054b02b3cc1
OBLIQUE-RECURRENT-SEVERE	35	DT-I05-NST-v1|EXT|SOURCE|scenario=OBLIQUE-RECURRENT-SEVERE|r=035	ee015e9a16c4c8fe	DT-I05-NST-v1|EXT|OPTIMISER|stream=ee015e9a16c4c8fe	b82a00d0b5f3bbd5
OBLIQUE-RECURRENT-SEVERE	36	DT-I05-NST-v1|EXT|SOURCE|scenario=OBLIQUE-RECURRENT-SEVERE|r=036	cbc079ed39afc728	DT-I05-NST-v1|EXT|OPTIMISER|stream=cbc079ed39afc728	b19453562bfab3fe
OBLIQUE-RECURRENT-SEVERE	37	DT-I05-NST-v1|EXT|SOURCE|scenario=OBLIQUE-RECURRENT-SEVERE|r=037	62906672e224b706	DT-I05-NST-v1|EXT|OPTIMISER|stream=62906672e224b706	ac3a6c2f7c4667b1
OBLIQUE-RECURRENT-SEVERE	38	DT-I05-NST-v1|EXT|SOURCE|scenario=OBLIQUE-RECURRENT-SEVERE|r=038	f8170f677c158a95	DT-I05-NST-v1|EXT|OPTIMISER|stream=f8170f677c158a95	f3ca6ca6cf3af055
OBLIQUE-RECURRENT-SEVERE	39	DT-I05-NST-v1|EXT|SOURCE|scenario=OBLIQUE-RECURRENT-SEVERE|r=039	154f6d68b8428bd2	DT-I05-NST-v1|EXT|OPTIMISER|stream=154f6d68b8428bd2	ec145761bab4bbec
OBLIQUE-RECURRENT-SEVERE	40	DT-I05-NST-v1|EXT|SOURCE|scenario=OBLIQUE-RECURRENT-SEVERE|r=040	7c251186a44685ce	DT-I05-NST-v1|EXT|OPTIMISER|stream=7c251186a44685ce	89007ab4523f397b
OBLIQUE-RECURRENT-SEVERE	41	DT-I05-NST-v1|EXT|SOURCE|scenario=OBLIQUE-RECURRENT-SEVERE|r=041	f625015ec16aa296	DT-I05-NST-v1|EXT|OPTIMISER|stream=f625015ec16aa296	edb973f070c6da20
OBLIQUE-RECURRENT-SEVERE	42	DT-I05-NST-v1|EXT|SOURCE|scenario=OBLIQUE-RECURRENT-SEVERE|r=042	84cbf9144f8089b1	DT-I05-NST-v1|EXT|OPTIMISER|stream=84cbf9144f8089b1	5527f34f1f602935
OBLIQUE-RECURRENT-SEVERE	43	DT-I05-NST-v1|EXT|SOURCE|scenario=OBLIQUE-RECURRENT-SEVERE|r=043	414a9b8cd6b95f78	DT-I05-NST-v1|EXT|OPTIMISER|stream=414a9b8cd6b95f78	0429d4052f72031f
OBLIQUE-RECURRENT-SEVERE	44	DT-I05-NST-v1|EXT|SOURCE|scenario=OBLIQUE-RECURRENT-SEVERE|r=044	b16c68d55f24469a	DT-I05-NST-v1|EXT|OPTIMISER|stream=b16c68d55f24469a	be5cc8eb908c4ed8
OBLIQUE-RECURRENT-SEVERE	45	DT-I05-NST-v1|EXT|SOURCE|scenario=OBLIQUE-RECURRENT-SEVERE|r=045	6cd643dfc1e237f3	DT-I05-NST-v1|EXT|OPTIMISER|stream=6cd643dfc1e237f3	f77b37edfeefbc13
OBLIQUE-RECURRENT-SEVERE	46	DT-I05-NST-v1|EXT|SOURCE|scenario=OBLIQUE-RECURRENT-SEVERE|r=046	458c4d8b30238cc6	DT-I05-NST-v1|EXT|OPTIMISER|stream=458c4d8b30238cc6	8a2f84ce4ac556f8
OBLIQUE-RECURRENT-SEVERE	47	DT-I05-NST-v1|EXT|SOURCE|scenario=OBLIQUE-RECURRENT-SEVERE|r=047	a6ab42f8f992d9b2	DT-I05-NST-v1|EXT|OPTIMISER|stream=a6ab42f8f992d9b2	33e65e58718bdb34
OBLIQUE-RECURRENT-SEVERE	48	DT-I05-NST-v1|EXT|SOURCE|scenario=OBLIQUE-RECURRENT-SEVERE|r=048	6d2651edef432d58	DT-I05-NST-v1|EXT|OPTIMISER|stream=6d2651edef432d58	1039d39ae8750c88
OBLIQUE-RECURRENT-SEVERE	49	DT-I05-NST-v1|EXT|SOURCE|scenario=OBLIQUE-RECURRENT-SEVERE|r=049	d54536934dc4eebd	DT-I05-NST-v1|EXT|OPTIMISER|stream=d54536934dc4eebd	a68f88d396053c1e
OBLIQUE-RECURRENT-SEVERE	50	DT-I05-NST-v1|EXT|SOURCE|scenario=OBLIQUE-RECURRENT-SEVERE|r=050	953a8d2d6a8e9d05	DT-I05-NST-v1|EXT|OPTIMISER|stream=953a8d2d6a8e9d05	d76171f6c3779b03
OBLIQUE-RECURRENT-SEVERE	51	DT-I05-NST-v1|EXT|SOURCE|scenario=OBLIQUE-RECURRENT-SEVERE|r=051	6455e1db651772b8	DT-I05-NST-v1|EXT|OPTIMISER|stream=6455e1db651772b8	aac8b002112586bb
OBLIQUE-RECURRENT-SEVERE	52	DT-I05-NST-v1|EXT|SOURCE|scenario=OBLIQUE-RECURRENT-SEVERE|r=052	7860b02ac2d6d8a9	DT-I05-NST-v1|EXT|OPTIMISER|stream=7860b02ac2d6d8a9	b0418a9bce74dcb7
OBLIQUE-RECURRENT-SEVERE	53	DT-I05-NST-v1|EXT|SOURCE|scenario=OBLIQUE-RECURRENT-SEVERE|r=053	ac6bc918f2667c6f	DT-I05-NST-v1|EXT|OPTIMISER|stream=ac6bc918f2667c6f	72bad1cf4d74b4e4
OBLIQUE-RECURRENT-SEVERE	54	DT-I05-NST-v1|EXT|SOURCE|scenario=OBLIQUE-RECURRENT-SEVERE|r=054	15358769e6e71fb6	DT-I05-NST-v1|EXT|OPTIMISER|stream=15358769e6e71fb6	697e97340d37e0f3
OBLIQUE-RECURRENT-SEVERE	55	DT-I05-NST-v1|EXT|SOURCE|scenario=OBLIQUE-RECURRENT-SEVERE|r=055	bc0033c91abf1b12	DT-I05-NST-v1|EXT|OPTIMISER|stream=bc0033c91abf1b12	c5cc3f056c1088a1
OBLIQUE-RECURRENT-SEVERE	56	DT-I05-NST-v1|EXT|SOURCE|scenario=OBLIQUE-RECURRENT-SEVERE|r=056	2911836db665aeb1	DT-I05-NST-v1|EXT|OPTIMISER|stream=2911836db665aeb1	d03a5478e1866774
OBLIQUE-RECURRENT-SEVERE	57	DT-I05-NST-v1|EXT|SOURCE|scenario=OBLIQUE-RECURRENT-SEVERE|r=057	7581f6bb7a87e56a	DT-I05-NST-v1|EXT|OPTIMISER|stream=7581f6bb7a87e56a	76ac52139f1eb68e
OBLIQUE-RECURRENT-SEVERE	58	DT-I05-NST-v1|EXT|SOURCE|scenario=OBLIQUE-RECURRENT-SEVERE|r=058	80183c7538d3880a	DT-I05-NST-v1|EXT|OPTIMISER|stream=80183c7538d3880a	db14a88758e033fa
OBLIQUE-RECURRENT-SEVERE	59	DT-I05-NST-v1|EXT|SOURCE|scenario=OBLIQUE-RECURRENT-SEVERE|r=059	876dc06db06de9ac	DT-I05-NST-v1|EXT|OPTIMISER|stream=876dc06db06de9ac	ba5567e559862a77
OBLIQUE-RECURRENT-SEVERE	60	DT-I05-NST-v1|EXT|SOURCE|scenario=OBLIQUE-RECURRENT-SEVERE|r=060	c03c57b8aab822a0	DT-I05-NST-v1|EXT|OPTIMISER|stream=c03c57b8aab822a0	f444cb496da42a4c
OBLIQUE-RECURRENT-SEVERE	61	DT-I05-NST-v1|EXT|SOURCE|scenario=OBLIQUE-RECURRENT-SEVERE|r=061	64e6679148b44dc4	DT-I05-NST-v1|EXT|OPTIMISER|stream=64e6679148b44dc4	ad744c17038a2a2a
OBLIQUE-RECURRENT-SEVERE	62	DT-I05-NST-v1|EXT|SOURCE|scenario=OBLIQUE-RECURRENT-SEVERE|r=062	253d6fa59ad3b790	DT-I05-NST-v1|EXT|OPTIMISER|stream=253d6fa59ad3b790	f2e16eaef34e8320
OBLIQUE-RECURRENT-SEVERE	63	DT-I05-NST-v1|EXT|SOURCE|scenario=OBLIQUE-RECURRENT-SEVERE|r=063	4605221f29d19c7c	DT-I05-NST-v1|EXT|OPTIMISER|stream=4605221f29d19c7c	f6c427619e4467db
OBLIQUE-RECURRENT-SEVERE	64	DT-I05-NST-v1|EXT|SOURCE|scenario=OBLIQUE-RECURRENT-SEVERE|r=064	4c770aa345c6d22c	DT-I05-NST-v1|EXT|OPTIMISER|stream=4c770aa345c6d22c	82bbb8e547737ff7
OBLIQUE-RECURRENT-SEVERE	65	DT-I05-NST-v1|EXT|SOURCE|scenario=OBLIQUE-RECURRENT-SEVERE|r=065	ea8d240a668d37fa	DT-I05-NST-v1|EXT|OPTIMISER|stream=ea8d240a668d37fa	32020ce309aa1140
OBLIQUE-RECURRENT-SEVERE	66	DT-I05-NST-v1|EXT|SOURCE|scenario=OBLIQUE-RECURRENT-SEVERE|r=066	e5f87615f17cff95	DT-I05-NST-v1|EXT|OPTIMISER|stream=e5f87615f17cff95	4045a4031d52414a
OBLIQUE-RECURRENT-SEVERE	67	DT-I05-NST-v1|EXT|SOURCE|scenario=OBLIQUE-RECURRENT-SEVERE|r=067	a26eb6bf1186ce8b	DT-I05-NST-v1|EXT|OPTIMISER|stream=a26eb6bf1186ce8b	12d9b110290db6d2
OBLIQUE-RECURRENT-SEVERE	68	DT-I05-NST-v1|EXT|SOURCE|scenario=OBLIQUE-RECURRENT-SEVERE|r=068	bdfba0c9508f5d85	DT-I05-NST-v1|EXT|OPTIMISER|stream=bdfba0c9508f5d85	b7ef3f8f99f0a3c4
OBLIQUE-RECURRENT-SEVERE	69	DT-I05-NST-v1|EXT|SOURCE|scenario=OBLIQUE-RECURRENT-SEVERE|r=069	d11e452dcfaae758	DT-I05-NST-v1|EXT|OPTIMISER|stream=d11e452dcfaae758	71ca453a9ddcaf3f
OBLIQUE-RECURRENT-SEVERE	70	DT-I05-NST-v1|EXT|SOURCE|scenario=OBLIQUE-RECURRENT-SEVERE|r=070	7395299c7c620eae	DT-I05-NST-v1|EXT|OPTIMISER|stream=7395299c7c620eae	87176420cbd8b5dd
OBLIQUE-RECURRENT-SEVERE	71	DT-I05-NST-v1|EXT|SOURCE|scenario=OBLIQUE-RECURRENT-SEVERE|r=071	71ff402109c56be1	DT-I05-NST-v1|EXT|OPTIMISER|stream=71ff402109c56be1	d816371c1a201129
OBLIQUE-RECURRENT-SEVERE	72	DT-I05-NST-v1|EXT|SOURCE|scenario=OBLIQUE-RECURRENT-SEVERE|r=072	6410de98b56be36d	DT-I05-NST-v1|EXT|OPTIMISER|stream=6410de98b56be36d	ff8fc06309b00fdd
OBLIQUE-RECURRENT-SEVERE	73	DT-I05-NST-v1|EXT|SOURCE|scenario=OBLIQUE-RECURRENT-SEVERE|r=073	cc34f1decba7a206	DT-I05-NST-v1|EXT|OPTIMISER|stream=cc34f1decba7a206	ca8354032587c92e
OBLIQUE-RECURRENT-SEVERE	74	DT-I05-NST-v1|EXT|SOURCE|scenario=OBLIQUE-RECURRENT-SEVERE|r=074	c7942ef85e488543	DT-I05-NST-v1|EXT|OPTIMISER|stream=c7942ef85e488543	6fecc496581f8c21
OBLIQUE-RECURRENT-SEVERE	75	DT-I05-NST-v1|EXT|SOURCE|scenario=OBLIQUE-RECURRENT-SEVERE|r=075	4ef691819e142d86	DT-I05-NST-v1|EXT|OPTIMISER|stream=4ef691819e142d86	2baca2866cfcf3c8
OBLIQUE-RECURRENT-SEVERE	76	DT-I05-NST-v1|EXT|SOURCE|scenario=OBLIQUE-RECURRENT-SEVERE|r=076	9fb9b86afbd287bb	DT-I05-NST-v1|EXT|OPTIMISER|stream=9fb9b86afbd287bb	41f00f9a76b8c7e7
OBLIQUE-RECURRENT-SEVERE	77	DT-I05-NST-v1|EXT|SOURCE|scenario=OBLIQUE-RECURRENT-SEVERE|r=077	b6b696eb8926b4c7	DT-I05-NST-v1|EXT|OPTIMISER|stream=b6b696eb8926b4c7	aec3779225adae73
OBLIQUE-RECURRENT-SEVERE	78	DT-I05-NST-v1|EXT|SOURCE|scenario=OBLIQUE-RECURRENT-SEVERE|r=078	6c9bfac5f2c228a6	DT-I05-NST-v1|EXT|OPTIMISER|stream=6c9bfac5f2c228a6	6c4c5080a6b33164
OBLIQUE-RECURRENT-SEVERE	79	DT-I05-NST-v1|EXT|SOURCE|scenario=OBLIQUE-RECURRENT-SEVERE|r=079	05d4b7406939f354	DT-I05-NST-v1|EXT|OPTIMISER|stream=05d4b7406939f354	09b3fa4fb3ca3b23
OBLIQUE-STATIONARY-NONE	0	DT-I05-NST-v1|EXT|SOURCE|scenario=OBLIQUE-STATIONARY-NONE|r=000	b3c5311441ea99e7	DT-I05-NST-v1|EXT|OPTIMISER|stream=b3c5311441ea99e7	9b8d4f25b57f8737
OBLIQUE-STATIONARY-NONE	1	DT-I05-NST-v1|EXT|SOURCE|scenario=OBLIQUE-STATIONARY-NONE|r=001	50cb102bb0856683	DT-I05-NST-v1|EXT|OPTIMISER|stream=50cb102bb0856683	87c7ec0664728ce2
OBLIQUE-STATIONARY-NONE	2	DT-I05-NST-v1|EXT|SOURCE|scenario=OBLIQUE-STATIONARY-NONE|r=002	0f50c6e560e79e6d	DT-I05-NST-v1|EXT|OPTIMISER|stream=0f50c6e560e79e6d	e858a4a28432fc46
OBLIQUE-STATIONARY-NONE	3	DT-I05-NST-v1|EXT|SOURCE|scenario=OBLIQUE-STATIONARY-NONE|r=003	1e0dae469a6fc13e	DT-I05-NST-v1|EXT|OPTIMISER|stream=1e0dae469a6fc13e	065d069ac95ff062
OBLIQUE-STATIONARY-NONE	4	DT-I05-NST-v1|EXT|SOURCE|scenario=OBLIQUE-STATIONARY-NONE|r=004	54b79ea3373d62d4	DT-I05-NST-v1|EXT|OPTIMISER|stream=54b79ea3373d62d4	4de828d0cb940741
OBLIQUE-STATIONARY-NONE	5	DT-I05-NST-v1|EXT|SOURCE|scenario=OBLIQUE-STATIONARY-NONE|r=005	bf3c0b5dcea68509	DT-I05-NST-v1|EXT|OPTIMISER|stream=bf3c0b5dcea68509	d671592b3fcd7887
OBLIQUE-STATIONARY-NONE	6	DT-I05-NST-v1|EXT|SOURCE|scenario=OBLIQUE-STATIONARY-NONE|r=006	a8c72695c6cf72be	DT-I05-NST-v1|EXT|OPTIMISER|stream=a8c72695c6cf72be	e1e0b4d5bdfc3275
OBLIQUE-STATIONARY-NONE	7	DT-I05-NST-v1|EXT|SOURCE|scenario=OBLIQUE-STATIONARY-NONE|r=007	3235b757669b23fe	DT-I05-NST-v1|EXT|OPTIMISER|stream=3235b757669b23fe	5e527662d9aabb69
OBLIQUE-STATIONARY-NONE	8	DT-I05-NST-v1|EXT|SOURCE|scenario=OBLIQUE-STATIONARY-NONE|r=008	bdb7fefc7cd59753	DT-I05-NST-v1|EXT|OPTIMISER|stream=bdb7fefc7cd59753	c7db37a2e0a74390
OBLIQUE-STATIONARY-NONE	9	DT-I05-NST-v1|EXT|SOURCE|scenario=OBLIQUE-STATIONARY-NONE|r=009	d7e64f0fbb3028d4	DT-I05-NST-v1|EXT|OPTIMISER|stream=d7e64f0fbb3028d4	7a290ac57aa4e308
OBLIQUE-STATIONARY-NONE	10	DT-I05-NST-v1|EXT|SOURCE|scenario=OBLIQUE-STATIONARY-NONE|r=010	ff59f0cfab761df6	DT-I05-NST-v1|EXT|OPTIMISER|stream=ff59f0cfab761df6	a37b0fe6e7acdd7a
OBLIQUE-STATIONARY-NONE	11	DT-I05-NST-v1|EXT|SOURCE|scenario=OBLIQUE-STATIONARY-NONE|r=011	4796aca75345cb65	DT-I05-NST-v1|EXT|OPTIMISER|stream=4796aca75345cb65	3332c0d9c5def169
OBLIQUE-STATIONARY-NONE	12	DT-I05-NST-v1|EXT|SOURCE|scenario=OBLIQUE-STATIONARY-NONE|r=012	08c0fd753691aabb	DT-I05-NST-v1|EXT|OPTIMISER|stream=08c0fd753691aabb	f493e1f58db68fd6
OBLIQUE-STATIONARY-NONE	13	DT-I05-NST-v1|EXT|SOURCE|scenario=OBLIQUE-STATIONARY-NONE|r=013	40ecc1eff5b6223c	DT-I05-NST-v1|EXT|OPTIMISER|stream=40ecc1eff5b6223c	eac3bb61974371e4
OBLIQUE-STATIONARY-NONE	14	DT-I05-NST-v1|EXT|SOURCE|scenario=OBLIQUE-STATIONARY-NONE|r=014	099bacce14725b14	DT-I05-NST-v1|EXT|OPTIMISER|stream=099bacce14725b14	94a99c7fa7f6e4c1
OBLIQUE-STATIONARY-NONE	15	DT-I05-NST-v1|EXT|SOURCE|scenario=OBLIQUE-STATIONARY-NONE|r=015	4942be014dcba24d	DT-I05-NST-v1|EXT|OPTIMISER|stream=4942be014dcba24d	22505f2b6cdb61b1
OBLIQUE-STATIONARY-NONE	16	DT-I05-NST-v1|EXT|SOURCE|scenario=OBLIQUE-STATIONARY-NONE|r=016	7f4f70da2fe46ae4	DT-I05-NST-v1|EXT|OPTIMISER|stream=7f4f70da2fe46ae4	3190b6505e17c8ba
OBLIQUE-STATIONARY-NONE	17	DT-I05-NST-v1|EXT|SOURCE|scenario=OBLIQUE-STATIONARY-NONE|r=017	15105c3ef523d549	DT-I05-NST-v1|EXT|OPTIMISER|stream=15105c3ef523d549	36cf1f54130a00b7
OBLIQUE-STATIONARY-NONE	18	DT-I05-NST-v1|EXT|SOURCE|scenario=OBLIQUE-STATIONARY-NONE|r=018	208a13b9f75a8756	DT-I05-NST-v1|EXT|OPTIMISER|stream=208a13b9f75a8756	897f1443afb89eda
OBLIQUE-STATIONARY-NONE	19	DT-I05-NST-v1|EXT|SOURCE|scenario=OBLIQUE-STATIONARY-NONE|r=019	9d24282ece636373	DT-I05-NST-v1|EXT|OPTIMISER|stream=9d24282ece636373	f57c8e128860b7a9
OBLIQUE-STATIONARY-NONE	20	DT-I05-NST-v1|EXT|SOURCE|scenario=OBLIQUE-STATIONARY-NONE|r=020	413f10e9bb1f129a	DT-I05-NST-v1|EXT|OPTIMISER|stream=413f10e9bb1f129a	e7c3f3bce8a3f114
OBLIQUE-STATIONARY-NONE	21	DT-I05-NST-v1|EXT|SOURCE|scenario=OBLIQUE-STATIONARY-NONE|r=021	1f46c102f272c59b	DT-I05-NST-v1|EXT|OPTIMISER|stream=1f46c102f272c59b	249d4d19f8c2d156
OBLIQUE-STATIONARY-NONE	22	DT-I05-NST-v1|EXT|SOURCE|scenario=OBLIQUE-STATIONARY-NONE|r=022	00e14e03d6cd8298	DT-I05-NST-v1|EXT|OPTIMISER|stream=00e14e03d6cd8298	d8d0b0dad82e822b
OBLIQUE-STATIONARY-NONE	23	DT-I05-NST-v1|EXT|SOURCE|scenario=OBLIQUE-STATIONARY-NONE|r=023	160a50c3c8c14cb2	DT-I05-NST-v1|EXT|OPTIMISER|stream=160a50c3c8c14cb2	d99d29aa1a688e74
OBLIQUE-STATIONARY-NONE	24	DT-I05-NST-v1|EXT|SOURCE|scenario=OBLIQUE-STATIONARY-NONE|r=024	02ff53cf2c186289	DT-I05-NST-v1|EXT|OPTIMISER|stream=02ff53cf2c186289	c2ef82bf5bf16fb4
OBLIQUE-STATIONARY-NONE	25	DT-I05-NST-v1|EXT|SOURCE|scenario=OBLIQUE-STATIONARY-NONE|r=025	3ddd9442c00734c1	DT-I05-NST-v1|EXT|OPTIMISER|stream=3ddd9442c00734c1	b2609adb9b918c4e
OBLIQUE-STATIONARY-NONE	26	DT-I05-NST-v1|EXT|SOURCE|scenario=OBLIQUE-STATIONARY-NONE|r=026	194d796dd9cdd7b0	DT-I05-NST-v1|EXT|OPTIMISER|stream=194d796dd9cdd7b0	252efcce0d7ebb99
OBLIQUE-STATIONARY-NONE	27	DT-I05-NST-v1|EXT|SOURCE|scenario=OBLIQUE-STATIONARY-NONE|r=027	f24991a61608b0a8	DT-I05-NST-v1|EXT|OPTIMISER|stream=f24991a61608b0a8	298d8b83a2f24bd4
OBLIQUE-STATIONARY-NONE	28	DT-I05-NST-v1|EXT|SOURCE|scenario=OBLIQUE-STATIONARY-NONE|r=028	147a634918408388	DT-I05-NST-v1|EXT|OPTIMISER|stream=147a634918408388	24380b634d775685
OBLIQUE-STATIONARY-NONE	29	DT-I05-NST-v1|EXT|SOURCE|scenario=OBLIQUE-STATIONARY-NONE|r=029	0853673dfa48dda8	DT-I05-NST-v1|EXT|OPTIMISER|stream=0853673dfa48dda8	2067aef41021b724
OBLIQUE-STATIONARY-NONE	30	DT-I05-NST-v1|EXT|SOURCE|scenario=OBLIQUE-STATIONARY-NONE|r=030	490cd89184cf5cd1	DT-I05-NST-v1|EXT|OPTIMISER|stream=490cd89184cf5cd1	12b55a2ef0eb000b
OBLIQUE-STATIONARY-NONE	31	DT-I05-NST-v1|EXT|SOURCE|scenario=OBLIQUE-STATIONARY-NONE|r=031	4345bcc9c36325fb	DT-I05-NST-v1|EXT|OPTIMISER|stream=4345bcc9c36325fb	d5c491163572ae6c
OBLIQUE-STATIONARY-NONE	32	DT-I05-NST-v1|EXT|SOURCE|scenario=OBLIQUE-STATIONARY-NONE|r=032	ff4af7c20ebb28e5	DT-I05-NST-v1|EXT|OPTIMISER|stream=ff4af7c20ebb28e5	cdd078ab84b80cba
OBLIQUE-STATIONARY-NONE	33	DT-I05-NST-v1|EXT|SOURCE|scenario=OBLIQUE-STATIONARY-NONE|r=033	25ed20a2631a0bfb	DT-I05-NST-v1|EXT|OPTIMISER|stream=25ed20a2631a0bfb	160f5fb9bc671fe5
OBLIQUE-STATIONARY-NONE	34	DT-I05-NST-v1|EXT|SOURCE|scenario=OBLIQUE-STATIONARY-NONE|r=034	3bd5ac62036ad5ce	DT-I05-NST-v1|EXT|OPTIMISER|stream=3bd5ac62036ad5ce	0118f35bc6a5e1b0
OBLIQUE-STATIONARY-NONE	35	DT-I05-NST-v1|EXT|SOURCE|scenario=OBLIQUE-STATIONARY-NONE|r=035	be4fbb0957814eb5	DT-I05-NST-v1|EXT|OPTIMISER|stream=be4fbb0957814eb5	baf54fa083a1e3af
OBLIQUE-STATIONARY-NONE	36	DT-I05-NST-v1|EXT|SOURCE|scenario=OBLIQUE-STATIONARY-NONE|r=036	87dd90e1e4b2cdfd	DT-I05-NST-v1|EXT|OPTIMISER|stream=87dd90e1e4b2cdfd	96d3a8bf9090381e
OBLIQUE-STATIONARY-NONE	37	DT-I05-NST-v1|EXT|SOURCE|scenario=OBLIQUE-STATIONARY-NONE|r=037	f00505c3b23f0e4c	DT-I05-NST-v1|EXT|OPTIMISER|stream=f00505c3b23f0e4c	c00691119e5b53ea
OBLIQUE-STATIONARY-NONE	38	DT-I05-NST-v1|EXT|SOURCE|scenario=OBLIQUE-STATIONARY-NONE|r=038	5c72b4b8e00d19a8	DT-I05-NST-v1|EXT|OPTIMISER|stream=5c72b4b8e00d19a8	3b326ca3595e4301
OBLIQUE-STATIONARY-NONE	39	DT-I05-NST-v1|EXT|SOURCE|scenario=OBLIQUE-STATIONARY-NONE|r=039	9c8c9ef51859306d	DT-I05-NST-v1|EXT|OPTIMISER|stream=9c8c9ef51859306d	93aef23a16ee91d4
OBLIQUE-STATIONARY-NONE	40	DT-I05-NST-v1|EXT|SOURCE|scenario=OBLIQUE-STATIONARY-NONE|r=040	6adf443f7d2e630a	DT-I05-NST-v1|EXT|OPTIMISER|stream=6adf443f7d2e630a	54374e977198b2fe
OBLIQUE-STATIONARY-NONE	41	DT-I05-NST-v1|EXT|SOURCE|scenario=OBLIQUE-STATIONARY-NONE|r=041	71db8f79163b1b8e	DT-I05-NST-v1|EXT|OPTIMISER|stream=71db8f79163b1b8e	b4cf568df5b6600f
OBLIQUE-STATIONARY-NONE	42	DT-I05-NST-v1|EXT|SOURCE|scenario=OBLIQUE-STATIONARY-NONE|r=042	7eddc0a9f22ca70f	DT-I05-NST-v1|EXT|OPTIMISER|stream=7eddc0a9f22ca70f	4f703b10de3b0dbc
OBLIQUE-STATIONARY-NONE	43	DT-I05-NST-v1|EXT|SOURCE|scenario=OBLIQUE-STATIONARY-NONE|r=043	77c9ce092cf469d0	DT-I05-NST-v1|EXT|OPTIMISER|stream=77c9ce092cf469d0	a342e0e6b21e042e
OBLIQUE-STATIONARY-NONE	44	DT-I05-NST-v1|EXT|SOURCE|scenario=OBLIQUE-STATIONARY-NONE|r=044	fa96366182fd0203	DT-I05-NST-v1|EXT|OPTIMISER|stream=fa96366182fd0203	fdc9615f1cf14e5e
OBLIQUE-STATIONARY-NONE	45	DT-I05-NST-v1|EXT|SOURCE|scenario=OBLIQUE-STATIONARY-NONE|r=045	8baf433b05bae0fc	DT-I05-NST-v1|EXT|OPTIMISER|stream=8baf433b05bae0fc	cd09f35fab232f0f
OBLIQUE-STATIONARY-NONE	46	DT-I05-NST-v1|EXT|SOURCE|scenario=OBLIQUE-STATIONARY-NONE|r=046	3f6cce3b7cc7e80f	DT-I05-NST-v1|EXT|OPTIMISER|stream=3f6cce3b7cc7e80f	feb3999af23c82ee
OBLIQUE-STATIONARY-NONE	47	DT-I05-NST-v1|EXT|SOURCE|scenario=OBLIQUE-STATIONARY-NONE|r=047	690c47b5e0570830	DT-I05-NST-v1|EXT|OPTIMISER|stream=690c47b5e0570830	0f48784fb0b47340
OBLIQUE-STATIONARY-NONE	48	DT-I05-NST-v1|EXT|SOURCE|scenario=OBLIQUE-STATIONARY-NONE|r=048	35c1c80a78cf7f64	DT-I05-NST-v1|EXT|OPTIMISER|stream=35c1c80a78cf7f64	e9e29d2923499254
OBLIQUE-STATIONARY-NONE	49	DT-I05-NST-v1|EXT|SOURCE|scenario=OBLIQUE-STATIONARY-NONE|r=049	a19b88f86fea3078	DT-I05-NST-v1|EXT|OPTIMISER|stream=a19b88f86fea3078	d2211aac64c92e8b
OBLIQUE-STATIONARY-NONE	50	DT-I05-NST-v1|EXT|SOURCE|scenario=OBLIQUE-STATIONARY-NONE|r=050	134efb651b1eec66	DT-I05-NST-v1|EXT|OPTIMISER|stream=134efb651b1eec66	4743ac6856008fdf
OBLIQUE-STATIONARY-NONE	51	DT-I05-NST-v1|EXT|SOURCE|scenario=OBLIQUE-STATIONARY-NONE|r=051	479e688f23592b5d	DT-I05-NST-v1|EXT|OPTIMISER|stream=479e688f23592b5d	578e9ac1d40d98ee
OBLIQUE-STATIONARY-NONE	52	DT-I05-NST-v1|EXT|SOURCE|scenario=OBLIQUE-STATIONARY-NONE|r=052	dee10d52ffc8fc2f	DT-I05-NST-v1|EXT|OPTIMISER|stream=dee10d52ffc8fc2f	416e869720009f38
OBLIQUE-STATIONARY-NONE	53	DT-I05-NST-v1|EXT|SOURCE|scenario=OBLIQUE-STATIONARY-NONE|r=053	4e4aa15e565e2c35	DT-I05-NST-v1|EXT|OPTIMISER|stream=4e4aa15e565e2c35	b58f8c5a6657f2a4
OBLIQUE-STATIONARY-NONE	54	DT-I05-NST-v1|EXT|SOURCE|scenario=OBLIQUE-STATIONARY-NONE|r=054	4761decabff1eb44	DT-I05-NST-v1|EXT|OPTIMISER|stream=4761decabff1eb44	d0f9cb537e770502
OBLIQUE-STATIONARY-NONE	55	DT-I05-NST-v1|EXT|SOURCE|scenario=OBLIQUE-STATIONARY-NONE|r=055	3ec9a0292278bd32	DT-I05-NST-v1|EXT|OPTIMISER|stream=3ec9a0292278bd32	d6c9dbacc430be84
OBLIQUE-STATIONARY-NONE	56	DT-I05-NST-v1|EXT|SOURCE|scenario=OBLIQUE-STATIONARY-NONE|r=056	4a4942e87816dff9	DT-I05-NST-v1|EXT|OPTIMISER|stream=4a4942e87816dff9	4b4f7f7a8ad68788
OBLIQUE-STATIONARY-NONE	57	DT-I05-NST-v1|EXT|SOURCE|scenario=OBLIQUE-STATIONARY-NONE|r=057	ba5436a70fefcda5	DT-I05-NST-v1|EXT|OPTIMISER|stream=ba5436a70fefcda5	f9c84105bbdaa974
OBLIQUE-STATIONARY-NONE	58	DT-I05-NST-v1|EXT|SOURCE|scenario=OBLIQUE-STATIONARY-NONE|r=058	5a3dc0ff5d29ece2	DT-I05-NST-v1|EXT|OPTIMISER|stream=5a3dc0ff5d29ece2	1bdd6cb46bb2bac0
OBLIQUE-STATIONARY-NONE	59	DT-I05-NST-v1|EXT|SOURCE|scenario=OBLIQUE-STATIONARY-NONE|r=059	41ef53ca5a769e41	DT-I05-NST-v1|EXT|OPTIMISER|stream=41ef53ca5a769e41	f053ae6829683fe6
OBLIQUE-STATIONARY-NONE	60	DT-I05-NST-v1|EXT|SOURCE|scenario=OBLIQUE-STATIONARY-NONE|r=060	b89ac5287b6d8b6e	DT-I05-NST-v1|EXT|OPTIMISER|stream=b89ac5287b6d8b6e	d31a9364d0bd7e9b
OBLIQUE-STATIONARY-NONE	61	DT-I05-NST-v1|EXT|SOURCE|scenario=OBLIQUE-STATIONARY-NONE|r=061	8f3e21e28584baee	DT-I05-NST-v1|EXT|OPTIMISER|stream=8f3e21e28584baee	cfa500317e87ad1a
OBLIQUE-STATIONARY-NONE	62	DT-I05-NST-v1|EXT|SOURCE|scenario=OBLIQUE-STATIONARY-NONE|r=062	fd111804d8aafa28	DT-I05-NST-v1|EXT|OPTIMISER|stream=fd111804d8aafa28	1f23d81be6576281
OBLIQUE-STATIONARY-NONE	63	DT-I05-NST-v1|EXT|SOURCE|scenario=OBLIQUE-STATIONARY-NONE|r=063	c1745895dcc7fc4a	DT-I05-NST-v1|EXT|OPTIMISER|stream=c1745895dcc7fc4a	d4579666ae35d6e6
OBLIQUE-STATIONARY-NONE	64	DT-I05-NST-v1|EXT|SOURCE|scenario=OBLIQUE-STATIONARY-NONE|r=064	7be0f147203bba31	DT-I05-NST-v1|EXT|OPTIMISER|stream=7be0f147203bba31	feda57972ab3bbd3
OBLIQUE-STATIONARY-NONE	65	DT-I05-NST-v1|EXT|SOURCE|scenario=OBLIQUE-STATIONARY-NONE|r=065	25e46073e3b505ed	DT-I05-NST-v1|EXT|OPTIMISER|stream=25e46073e3b505ed	9804ff4cddaf5c05
OBLIQUE-STATIONARY-NONE	66	DT-I05-NST-v1|EXT|SOURCE|scenario=OBLIQUE-STATIONARY-NONE|r=066	56ee66c65c501534	DT-I05-NST-v1|EXT|OPTIMISER|stream=56ee66c65c501534	d9757d584ce39b7b
OBLIQUE-STATIONARY-NONE	67	DT-I05-NST-v1|EXT|SOURCE|scenario=OBLIQUE-STATIONARY-NONE|r=067	efff7a4b726864d0	DT-I05-NST-v1|EXT|OPTIMISER|stream=efff7a4b726864d0	8f0d137bd306dba5
OBLIQUE-STATIONARY-NONE	68	DT-I05-NST-v1|EXT|SOURCE|scenario=OBLIQUE-STATIONARY-NONE|r=068	d4afe454153015c9	DT-I05-NST-v1|EXT|OPTIMISER|stream=d4afe454153015c9	4eb0cb048d09ca3e
OBLIQUE-STATIONARY-NONE	69	DT-I05-NST-v1|EXT|SOURCE|scenario=OBLIQUE-STATIONARY-NONE|r=069	43d914fad2de3816	DT-I05-NST-v1|EXT|OPTIMISER|stream=43d914fad2de3816	2550d2d9233837f4
OBLIQUE-STATIONARY-NONE	70	DT-I05-NST-v1|EXT|SOURCE|scenario=OBLIQUE-STATIONARY-NONE|r=070	f41654fd1287efb3	DT-I05-NST-v1|EXT|OPTIMISER|stream=f41654fd1287efb3	c6d49e244896ab70
OBLIQUE-STATIONARY-NONE	71	DT-I05-NST-v1|EXT|SOURCE|scenario=OBLIQUE-STATIONARY-NONE|r=071	fc53f7cb9b575344	DT-I05-NST-v1|EXT|OPTIMISER|stream=fc53f7cb9b575344	5403a96827639be8
OBLIQUE-STATIONARY-NONE	72	DT-I05-NST-v1|EXT|SOURCE|scenario=OBLIQUE-STATIONARY-NONE|r=072	120fbc16c7adb880	DT-I05-NST-v1|EXT|OPTIMISER|stream=120fbc16c7adb880	30bc76129e2b5b67
OBLIQUE-STATIONARY-NONE	73	DT-I05-NST-v1|EXT|SOURCE|scenario=OBLIQUE-STATIONARY-NONE|r=073	66063b3a40af42be	DT-I05-NST-v1|EXT|OPTIMISER|stream=66063b3a40af42be	ba8872e4c8ed1cd3
OBLIQUE-STATIONARY-NONE	74	DT-I05-NST-v1|EXT|SOURCE|scenario=OBLIQUE-STATIONARY-NONE|r=074	906eac5232117436	DT-I05-NST-v1|EXT|OPTIMISER|stream=906eac5232117436	77be51dd091fdcf6
OBLIQUE-STATIONARY-NONE	75	DT-I05-NST-v1|EXT|SOURCE|scenario=OBLIQUE-STATIONARY-NONE|r=075	594ff4e5c4de9e9c	DT-I05-NST-v1|EXT|OPTIMISER|stream=594ff4e5c4de9e9c	bf4859a4d7b98bea
OBLIQUE-STATIONARY-NONE	76	DT-I05-NST-v1|EXT|SOURCE|scenario=OBLIQUE-STATIONARY-NONE|r=076	f6291bf850821ac2	DT-I05-NST-v1|EXT|OPTIMISER|stream=f6291bf850821ac2	e0dda027434d99e2
OBLIQUE-STATIONARY-NONE	77	DT-I05-NST-v1|EXT|SOURCE|scenario=OBLIQUE-STATIONARY-NONE|r=077	1aae5cbe575492ac	DT-I05-NST-v1|EXT|OPTIMISER|stream=1aae5cbe575492ac	79672f1e1e4d143c
OBLIQUE-STATIONARY-NONE	78	DT-I05-NST-v1|EXT|SOURCE|scenario=OBLIQUE-STATIONARY-NONE|r=078	228577ac7820f35f	DT-I05-NST-v1|EXT|OPTIMISER|stream=228577ac7820f35f	fa2bc362cdc33f5e
OBLIQUE-STATIONARY-NONE	79	DT-I05-NST-v1|EXT|SOURCE|scenario=OBLIQUE-STATIONARY-NONE|r=079	8582d04b948ad25e	DT-I05-NST-v1|EXT|OPTIMISER|stream=8582d04b948ad25e	70537dfa738af925
